{"rollout/ep_rew_mean": -15237246.43685975, "rollout/ep_len_mean": 523.75, "time/fps": 2046, "time/time_elapsed": 4, "time/total_timesteps": 10000}
{"rollout/ep_rew_mean": -20079105.557236332, "rollout/ep_len_mean": 682.5, "time/fps": 2140, "time/time_elapsed": 9, "time/total_timesteps": 20000}
{"rollout/ep_rew_mean": -23339134.95946778, "rollout/ep_len_mean": 788.3333333333334, "time/fps": 2174, "time/time_elapsed": 13, "time/total_timesteps": 30000}
{"rollout/ep_rew_mean": -24529227.542067364, "rollout/ep_len_mean": 826.8181818181819, "time/fps": 2185, "time/time_elapsed": 18, "time/total_timesteps": 40000}
{"rollout/ep_rew_mean": -25670890.14219286, "rollout/ep_len_mean": 863.9285714285714, "time/fps": 2189, "time/time_elapsed": 22, "time/total_timesteps": 50000}
{"train/iterations": 0, "train/delta_std": 0.05, "train/learning_rate": 0.0018, "train/step_size": 2.259652534530865e-11, "rollout/return_std": 9957283.0, "time/fps": 2192, "time/time_elapsed": 27, "time/total_timesteps": 60000}
{"rollout/ep_rew_mean": -29656503.33168167, "rollout/ep_len_mean": 1000.0, "time/fps": 2192, "time/time_elapsed": 31, "time/total_timesteps": 70000}
{"rollout/ep_rew_mean": -29732513.343132604, "rollout/ep_len_mean": 1000.0, "time/fps": 2189, "time/time_elapsed": 36, "time/total_timesteps": 80000}
{"rollout/ep_rew_mean": -29714641.867643625, "rollout/ep_len_mean": 1000.0, "time/fps": 2190, "time/time_elapsed": 41, "time/total_timesteps": 90000}
{"rollout/ep_rew_mean": -24807246.925175253, "rollout/ep_len_mean": 835.4166666666666, "time/fps": 2192, "time/time_elapsed": 45, "time/total_timesteps": 100000}
{"rollout/ep_rew_mean": -25832089.99057867, "rollout/ep_len_mean": 868.3333333333334, "time/fps": 2193, "time/time_elapsed": 50, "time/total_timesteps": 110000}
{"train/iterations": 1, "train/delta_std": 0.05, "train/learning_rate": 0.0018, "train/step_size": 2.2215711908968316e-11, "rollout/return_std": 10127967.0, "rollout/ep_rew_mean": -29553708.066602, "rollout/ep_len_mean": 1000.0, "time/fps": 2195, "time/time_elapsed": 54, "time/total_timesteps": 120000}
{"rollout/ep_rew_mean": -19720212.88639083, "rollout/ep_len_mean": 671.6666666666666, "time/fps": 2197, "time/time_elapsed": 59, "time/total_timesteps": 130000}
{"rollout/ep_rew_mean": -22240341.957935497, "rollout/ep_len_mean": 753.75, "time/fps": 2195, "time/time_elapsed": 63, "time/total_timesteps": 140000}
{"rollout/ep_rew_mean": -24328018.932194088, "rollout/ep_len_mean": 820.9090909090909, "time/fps": 2196, "time/time_elapsed": 68, "time/total_timesteps": 150000}
{"rollout/ep_rew_mean": -23423050.64949257, "rollout/ep_len_mean": 790.6428571428571, "time/fps": 2198, "time/time_elapsed": 72, "time/total_timesteps": 160000}
{"train/iterations": 2, "train/delta_std": 0.05, "train/learning_rate": 0.0018, "train/step_size": 1.7050012443564633e-11, "rollout/return_std": 13196471.0, "rollout/ep_rew_mean": -29796909.400161996, "rollout/ep_len_mean": 1000.0, "time/fps": 2199, "time/time_elapsed": 77, "time/total_timesteps": 170000}
{"rollout/ep_rew_mean": -19936107.861667167, "rollout/ep_len_mean": 669.3333333333334, "time/fps": 2201, "time/time_elapsed": 81, "time/total_timesteps": 180000}
{"rollout/ep_rew_mean": -23226589.665613335, "rollout/ep_len_mean": 779.5555555555555, "time/fps": 2203, "time/time_elapsed": 86, "time/total_timesteps": 190000}
{"rollout/ep_rew_mean": -20706853.943919234, "rollout/ep_len_mean": 698.2307692307693, "time/fps": 2203, "time/time_elapsed": 90, "time/total_timesteps": 200000}
{"train/iterations": 3, "train/delta_std": 0.05, "train/learning_rate": 0.0018, "train/step_size": 1.6987930159806375e-11, "rollout/return_std": 13244697.0, "rollout/ep_rew_mean": -116172.284659, "rollout/ep_len_mean": 17.0, "time/fps": 2203, "time/time_elapsed": 95, "time/total_timesteps": 210000}
{"rollout/ep_rew_mean": -19887262.0813, "rollout/ep_len_mean": 672.3333333333334, "time/fps": 2203, "time/time_elapsed": 99, "time/total_timesteps": 220000}
{"rollout/ep_rew_mean": -24868235.98786367, "rollout/ep_len_mean": 836.1666666666666, "time/fps": 2203, "time/time_elapsed": 104, "time/total_timesteps": 230000}
{"rollout/ep_rew_mean": -20911249.471955102, "rollout/ep_len_mean": 703.8, "time/fps": 2204, "time/time_elapsed": 108, "time/total_timesteps": 240000}
{"rollout/ep_rew_mean": -21325096.80015586, "rollout/ep_len_mean": 717.9285714285714, "time/fps": 2204, "time/time_elapsed": 113, "time/total_timesteps": 250000}
{"train/iterations": 4, "train/delta_std": 0.05, "train/learning_rate": 0.0018, "train/step_size": 1.582529246535458e-11, "rollout/return_std": 14217746.0, "rollout/ep_rew_mean": -29512913.089398, "rollout/ep_len_mean": 1000.0, "time/fps": 2205, "time/time_elapsed": 117, "time/total_timesteps": 260000}
{"rollout/ep_rew_mean": -23709988.9248042, "rollout/ep_len_mean": 802.0, "time/fps": 2204, "time/time_elapsed": 122, "time/total_timesteps": 270000}
{"rollout/ep_rew_mean": -22303115.783018626, "rollout/ep_len_mean": 753.25, "time/fps": 2205, "time/time_elapsed": 126, "time/total_timesteps": 280000}
{"rollout/ep_rew_mean": -22346260.047793, "rollout/ep_len_mean": 753.6666666666666, "time/fps": 2205, "time/time_elapsed": 131, "time/total_timesteps": 290000}
{"rollout/ep_rew_mean": -21861270.131303802, "rollout/ep_len_mean": 737.3333333333334, "time/fps": 2205, "time/time_elapsed": 136, "time/total_timesteps": 300000}
{"train/iterations": 5, "train/delta_std": 0.05, "train/learning_rate": 0.0018, "train/step_size": 1.6995514370843345e-11, "rollout/return_std": 13238787.0, "rollout/ep_rew_mean": -29896205.4989415, "rollout/ep_len_mean": 1000.0, "time/fps": 2202, "time/time_elapsed": 140, "time/total_timesteps": 310000}
{"rollout/ep_rew_mean": -19949907.173323836, "rollout/ep_len_mean": 669.5, "time/fps": 2201, "time/time_elapsed": 145, "time/total_timesteps": 320000}
{"rollout/ep_rew_mean": -20914809.6659065, "rollout/ep_len_mean": 702.5, "time/fps": 2199, "time/time_elapsed": 150, "time/total_timesteps": 330000}
{"rollout/ep_rew_mean": -22403111.127576005, "rollout/ep_len_mean": 752.0833333333334, "time/fps": 2197, "time/time_elapsed": 154, "time/total_timesteps": 340000}
{"train/iterations": 6, "train/delta_std": 0.05, "train/learning_rate": 0.0018, "train/step_size": 1.6903036262339022e-11, "rollout/return_std": 13311218.0, "time/fps": 2195, "time/time_elapsed": 159, "time/total_timesteps": 350000}
{"rollout/ep_rew_mean": -29856784.171933003, "rollout/ep_len_mean": 1000.0, "time/fps": 2194, "time/time_elapsed": 164, "time/total_timesteps": 360000}
{"rollout/ep_rew_mean": -29871544.878864, "rollout/ep_len_mean": 1000.0, "time/fps": 2192, "time/time_elapsed": 168, "time/total_timesteps": 370000}
{"rollout/ep_rew_mean": -29871876.560264714, "rollout/ep_len_mean": 1000.0, "time/fps": 2189, "time/time_elapsed": 173, "time/total_timesteps": 380000}
{"rollout/ep_rew_mean": -27012367.609478, "rollout/ep_len_mean": 910.3636363636364, "time/fps": 2188, "time/time_elapsed": 178, "time/total_timesteps": 390000}
{"train/iterations": 7, "train/delta_std": 0.05, "train/learning_rate": 0.0018, "train/step_size": 1.7033851759662433e-11, "rollout/return_std": 13208991.0, "rollout/ep_rew_mean": -113232.794232, "rollout/ep_len_mean": 15.0, "time/fps": 2183, "time/time_elapsed": 183, "time/total_timesteps": 400000}
{"rollout/ep_rew_mean": -12042655.507268, "rollout/ep_len_mean": 409.0, "time/fps": 2182, "time/time_elapsed": 187, "time/total_timesteps": 410000}
{"rollout/ep_rew_mean": -14986166.903185103, "rollout/ep_len_mean": 507.1, "time/fps": 2172, "time/time_elapsed": 193, "time/total_timesteps": 420000}
{"rollout/ep_rew_mean": -16133274.679308232, "rollout/ep_len_mean": 545.3076923076923, "time/fps": 2170, "time/time_elapsed": 198, "time/total_timesteps": 430000}
{"train/iterations": 8, "train/delta_std": 0.05, "train/learning_rate": 0.0018, "train/step_size": 1.4654400956604086e-11, "rollout/return_std": 15353750.0, "rollout/ep_rew_mean": -8633882.230198571, "rollout/ep_len_mean": 297.14285714285717,