{"train/learning_rate": 0.0017, "train/entropy_loss": -12.801813364773988, "train/policy_gradient_loss": -0.007113794654833328, "train/value_loss": 5894695972.4, "train/approx_kl": 0.006329935044050217, "train/clip_fraction": 0.04970703125, "train/loss": 2814395136.0, "train/explained_variance": -5.960464477539062e-07, "train/std": 1.0066028833389282, "train/n_updates": 10, "train/clip_range": 0.2, "rollout/ep_rew_mean": -200894.40767170006, "rollout/ep_len_mean": 26.45, "time/fps": 1124, "time/time_elapsed": 8, "time/total_timesteps": 10000}
{"train/learning_rate": 0.0017, "train/entropy_loss": -12.858644802868366, "train/policy_gradient_loss": -0.004425857996830018, "train/value_loss": 5778657090.4, "train/approx_kl": 0.00523167010396719, "train/clip_fraction": 0.02745361328125, "train/loss": 3140438528.0, "train/explained_variance": 0.0, "train/std": 1.0126829147338867, "train/n_updates": 20, "train/clip_range": 0.2, "rollout/ep_rew_mean": -193755.94628079, "rollout/ep_len_mean": 27.82, "time/fps": 1136, "time/time_elapsed": 17, "time/total_timesteps": 20000}
{"train/learning_rate": 0.0017, "train/entropy_loss": -12.916702001541854, "train/policy_gradient_loss": -0.004342959469977359, "train/value_loss": 5667592791.6, "train/approx_kl": 0.005187526810914278, "train/clip_fraction": 0.0263427734375, "train/loss": 2678916352.0, "train/explained_variance": 0.0, "train/std": 1.019661545753479, "train/n_updates": 30, "train/clip_range": 0.2, "rollout/ep_rew_mean": -210339.74512281, "rollout/ep_len_mean": 32.2, "time/fps": 1139, "time/time_elapsed": 26, "time/total_timesteps": 30000}
{"train/learning_rate": 0.0017, "train/entropy_loss": -12.98088027536869, "train/policy_gradient_loss": -0.002002369100227952, "train/value_loss": 5538925439.8, "train/approx_kl": 0.0031395142432302237, "train/clip_fraction": 0.0068115234375, "train/loss": 2913089280.0, "train/explained_variance": 0.0, "train/std": 1.027430772781372, "train/n_updates": 40, "train/clip_range": 0.2, "rollout/ep_rew_mean": -180267.53488704, "rollout/ep_len_mean": 25.54, "time/fps": 1141, "time/time_elapsed": 35, "time/total_timesteps": 40000}
{"train/learning_rate": 0.0017, "train/entropy_loss": -13.127813651412726, "train/policy_gradient_loss": -0.002447069524987455, "train/value_loss": 4870494526.2, "train/approx_kl": 0.004134351387619972, "train/clip_fraction": 0.0134765625, "train/loss": 2555907328.0, "train/explained_variance": 0.0, "train/std": 1.04414701461792, "train/n_updates": 60, "train/clip_range": 0.2, "rollout/ep_rew_mean": -156412.6781516, "rollout/ep_len_mean": 23.48, "time/fps": 1041, "time/time_elapsed": 47, "time/total_timesteps": 50000}
{"train/learning_rate": 0.0017, "train/entropy_loss": -13.190060140937566, "train/policy_gradient_loss": -0.0024182930417737227, "train/value_loss": 5188979647.8, "train/approx_kl": 0.003890873398631811, "train/clip_fraction": 0.011328125, "train/loss": 2770385920.0, "train/explained_variance": 0.0, "train/std": 1.0509530305862427, "train/n_updates": 70, "train/clip_range": 0.2, "rollout/ep_rew_mean": -169647.57616116, "rollout/ep_len_mean": 23.15, "time/fps": 1062, "time/time_elapsed": 56, "time/total_timesteps": 60000}
{"train/learning_rate": 0.0017, "train/entropy_loss": -13.25477205067873, "train/policy_gradient_loss": -0.003357703715482785, "train/value_loss": 5204326217.4, "train/approx_kl": 0.004590088501572609, "train/clip_fraction": 0.01605224609375, "train/loss": 2694275072.0, "train/explained_variance": 1.7881393432617188e-07, "train/std": 1.0591968297958374, "train/n_updates": 80, "train/clip_range": 0.2, "rollout/ep_rew_mean": -179676.84275029, "rollout/ep_len_mean": 25.65, "time/fps": 1078, "time/time_elapsed": 64, "time/total_timesteps": 70000}
{"train/learning_rate": 0.0017, "train/entropy_loss": -13.31430050805211, "train/policy_gradient_loss": -0.003971641571479267, "train/value_loss": 5220370488.8, "train/approx_kl": 0.005419756751507521, "train/clip_fraction": 0.0263916015625, "train/loss": 2513920768.0, "train/explained_variance": 0.0, "train/std": 1.0651848316192627, "train/n_updates": 90, "train/clip_range": 0.2, "rollout/ep_rew_mean": -162339.46982343, "rollout/ep_len_mean": 23.76, "time/fps": 1091, "time/time_elapsed": 73, "time/total_timesteps": 80000}
{"train/learning_rate": 0.0017, "train/entropy_loss": -13.37099735736847, "train/policy_gradient_loss": -0.0027785496202341166, "train/value_loss": 5064570056.6, "train/approx_kl": 0.0034904261119663715, "train/clip_fraction": 0.00843505859375, "train/loss": 2351846656.0, "train/explained_variance": 5.960464477539063e-08, "train/std": 1.0725957155227661, "train/n_updates": 100, "train/clip_range": 0.2, "rollout/ep_rew_mean": -163009.77691017, "rollout/ep_len_mean": 21.52, "time/fps": 1100, "time/time_elapsed": 81, "time/total_timesteps": 90000}
{"train/learning_rate": 0.0017, "train/entropy_loss": -13.494714659452438, "train/policy_gradient_loss": -0.0032755925560195463, "train/value_loss": 4800300631.6, "train/approx_kl": 0.004321466200053692, "train/clip_fraction": 0.01683349609375, "train/loss": 2622464768.0, "train/explained_variance": 0.0, "train/std": 1.0874195098876953, "train/n_updates": 120, "train/clip_range": 0.2, "rollout/ep_rew_mean": -176968.50872631007, "rollout/ep_len_mean": 25.59, "time/fps": 1056, "time/time_elapsed": 94, "time/total_timesteps": 100000}
{"train/learning_rate": 0.0017, "train/entropy_loss": -13.55548138320446, "train/policy_gradient_loss": -0.0037618769258187966, "train/value_loss": 5060838818.4, "train/approx_kl": 0.004577847197651863, "train/clip_fraction": 0.02314453125, "train/loss": 2706278144.0, "train/explained_variance": 0.0, "train/std": 1.0948480367660522, "train/n_updates": 130, "train/clip_range": 0.2, "rollout/ep_rew_mean": -167003.39504429002, "rollout/ep_len_mean": 27.43, "time/fps": 1064, "time/time_elapsed": 103, "time/total_timesteps": 110000}
{"train/learning_rate": 0.0017, "train/entropy_loss": -13.623978009819984, "train/policy_gradient_loss": -0.0026953555356158177, "train/value_loss": 4595572326.6, "train/approx_kl": 0.0036118444986641407, "train/clip_fraction": 0.01243896484375, "train/loss": 2031580800.0, "train/explained_variance": -1.1920928955078125e-07, "train/std": 1.103976845741272, "train/n_updates": 140, "train/clip_range": 0.2, "rollout/ep_rew_mean": -168963.0785385, "rollout/ep_len_mean": 24.9, "time/fps": 1073, "time/time_elapsed": 111, "time/total_timesteps": 120000}
{"train/learning_rate": 0.0017, "train/entropy_loss": -13.695181335508824, "train/policy_gradient_loss": -0.0018587434808068793, "train/value_loss": 4971189419.0, "train/approx_kl": 0.003154969774186611, "train/clip_fraction": 0.00643310546875, "train/loss": 2279599104.0, "train/explained_variance": 5.960464477539063e-08, "train/std": 1.11247980594635, "train/n_updates": 150, "train/clip_range": 0.2, "rollout/ep_rew_mean": -161668.27623283997, "rollout/ep_len_mean": 23.23, "time/fps": 1078, "time/time_elapsed": 120, "time/total_timesteps": 130000}
{"train/learning_rate": 0.0017, "train/entropy_loss": -13.814279875904322, "train/policy_gradient_loss": -0.0035338367717486106, "train/value_loss": 4890912059.2, "train/approx_kl": 0.005137614440172911, "train/clip_fraction": 0.02308349609375, "train/loss": 2483520256.0, "train/explained_variance": 0.0, "train/std": 1.1269234418869019, "train/n_updates": 170, "train/clip_range": 0.2, "rollout/ep_rew_mean": -169873.85252828998, "rollout/ep_len_mean": 24.28, "time/fps": 1042, "time/time_elapsed": 134, "time/total_timesteps": 140000}
{"train/learning_rate": 0.0017, "train/entropy_loss": -13.877920802682638, "train/policy_gradient_loss": -0.0026041998906293886, "train/value_loss": 4684924038.2, "train/approx_kl": 0.004087960813194513, "train/clip_fraction": 0.01324462890625, "train/loss": 2161679872.0, "train/explained_variance": 1.1920928955078125e-07, "train/std": 1.13486647605896, "train/n_updates": 180, "train/clip_range": 0.2, "rollout/ep_rew_mean": -158663.50819498,