{"rollout/ep_rew_mean": -29936273.224244498, "rollout/ep_len_mean": 1000.0, "time/fps": 5790, "time/time_elapsed": 1, "time/total_timesteps": 10000}
{"rollout/ep_rew_mean": -19958437.552195337, "rollout/ep_len_mean": 670.3333333333334, "time/fps": 5781, "time/time_elapsed": 3, "time/total_timesteps": 20000}
{"rollout/ep_rew_mean": -20912400.433263198, "rollout/ep_len_mean": 703.0, "time/fps": 5780, "time/time_elapsed": 5, "time/total_timesteps": 30000}
{"rollout/ep_rew_mean": -20724445.789029304, "rollout/ep_len_mean": 695.4615384615385, "time/fps": 5779, "time/time_elapsed": 6, "time/total_timesteps": 40000}
{"train/iterations": 0, "train/delta_std": 0.05, "train/learning_rate": 0.02, "train/step_size": 1.6791286416850681e-10, "rollout/return_std": 14888675.0, "rollout/ep_rew_mean": -29761515.662305497, "rollout/ep_len_mean": 1000.0, "time/fps": 5776, "time/time_elapsed": 8, "time/total_timesteps": 50000}
{"rollout/ep_rew_mean": -20014647.553187832, "rollout/ep_len_mean": 673.8333333333334, "time/fps": 5778, "time/time_elapsed": 10, "time/total_timesteps": 60000}
{"rollout/ep_rew_mean": -23270725.557967886, "rollout/ep_len_mean": 782.5555555555555, "time/fps": 5782, "time/time_elapsed": 12, "time/total_timesteps": 70000}
{"rollout/ep_rew_mean": -24461570.22297591, "rollout/ep_len_mean": 822.0909090909091, "time/fps": 5784, "time/time_elapsed": 13, "time/total_timesteps": 80000}
{"rollout/ep_rew_mean": -25624327.99823779, "rollout/ep_len_mean": 860.2142857142857, "time/fps": 5783, "time/time_elapsed": 15, "time/total_timesteps": 90000}
{"train/iterations": 1, "train/delta_std": 0.05, "train/learning_rate": 0.02, "train/step_size": 2.1012463990999208e-10, "rollout/return_std": 11897700.0, "rollout/ep_rew_mean": -30148561.601047, "rollout/ep_len_mean": 1000.0, "time/fps": 5782, "time/time_elapsed": 17, "time/total_timesteps": 100000}
{"rollout/ep_rew_mean": -29991673.78457425, "rollout/ep_len_mean": 1000.0, "time/fps": 5782, "time/time_elapsed": 19, "time/total_timesteps": 110000}
{"rollout/ep_rew_mean": -29986241.866775498, "rollout/ep_len_mean": 1000.0, "time/fps": 5783, "time/time_elapsed": 20, "time/total_timesteps": 120000}
{"rollout/ep_rew_mean": -26982883.254575502, "rollout/ep_len_mean": 901.6, "time/fps": 5782, "time/time_elapsed": 22, "time/total_timesteps": 130000}
{"rollout/ep_rew_mean": -25374769.362447925, "rollout/ep_len_mean": 848.9230769230769, "time/fps": 5782, "time/time_elapsed": 24, "time/total_timesteps": 140000}
{"train/iterations": 2, "train/delta_std": 0.05, "train/learning_rate": 0.02, "train/step_size": 2.0812293555216854e-10, "rollout/return_std": 12012131.0, "rollout/ep_rew_mean": -29881685.299249, "rollout/ep_len_mean": 1000.0, "time/fps": 5781, "time/time_elapsed": 25, "time/total_timesteps": 150000}
{"rollout/ep_rew_mean": -22502751.57926875, "rollout/ep_len_mean": 753.75, "time/fps": 5782, "time/time_elapsed": 27, "time/total_timesteps": 160000}
{"rollout/ep_rew_mean": -22451358.478514627, "rollout/ep_len_mean": 752.5, "time/fps": 5784, "time/time_elapsed": 29, "time/total_timesteps": 170000}
{"rollout/ep_rew_mean": -21808162.65088418, "rollout/ep_len_mean": 731.0909090909091, "time/fps": 5784, "time/time_elapsed": 31, "time/total_timesteps": 180000}
{"rollout/ep_rew_mean": -23443887.795403283, "rollout/ep_len_mean": 788.7142857142857, "time/fps": 5786, "time/time_elapsed": 32, "time/total_timesteps": 190000}
{"train/iterations": 3, "train/delta_std": 0.05, "train/learning_rate": 0.02, "train/step_size": 2.0986561100055923e-10, "rollout/return_std": 11912385.0, "rollout/ep_rew_mean": -98332.03688649999, "rollout/ep_len_mean": 10.0, "time/fps": 5786, "time/time_elapsed": 34, "time/total_timesteps": 200000}
{"rollout/ep_rew_mean": -18016256.2998878, "rollout/ep_len_mean": 604.0, "time/fps": 5787, "time/time_elapsed": 36, "time/total_timesteps": 210000}
{"rollout/ep_rew_mean": -18751492.838187624, "rollout/ep_len_mean": 629.875, "time/fps": 5786, "time/time_elapsed": 38, "time/total_timesteps": 220000}
{"rollout/ep_rew_mean": -21770369.30352036, "rollout/ep_len_mean": 730.8181818181819, "time/fps": 5787, "time/time_elapsed": 39, "time/total_timesteps": 230000}
{"rollout/ep_rew_mean": -21374473.174031284, "rollout/ep_len_mean": 717.5714285714286, "time/fps": 5788, "time/time_elapsed": 41, "time/total_timesteps": 240000}
{"train/iterations": 4, "train/delta_std": 0.05, "train/learning_rate": 0.02, "train/step_size": 1.8804116597159748e-10, "rollout/return_std": 13294961.0, "rollout/ep_rew_mean": -29774543.753272, "rollout/ep_len_mean": 1000.0, "time/fps": 5788, "time/time_elapsed": 43, "time/total_timesteps": 250000}
{"rollout/ep_rew_mean": -22426259.923694, "rollout/ep_len_mean": 752.75, "time/fps": 5789, "time/time_elapsed": 44, "time/total_timesteps": 260000}
{"rollout/ep_rew_mean": -22430257.87365725, "rollout/ep_len_mean": 753.0, "time/fps": 5790, "time/time_elapsed": 46, "time/total_timesteps": 270000}
{"rollout/ep_rew_mean": -23897599.1361828, "rollout/ep_len_mean": 802.4, "time/fps": 5790, "time/time_elapsed": 48, "time/total_timesteps": 280000}
{"rollout/ep_rew_mean": -25310700.72378192, "rollout/ep_len_mean": 848.0, "time/fps": 5790, "time/time_elapsed": 50, "time/total_timesteps": 290000}
{"rollout/ep_rew_mean": -25906882.855439328, "rollout/ep_len_mean": 868.2666666666667, "time/fps": 5792, "time/time_elapsed": 51, "time/total_timesteps": 300000}
{"train/iterations": 5, "train/delta_std": 0.05, "train/learning_rate": 0.02, "train/step_size": 2.4641799711844214e-10, "rollout/return_std": 10145362.0, "rollout/ep_rew_mean": -29842464.0116525, "rollout/ep_len_mean": 1000.0, "time/fps": 5793, "time/time_elapsed": 53, "time/total_timesteps": 310000}
{"rollout/ep_rew_mean": -19876513.740967166, "rollout/ep_len_mean": 669.0, "time/fps": 5793, "time/time_elapsed": 55, "time/total_timesteps": 320000}
{"rollout/ep_rew_mean": -23208654.292297557, "rollout/ep_len_mean": 779.3333333333334, "time/fps": 5792, "time/time_elapsed": 56, "time/total_timesteps": 330000}
{"rollout/ep_rew_mean": -22403726.50710675, "rollout/ep_len_mean": 752.6666666666666, "time/fps": 5793, "time/time_elapsed": 58, "time/total_timesteps": 340000}
{"train/iterations": 6, "train/delta_std": 0.05, "train/learning_rate": 0.02, "train/step_size": 1.756089162974206e-10, "rollout/return_std": 14236180.0, "rollout/ep_rew_mean": -29938182.758718, "rollout/ep_len_mean": 1000.0, "time/fps": 5793, "time/time_elapsed": 60, "time/total_timesteps": 350000}
{"rollout/ep_rew_mean": -22548350.44884175, "rollout/ep_len_mean": 753.0, "time/fps": 5793, "time/time_elapsed": 62, "time/total_timesteps": 360000}
{"rollout/ep_rew_mean": -22554643.78590025, "rollout/ep_len_mean": 752.625, "time/fps": 5793, "time/time_elapsed": 63, "time/total_timesteps": 370000}
{"rollout/ep_rew_mean": -24016961.7937817, "rollout/ep_len_mean": 802.1, "time/fps": 5794, "time/time_elapsed": 65, "time/total_timesteps": 380000}
{"rollout/ep_rew_mean": -25394142.07182069, "rollout/ep_len_mean": 847.7692307692307, "time/fps": 5794, "time/time_elapsed": 67, "time/total_timesteps": 390000}
{"rollout/ep_rew_mean": -25961474.940634467, "rollout/ep_len_mean": 868.0666666666667, "time/fps": 5794, "time/time_elapsed": 69, "time/total_timesteps": 400000}
{"train/iterations": 7, "train/delta_std": 0.05, "train/learning_rate": 0.02, "train/step_size": 2.463857728951524e-10, "rollout/return_std": 10146689.0, "rollout/ep_rew_mean": -20059863.008464668, "rollout/ep_len_mean": 674.0, "time/fps": 5795, "time/time_elapsed": 70, "time/total_timesteps": 410000}
{"rollout/ep_rew_mean": -24023239.7542178, "rollout/ep_len_mean": 804.4, "time/fps": 5792, "time/time_elapsed": 72, "time/total_timesteps": 420000}
{"rollout/ep_rew_mean": -23381088.27763289, "rollout/ep_len_mean": 780.6666666666666, "time/fps": 5793, "time/time_elapsed": 74, "time/total_timesteps": 430000}
{"rollout/ep_rew_mean": -20852928.358201616, "rollout/ep_len_mean": 697.3076923076923, "time/fps": 5793, "time/time_elapsed": 75,