{"train/learning_rate": 0.0017, "train/entropy_loss": -12.797658737748861, "train/policy_gradient_loss": -0.007435011243796907, "train/value_loss": 5716796693.4, "train/approx_kl": 0.006335357204079628, "train/clip_fraction": 0.0520751953125, "train/loss": 3061230848.0, "train/explained_variance": -2.384185791015625e-07, "train/std": 1.0056802034378052, "train/n_updates": 10, "train/clip_range": 0.2, "rollout/ep_rew_mean": -226529.47888937994, "rollout/ep_len_mean": 33.86, "time/fps": 1017, "time/time_elapsed": 9, "time/total_timesteps": 10000}
{"train/learning_rate": 0.0017, "train/entropy_loss": -12.852105379849672, "train/policy_gradient_loss": -0.004996304963424336, "train/value_loss": 5274090746.2, "train/approx_kl": 0.0053526670671999454, "train/clip_fraction": 0.030419921875, "train/loss": 2532508672.0, "train/explained_variance": 1.7881393432617188e-07, "train/std": 1.012108325958252, "train/n_updates": 20, "train/clip_range": 0.2, "rollout/ep_rew_mean": -254363.01668694004, "rollout/ep_len_mean": 42.63, "time/fps": 1018, "time/time_elapsed": 19, "time/total_timesteps": 20000}
{"train/learning_rate": 0.0017, "train/entropy_loss": -12.906930588185787, "train/policy_gradient_loss": -0.003353233551933954, "train/value_loss": 4833490792.2, "train/approx_kl": 0.004094209522008896, "train/clip_fraction": 0.01527099609375, "train/loss": 2323050752.0, "train/explained_variance": 1.1920928955078125e-07, "train/std": 1.0180999040603638, "train/n_updates": 30, "train/clip_range": 0.2, "rollout/ep_rew_mean": -221551.80355288993, "rollout/ep_len_mean": 34.92, "time/fps": 1018, "time/time_elapsed": 29, "time/total_timesteps": 30000}
{"train/learning_rate": 0.0017, "train/entropy_loss": -12.963089767098428, "train/policy_gradient_loss": -0.004516797028918518, "train/value_loss": 4891745177.8, "train/approx_kl": 0.00466124527156353, "train/clip_fraction": 0.0195068359375, "train/loss": 2354413568.0, "train/explained_variance": 5.960464477539063e-08, "train/std": 1.0248072147369385, "train/n_updates": 40, "train/clip_range": 0.2, "rollout/ep_rew_mean": -203770.59122759994, "rollout/ep_len_mean": 32.87, "time/fps": 1010, "time/time_elapsed": 39, "time/total_timesteps": 40000}
{"train/learning_rate": 0.0017, "train/entropy_loss": -13.098528823256492, "train/policy_gradient_loss": -0.003141775597441665, "train/value_loss": 4360447249.0, "train/approx_kl": 0.004102046601474285, "train/clip_fraction": 0.01229248046875, "train/loss": 2294765824.0, "train/explained_variance": 0.0, "train/std": 1.0412439107894897, "train/n_updates": 60, "train/clip_range": 0.2, "rollout/ep_rew_mean": -223765.52926080005, "rollout/ep_len_mean": 40.07, "time/fps": 916, "time/time_elapsed": 54, "time/total_timesteps": 50000}
{"train/learning_rate": 0.0017, "train/entropy_loss": -13.163844864070416, "train/policy_gradient_loss": -0.0032974317857224376, "train/value_loss": 4400143432.0, "train/approx_kl": 0.004446139559149742, "train/clip_fraction": 0.0146484375, "train/loss": 2176623616.0, "train/explained_variance": 5.960464477539063e-08, "train/std": 1.0479811429977417, "train/n_updates": 70, "train/clip_range": 0.2, "rollout/ep_rew_mean": -195486.80016269002, "rollout/ep_len_mean": 34.48, "time/fps": 928, "time/time_elapsed": 64, "time/total_timesteps": 60000}
{"train/learning_rate": 0.0017, "train/entropy_loss": -13.22446214556694, "train/policy_gradient_loss": -0.0052131190710497325, "train/value_loss": 4411946293.8, "train/approx_kl": 0.005005762912333012, "train/clip_fraction": 0.024951171875, "train/loss": 2089145472.0, "train/explained_variance": 1.7881393432617188e-07, "train/std": 1.055117130279541, "train/n_updates": 80, "train/clip_range": 0.2, "rollout/ep_rew_mean": -222067.45856379002, "rollout/ep_len_mean": 38.99, "time/fps": 936, "time/time_elapsed": 74, "time/total_timesteps": 70000}
{"train/learning_rate": 0.0017, "train/entropy_loss": -13.295388323813677, "train/policy_gradient_loss": -0.004831560919410549, "train/value_loss": 4369310568.8, "train/approx_kl": 0.0048668296076357365, "train/clip_fraction": 0.02296142578125, "train/loss": 2149714432.0, "train/explained_variance": 0.0, "train/std": 1.064574956893921, "train/n_updates": 90, "train/clip_range": 0.2, "rollout/ep_rew_mean": -218937.98557117, "rollout/ep_len_mean": 38.99, "time/fps": 942, "time/time_elapsed": 84, "time/total_timesteps": 80000}
{"train/learning_rate": 0.0017, "train/entropy_loss": -13.358907516300679, "train/policy_gradient_loss": -0.0022524397661982222, "train/value_loss": 4416981925.0, "train/approx_kl": 0.0036397241055965424, "train/clip_fraction": 0.00687255859375, "train/loss": 1984082688.0, "train/explained_variance": -1.1920928955078125e-07, "train/std": 1.0705406665802002, "train/n_updates": 100, "train/clip_range": 0.2, "rollout/ep_rew_mean": -205485.18798156996, "rollout/ep_len_mean": 38.38, "time/fps": 946, "time/time_elapsed": 95, "time/total_timesteps": 90000}
{"train/learning_rate": 0.0017, "train/entropy_loss": -13.486675307899713, "train/policy_gradient_loss": -0.0025986403594288276, "train/value_loss": 3911951207.8, "train/approx_kl": 0.004090405069291592, "train/clip_fraction": 0.0120849609375, "train/loss": 2138725888.0, "train/explained_variance": -1.1920928955078125e-07, "train/std": 1.0868099927902222, "train/n_updates": 120, "train/clip_range": 0.2, "rollout/ep_rew_mean": -208264.04465921997, "rollout/ep_len_mean": 36.6, "time/fps": 903, "time/time_elapsed": 110, "time/total_timesteps": 100000}
{"train/learning_rate": 0.0017, "train/entropy_loss": -13.551537285000085, "train/policy_gradient_loss": -0.005010483467958693, "train/value_loss": 4198295749.2, "train/approx_kl": 0.005377002991735935, "train/clip_fraction": 0.02982177734375, "train/loss": 1965212032.0, "train/explained_variance": 0.0, "train/std": 1.0941104888916016, "train/n_updates": 130, "train/clip_range": 0.2, "rollout/ep_rew_mean": -182119.83790747006, "rollout/ep_len_mean": 30.82, "time/fps": 906, "time/time_elapsed": 121, "time/total_timesteps": 110000}
{"train/learning_rate": 0.0017, "train/entropy_loss": -13.615738577395678, "train/policy_gradient_loss": -0.003433390540885739, "train/value_loss": 4090957028.6, "train/approx_kl": 0.004520811140537262, "train/clip_fraction": 0.01663818359375, "train/loss": 1805589888.0, "train/explained_variance": -1.1920928955078125e-07, "train/std": 1.1025506258010864, "train/n_updates": 140, "train/clip_range": 0.2, "rollout/ep_rew_mean": -190094.43532917998, "rollout/ep_len_mean": 35.71, "time/fps": 910, "time/time_elapsed": 131, "time/total_timesteps": 120000}
{"train/learning_rate": 0.0017, "train/entropy_loss": -13.691476491838694, "train/policy_gradient_loss": -0.0037245450788759627, "train/value_loss": 3978273311.0, "train/approx_kl": 0.004480488132685423, "train/clip_fraction": 0.0189208984375, "train/loss": 2008833408.0, "train/explained_variance": 1.7881393432617188e-07, "train/std": 1.112789273262024, "train/n_updates": 150, "train/clip_range": 0.2, "rollout/ep_rew_mean": -185230.26582316004, "rollout/ep_len_mean": 34.28, "time/fps": 911, "time/time_elapsed": 142, "time/total_timesteps": 130000}
{"train/learning_rate": 0.0017, "train/entropy_loss": -13.844011344760656, "train/policy_gradient_loss": -0.002532442482697661, "train/value_loss": 3803978330.6, "train/approx_kl": 0.003816503332927823, "train/clip_fraction": 0.0111083984375, "train/loss": 2015225728.0, "train/explained_variance": 0.0, "train/std": 1.1311274766921997, "train/n_updates": 170, "train/clip_range": 0.2, "rollout/ep_rew_mean": -189953.29427435, "rollout/ep_len_mean": 33.45, "time/fps": 880, "time/time_elapsed": 158, "time/total_timesteps": 140000}
{"train/learning_rate": 0.0017, "train/entropy_loss": -13.915425927191972, "train/policy_gradient_loss": -0.0028989827074838103, "train/value_loss": 3641065712.0, "train/approx_kl": 0.004570354707539082, "train/clip_fraction": 0.02142333984375, "train/loss": 1840854528.0, "train/explained_variance": -1.1920928955078125e-07,