{"rollout/ep_rew_mean": -33377408.31234533, "rollout/ep_len_mean": 670.0, "time/fps": 1725, "time/time_elapsed": 5, "time/total_timesteps": 10000}
{"rollout/ep_rew_mean": -39976046.459666, "rollout/ep_len_mean": 802.0, "time/fps": 1725, "time/time_elapsed": 11, "time/total_timesteps": 20000}
{"rollout/ep_rew_mean": -31906078.635279905, "rollout/ep_len_mean": 641.7272727272727, "time/fps": 1726, "time/time_elapsed": 17, "time/total_timesteps": 30000}
{"rollout/ep_rew_mean": -34588221.74366407, "rollout/ep_len_mean": 696.8461538461538, "time/fps": 1725, "time/time_elapsed": 23, "time/total_timesteps": 40000}
{"train/iterations": 0, "train/delta_std": 0.05, "train/learning_rate": 0.0018, "train/step_size": 1.0183450437073471e-11, "rollout/return_std": 22094672.0, "time/fps": 1724, "time/time_elapsed": 28, "time/total_timesteps": 50000}
{"rollout/ep_rew_mean": -25173575.528460998, "rollout/ep_len_mean": 506.0, "time/fps": 1726, "time/time_elapsed": 34, "time/total_timesteps": 60000}
{"rollout/ep_rew_mean": -35809569.43548914, "rollout/ep_len_mean": 717.7142857142857, "time/fps": 1726, "time/time_elapsed": 40, "time/total_timesteps": 70000}
{"rollout/ep_rew_mean": -38963101.68076978, "rollout/ep_len_mean": 780.4444444444445, "time/fps": 1727, "time/time_elapsed": 46, "time/total_timesteps": 80000}
{"train/iterations": 1, "train/delta_std": 0.05, "train/learning_rate": 0.0018, "train/step_size": 9.073792064939745e-12, "rollout/return_std": 24796688.0, "time/fps": 1726, "time/time_elapsed": 52, "time/total_timesteps": 90000}
{"rollout/ep_rew_mean": -49955430.9005145, "rollout/ep_len_mean": 1000.0, "time/fps": 1726, "time/time_elapsed": 57, "time/total_timesteps": 100000}
{"rollout/ep_rew_mean": -49797880.6724294, "rollout/ep_len_mean": 1000.0, "time/fps": 1726, "time/time_elapsed": 63, "time/total_timesteps": 110000}
{"rollout/ep_rew_mean": -43695847.435208246, "rollout/ep_len_mean": 877.375, "time/fps": 1726, "time/time_elapsed": 69, "time/total_timesteps": 120000}
{"rollout/ep_rew_mean": -41673891.64549025, "rollout/ep_len_mean": 836.9166666666666, "time/fps": 1726, "time/time_elapsed": 75, "time/total_timesteps": 130000}
{"rollout/ep_rew_mean": -42867210.414853215, "rollout/ep_len_mean": 860.2142857142857, "time/fps": 1726, "time/time_elapsed": 81, "time/total_timesteps": 140000}
{"train/iterations": 2, "train/delta_std": 0.05, "train/learning_rate": 0.0018, "train/step_size": 1.1276930778070238e-11, "rollout/return_std": 19952238.0, "rollout/ep_rew_mean": -33429296.09680767, "rollout/ep_len_mean": 670.6666666666666, "time/fps": 1727, "time/time_elapsed": 86, "time/total_timesteps": 150000}
{"rollout/ep_rew_mean": -39761695.03187899, "rollout/ep_len_mean": 802.4, "time/fps": 1727, "time/time_elapsed": 92, "time/total_timesteps": 160000}
{"rollout/ep_rew_mean": -43541972.5490945, "rollout/ep_len_mean": 876.5, "time/fps": 1727, "time/time_elapsed": 98, "time/total_timesteps": 170000}
{"rollout/ep_rew_mean": -44800676.0274805, "rollout/ep_len_mean": 901.2, "time/fps": 1727, "time/time_elapsed": 104, "time/total_timesteps": 180000}
{"rollout/ep_rew_mean": -45999442.34469424, "rollout/ep_len_mean": 924.0, "time/fps": 1727, "time/time_elapsed": 109, "time/total_timesteps": 190000}
{"train/iterations": 3, "train/delta_std": 0.05, "train/learning_rate": 0.0018, "train/step_size": 1.3285449997069154e-11, "rollout/return_std": 16935820.0, "time/fps": 1727, "time/time_elapsed": 115, "time/total_timesteps": 200000}
{"rollout/ep_rew_mean": -37545752.1518385, "rollout/ep_len_mean": 753.75, "time/fps": 1727, "time/time_elapsed": 121, "time/total_timesteps": 210000}
{"rollout/ep_rew_mean": -41687735.61316834, "rollout/ep_len_mean": 835.8333333333334, "time/fps": 1728, "time/time_elapsed": 127, "time/total_timesteps": 220000}
{"rollout/ep_rew_mean": -44432204.677873775, "rollout/ep_len_mean": 890.5555555555555, "time/fps": 1728, "time/time_elapsed": 133, "time/total_timesteps": 230000}
{"rollout/ep_rew_mean": -41698941.31829925, "rollout/ep_len_mean": 835.6666666666666, "time/fps": 1728, "time/time_elapsed": 138, "time/total_timesteps": 240000}
{"train/iterations": 4, "train/delta_std": 0.05, "train/learning_rate": 0.0018, "train/step_size": 1.1237192600044299e-11, "rollout/return_std": 20022794.0, "rollout/ep_rew_mean": -234600.179685, "rollout/ep_len_mean": 9.0, "time/fps": 1728, "time/time_elapsed": 144, "time/total_timesteps": 250000}
{"rollout/ep_rew_mean": -33451379.124727327, "rollout/ep_len_mean": 669.6666666666666, "time/fps": 1728, "time/time_elapsed": 150, "time/total_timesteps": 260000}
{"rollout/ep_rew_mean": -41689414.221942, "rollout/ep_len_mean": 834.8333333333334, "time/fps": 1728, "time/time_elapsed": 156, "time/total_timesteps": 270000}
{"rollout/ep_rew_mean": -43778041.60201075, "rollout/ep_len_mean": 876.125, "time/fps": 1728, "time/time_elapsed": 161, "time/total_timesteps": 280000}
{"rollout/ep_rew_mean": -41683830.317827664, "rollout/ep_len_mean": 835.6666666666666, "time/fps": 1728, "time/time_elapsed": 167, "time/total_timesteps": 290000}
{"rollout/ep_rew_mean": -42866597.99934136, "rollout/ep_len_mean": 859.1428571428571, "time/fps": 1728, "time/time_elapsed": 173, "time/total_timesteps": 300000}
{"train/iterations": 5, "train/delta_std": 0.05, "train/learning_rate": 0.0018, "train/step_size": 1.3289391288806573e-11, "rollout/return_std": 16930798.0, "rollout/ep_rew_mean": -50104929.726569, "rollout/ep_len_mean": 1000.0, "time/fps": 1728, "time/time_elapsed": 179, "time/total_timesteps": 310000}
{"rollout/ep_rew_mean": -25386687.424589332, "rollout/ep_len_mean": 511.5, "time/fps": 1728, "time/time_elapsed": 185, "time/total_timesteps": 320000}
{"rollout/ep_rew_mean": -30283491.3011324, "rollout/ep_len_mean": 609.4, "time/fps": 1728, "time/time_elapsed": 190, "time/total_timesteps": 330000}
{"rollout/ep_rew_mean": -33548830.997807503, "rollout/ep_len_mean": 674.5, "time/fps": 1728, "time/time_elapsed": 196, "time/total_timesteps": 340000}
{"rollout/ep_rew_mean": -36832308.38226841, "rollout/ep_len_mean": 739.6, "time/fps": 1728, "time/time_elapsed": 202, "time/total_timesteps": 350000}
{"train/iterations": 6, "train/delta_std": 0.05, "train/learning_rate": 0.0018, "train/step_size": 1.0227933951167945e-11, "rollout/return_std": 21998578.0, "rollout/ep_rew_mean": -50036247.833786, "rollout/ep_len_mean": 1000.0, "time/fps": 1728, "time/time_elapsed": 208, "time/total_timesteps": 360000}
{"rollout/ep_rew_mean": -49897077.0048905, "rollout/ep_len_mean": 1000.0, "time/fps": 1728, "time/time_elapsed": 214, "time/total_timesteps": 370000}
{"rollout/ep_rew_mean": -49939284.5824955, "rollout/ep_len_mean": 1000.0, "time/fps": 1729, "time/time_elapsed": 219, "time/total_timesteps": 380000}
{"rollout/ep_rew_mean": -49970021.778652556, "rollout/ep_len_mean": 1000.0, "time/fps": 1729, "time/time_elapsed": 225, "time/total_timesteps": 390000}
{"rollout/ep_rew_mean": -49966959.852030545, "rollout/ep_len_mean": 1000.0, "time/fps": 1728, "time/time_elapsed": 231, "time/total_timesteps": 400000}
{"rollout/ep_rew_mean": -49992530.40478029, "rollout/ep_len_mean": 1000.0, "time/fps": 1728, "time/time_elapsed": 237, "time/total_timesteps": 410000}
{"train/iterations": 7, "train/delta_std": 0.05, "train/learning_rate": 0.0018, "train/step_size": 1.155281537101871e-09, "rollout/return_std": 194757.71875, "time/fps": 1728, "time/time_elapsed": 242, "time/total_timesteps": 420000}
{"rollout/ep_rew_mean": -49923602.30363333, "rollout/ep_len_mean": 1000.0, "time/fps": 1728, "time/time_elapsed": 248, "time/total_timesteps": 430000}
{"rollout/ep_rew_mean": -49982093.122832194, "rollout/ep_len_mean": 1000.0, "time/fps": 1729, "time/time_elapsed": 254, "time/total_timesteps": 440000}
{"rollout/ep_rew_mean": -50009102.570578754, "rollout/ep_len_mean": 1000.0, "time/fps": 1728, "time/time_elapsed": 260, "time/total_timesteps": 450000}
{"rollout/ep_rew_mean": -49974485.5667619, "rollout/ep_len_mean": 1000.0, "time/fps": 1729, "time/time_elapsed": 266,