{"rollout/ep_rew_mean": -26796291.606218, "rollout/ep_len_mean": 671.3333333333334, "time/fps": 2082, "time/time_elapsed": 4, "time/total_timesteps": 10000}
{"rollout/ep_rew_mean": -32082730.312252603, "rollout/ep_len_mean": 802.8, "time/fps": 2096, "time/time_elapsed": 9, "time/total_timesteps": 20000}
{"rollout/ep_rew_mean": -35052957.590762, "rollout/ep_len_mean": 876.75, "time/fps": 2104, "time/time_elapsed": 14, "time/total_timesteps": 30000}
{"rollout/ep_rew_mean": -30071674.81096008, "rollout/ep_len_mean": 752.9166666666666, "time/fps": 2108, "time/time_elapsed": 18, "time/total_timesteps": 40000}
{"train/iterations": 0, "train/delta_std": 0.05, "train/learning_rate": 0.0018, "train/step_size": 1.2626170074747645e-11, "rollout/return_std": 17820130.0, "rollout/ep_rew_mean": -261019.961127, "rollout/ep_len_mean": 12.0, "time/fps": 2109, "time/time_elapsed": 23, "time/total_timesteps": 50000}
{"rollout/ep_rew_mean": -20146877.68147975, "rollout/ep_len_mean": 505.25, "time/fps": 2108, "time/time_elapsed": 28, "time/total_timesteps": 60000}
{"rollout/ep_rew_mean": -28665219.75015286, "rollout/ep_len_mean": 717.2857142857143, "time/fps": 2109, "time/time_elapsed": 33, "time/total_timesteps": 70000}
{"rollout/ep_rew_mean": -31186459.354404442, "rollout/ep_len_mean": 780.1111111111111, "time/fps": 2111, "time/time_elapsed": 37, "time/total_timesteps": 80000}
{"rollout/ep_rew_mean": -30829185.405369844, "rollout/ep_len_mean": 771.9230769230769, "time/fps": 2112, "time/time_elapsed": 42, "time/total_timesteps": 90000}
{"train/iterations": 1, "train/delta_std": 0.05, "train/learning_rate": 0.0018, "train/step_size": 1.2626229055345828e-11, "rollout/return_std": 17820046.0, "time/fps": 2112, "time/time_elapsed": 47, "time/total_timesteps": 100000}
{"rollout/ep_rew_mean": -39966743.210814, "rollout/ep_len_mean": 1000.0, "time/fps": 2113, "time/time_elapsed": 52, "time/total_timesteps": 110000}
{"rollout/ep_rew_mean": -33397020.7226615, "rollout/ep_len_mean": 835.5, "time/fps": 2113, "time/time_elapsed": 56, "time/total_timesteps": 120000}
{"rollout/ep_rew_mean": -35607559.889400996, "rollout/ep_len_mean": 890.3333333333334, "time/fps": 2115, "time/time_elapsed": 61, "time/total_timesteps": 130000}
{"rollout/ep_rew_mean": -33387196.570897836, "rollout/ep_len_mean": 835.0833333333334, "time/fps": 2115, "time/time_elapsed": 66, "time/total_timesteps": 140000}
{"train/iterations": 2, "train/delta_std": 0.05, "train/learning_rate": 0.0018, "train/step_size": 1.3996079469003053e-11, "rollout/return_std": 16075930.0, "time/fps": 2116, "time/time_elapsed": 70, "time/total_timesteps": 150000}
{"rollout/ep_rew_mean": -40103110.223271, "rollout/ep_len_mean": 1000.0, "time/fps": 2116, "time/time_elapsed": 75, "time/total_timesteps": 160000}
{"rollout/ep_rew_mean": -40049760.35194321, "rollout/ep_len_mean": 1000.0, "time/fps": 2116, "time/time_elapsed": 80, "time/total_timesteps": 170000}
{"rollout/ep_rew_mean": -40020659.62841372, "rollout/ep_len_mean": 1000.0, "time/fps": 2116, "time/time_elapsed": 85, "time/total_timesteps": 180000}
{"rollout/ep_rew_mean": -36426982.01216382, "rollout/ep_len_mean": 910.2727272727273, "time/fps": 2116, "time/time_elapsed": 89, "time/total_timesteps": 190000}
{"rollout/ep_rew_mean": -34351207.3922725, "rollout/ep_len_mean": 858.8571428571429, "time/fps": 2116, "time/time_elapsed": 94, "time/total_timesteps": 200000}
{"train/iterations": 3, "train/delta_std": 0.05, "train/learning_rate": 0.0018, "train/step_size": 1.3989212566123399e-11, "rollout/return_std": 16083821.0, "rollout/ep_rew_mean": -16181892.840877395, "rollout/ep_len_mean": 409.0, "time/fps": 2117, "time/time_elapsed": 99, "time/total_timesteps": 210000}
{"rollout/ep_rew_mean": -20135773.504204623, "rollout/ep_len_mean": 507.25, "time/fps": 2118, "time/time_elapsed": 103, "time/total_timesteps": 220000}
{"rollout/ep_rew_mean": -25520376.626995727, "rollout/ep_len_mean": 641.6363636363636, "time/fps": 2118, "time/time_elapsed": 108, "time/total_timesteps": 230000}
{"rollout/ep_rew_mean": -27751203.607790463, "rollout/ep_len_mean": 696.7692307692307, "time/fps": 2118, "time/time_elapsed": 113, "time/total_timesteps": 240000}
{"train/iterations": 4, "train/delta_std": 0.05, "train/learning_rate": 0.0018, "train/step_size": 1.2669129634268472e-11, "rollout/return_std": 17759704.0, "time/fps": 2117, "time/time_elapsed": 118, "time/total_timesteps": 250000}
{"rollout/ep_rew_mean": -26702462.081372004, "rollout/ep_len_mean": 669.3333333333334, "time/fps": 2117, "time/time_elapsed": 122, "time/total_timesteps": 260000}
{"rollout/ep_rew_mean": -25039828.377650253, "rollout/ep_len_mean": 628.25, "time/fps": 2117, "time/time_elapsed": 127, "time/total_timesteps": 270000}
{"rollout/ep_rew_mean": -25530291.56551064, "rollout/ep_len_mean": 639.7272727272727, "time/fps": 2118, "time/time_elapsed": 132, "time/total_timesteps": 280000}
{"train/iterations": 5, "train/delta_std": 0.05, "train/learning_rate": 0.0018, "train/step_size": 1.1299852546720057e-11, "rollout/return_std": 19911764.0, "time/fps": 2118, "time/time_elapsed": 136, "time/total_timesteps": 290000}
{"rollout/ep_rew_mean": -26814772.906393673, "rollout/ep_len_mean": 676.3333333333334, "time/fps": 2119, "time/time_elapsed": 141, "time/total_timesteps": 300000}
{"rollout/ep_rew_mean": -33384309.302947, "rollout/ep_len_mean": 838.1666666666666, "time/fps": 2119, "time/time_elapsed": 146, "time/total_timesteps": 310000}
{"rollout/ep_rew_mean": -31170727.299862444, "rollout/ep_len_mean": 781.7777777777778, "time/fps": 2119, "time/time_elapsed": 151, "time/total_timesteps": 320000}
{"rollout/ep_rew_mean": -26812208.33200247, "rollout/ep_len_mean": 673.8, "time/fps": 2118, "time/time_elapsed": 155, "time/total_timesteps": 330000}
{"train/iterations": 6, "train/delta_std": 0.05, "train/learning_rate": 0.0018, "train/step_size": 1.1903818208924832e-11, "rollout/return_std": 18901498.0, "rollout/ep_rew_mean": -20106195.483877502, "rollout/ep_len_mean": 503.5, "time/fps": 2118, "time/time_elapsed": 160, "time/total_timesteps": 340000}
{"rollout/ep_rew_mean": -26784096.1893605, "rollout/ep_len_mean": 670.0, "time/fps": 2118, "time/time_elapsed": 165, "time/total_timesteps": 350000}
{"rollout/ep_rew_mean": -21947564.781396363, "rollout/ep_len_mean": 551.3636363636364, "time/fps": 2118, "time/time_elapsed": 169, "time/total_timesteps": 360000}
{"train/iterations": 7, "train/delta_std": 0.05, "train/learning_rate": 0.0018, "train/step_size": 1.1022653276238081e-11, "rollout/return_std": 20412508.0, "time/fps": 2118, "time/time_elapsed": 174, "time/total_timesteps": 370000}
{"rollout/ep_rew_mean": -40073909.1191525, "rollout/ep_len_mean": 1000.0, "time/fps": 2118, "time/time_elapsed": 179, "time/total_timesteps": 380000}
{"rollout/ep_rew_mean": -39988266.793744005, "rollout/ep_len_mean": 1000.0, "time/fps": 2117, "time/time_elapsed": 184, "time/total_timesteps": 390000}
{"rollout/ep_rew_mean": -40020358.03549086, "rollout/ep_len_mean": 1000.0, "time/fps": 2117, "time/time_elapsed": 188, "time/total_timesteps": 400000}
{"rollout/ep_rew_mean": -40044404.5476734, "rollout/ep_len_mean": 1000.0, "time/fps": 2117, "time/time_elapsed": 193, "time/total_timesteps": 410000}
{"rollout/ep_rew_mean": -36981039.82110469, "rollout/ep_len_mean": 923.4615384615385, "time/fps": 2117, "time/time_elapsed": 198, "time/total_timesteps": 420000}
{"train/iterations": 8, "train/delta_std": 0.05, "train/learning_rate": 0.0018, "train/step_size": 2.252658302948074e-11, "rollout/return_std": 9988199.0, "time/fps": 2117, "time/time_elapsed": 203, "time/total_timesteps": 430000}
{"rollout/ep_rew_mean": -16229349.7657428, "rollout/ep_len_mean": 409.8, "time/fps": 2117, "time/time_elapsed": 207, "time/total_timesteps": 440000}
{"rollout/ep_rew_mean": -20172455.422075126, "rollout/ep_len_mean": 510.0, "time/fps": 2117, "time/time_elapsed": 212, "time/total_timesteps": 450000}
{"rollout/ep_rew_mean": -20151040.817860357, "rollout/ep_len_mean": 508.57142857142856,