{"rollout/ep_rew_mean": -19849134.701103, "rollout/ep_len_mean": 670.6666666666666, "time/fps": 3333, "time/time_elapsed": 3, "time/total_timesteps": 10000}
{"rollout/ep_rew_mean": -23716869.9440182, "rollout/ep_len_mean": 802.4, "time/fps": 3331, "time/time_elapsed": 6, "time/total_timesteps": 20000}
{"rollout/ep_rew_mean": -26002998.616548248, "rollout/ep_len_mean": 876.5, "time/fps": 3336, "time/time_elapsed": 8, "time/total_timesteps": 30000}
{"rollout/ep_rew_mean": -24326655.95492218, "rollout/ep_len_mean": 820.8181818181819, "time/fps": 3340, "time/time_elapsed": 11, "time/total_timesteps": 40000}
{"rollout/ep_rew_mean": -25492544.3847605, "rollout/ep_len_mean": 859.2142857142857, "time/fps": 3341, "time/time_elapsed": 14, "time/total_timesteps": 50000}
{"train/iterations": 0, "train/delta_std": 0.05, "train/learning_rate": 0.02, "train/step_size": 2.472554383459169e-10, "rollout/return_std": 10111001.0, "time/fps": 3341, "time/time_elapsed": 17, "time/total_timesteps": 60000}
{"rollout/ep_rew_mean": -22277591.3262505, "rollout/ep_len_mean": 752.0, "time/fps": 3344, "time/time_elapsed": 20, "time/total_timesteps": 70000}
{"rollout/ep_rew_mean": -24799419.62237917, "rollout/ep_len_mean": 834.6666666666666, "time/fps": 3347, "time/time_elapsed": 23, "time/total_timesteps": 80000}
{"rollout/ep_rew_mean": -21525045.249175273, "rollout/ep_len_mean": 730.0, "time/fps": 3350, "time/time_elapsed": 26, "time/total_timesteps": 90000}
{"rollout/ep_rew_mean": -22769628.655943997, "rollout/ep_len_mean": 771.5384615384615, "time/fps": 3352, "time/time_elapsed": 29, "time/total_timesteps": 100000}
{"train/iterations": 1, "train/delta_std": 0.05, "train/learning_rate": 0.02, "train/step_size": 2.100662560566846e-10, "rollout/return_std": 11901007.0, "time/fps": 3353, "time/time_elapsed": 32, "time/total_timesteps": 110000}
{"rollout/ep_rew_mean": -29870220.0, "rollout/ep_len_mean": 1000.0, "time/fps": 3356, "time/time_elapsed": 35, "time/total_timesteps": 120000}
{"rollout/ep_rew_mean": -21382693.98011886, "rollout/ep_len_mean": 724.1428571428571, "time/fps": 3356, "time/time_elapsed": 38, "time/total_timesteps": 130000}
{"rollout/ep_rew_mean": -23235029.785009444, "rollout/ep_len_mean": 785.4444444444445, "time/fps": 3356, "time/time_elapsed": 41, "time/total_timesteps": 140000}
{"rollout/ep_rew_mean": -24573587.229452584, "rollout/ep_len_mean": 839.0833333333334, "time/fps": 3358, "time/time_elapsed": 44, "time/total_timesteps": 150000}
{"rollout/ep_rew_mean": -25326029.269216, "rollout/ep_len_mean": 862.0714285714286, "time/fps": 3358, "time/time_elapsed": 47, "time/total_timesteps": 160000}
{"train/iterations": 2, "train/delta_std": 0.05, "train/learning_rate": 0.02, "train/step_size": 2.48971870897563e-10, "rollout/return_std": 10041295.0, "rollout/ep_rew_mean": -15042245.753366, "rollout/ep_len_mean": 508.5, "time/fps": 3359, "time/time_elapsed": 50, "time/total_timesteps": 170000}
{"rollout/ep_rew_mean": -17918872.4684716, "rollout/ep_len_mean": 605.0, "time/fps": 3361, "time/time_elapsed": 53, "time/total_timesteps": 180000}
{"rollout/ep_rew_mean": -19845179.460346777, "rollout/ep_len_mean": 670.8888888888889, "time/fps": 3362, "time/time_elapsed": 56, "time/total_timesteps": 190000}
{"rollout/ep_rew_mean": -21582470.939565364, "rollout/ep_len_mean": 730.7272727272727, "time/fps": 3362, "time/time_elapsed": 59, "time/total_timesteps": 200000}
{"rollout/ep_rew_mean": -23340495.97088986, "rollout/ep_len_mean": 788.4285714285714, "time/fps": 3363, "time/time_elapsed": 62, "time/total_timesteps": 210000}
{"train/iterations": 3, "train/delta_std": 0.05, "train/learning_rate": 0.02, "train/step_size": 2.0961163360588841e-10, "rollout/return_std": 11926819.0, "rollout/ep_rew_mean": -126810.0, "rollout/ep_len_mean": 16.0, "time/fps": 3363, "time/time_elapsed": 65, "time/total_timesteps": 220000}
{"rollout/ep_rew_mean": -17922850.1086284, "rollout/ep_len_mean": 605.2, "time/fps": 3363, "time/time_elapsed": 68, "time/total_timesteps": 230000}
{"rollout/ep_rew_mean": -18651057.268647, "rollout/ep_len_mean": 630.375, "time/fps": 3364, "time/time_elapsed": 71, "time/total_timesteps": 240000}
{"rollout/ep_rew_mean": -19907658.162461665, "rollout/ep_len_mean": 671.3333333333334, "time/fps": 3365, "time/time_elapsed": 74, "time/total_timesteps": 250000}
{"rollout/ep_rew_mean": -21312986.097176857, "rollout/ep_len_mean": 718.2857142857143, "time/fps": 3366, "time/time_elapsed": 77, "time/total_timesteps": 260000}
{"train/iterations": 4, "train/delta_std": 0.05, "train/learning_rate": 0.02, "train/step_size": 1.8845529303757047e-10, "rollout/return_std": 13265746.0, "rollout/ep_rew_mean": -29559700.0, "rollout/ep_len_mean": 1000.0, "time/fps": 3366, "time/time_elapsed": 80, "time/total_timesteps": 270000}
{"rollout/ep_rew_mean": -17936822.033012, "rollout/ep_len_mean": 615.2, "time/fps": 3365, "time/time_elapsed": 83, "time/total_timesteps": 280000}
{"rollout/ep_rew_mean": -17906826.661533304, "rollout/ep_len_mean": 610.6, "time/fps": 3366, "time/time_elapsed": 86, "time/total_timesteps": 290000}
{"rollout/ep_rew_mean": -19838078.851731833, "rollout/ep_len_mean": 675.5, "time/fps": 3366, "time/time_elapsed": 89, "time/total_timesteps": 300000}
{"train/iterations": 5, "train/delta_std": 0.05, "train/learning_rate": 0.02, "train/step_size": 1.774793367825822e-10, "rollout/return_std": 14086146.0, "time/fps": 3365, "time/time_elapsed": 92, "time/total_timesteps": 310000}
{"rollout/ep_rew_mean": -19939044.82927433, "rollout/ep_len_mean": 669.6666666666666, "time/fps": 3365, "time/time_elapsed": 95, "time/total_timesteps": 320000}
{"rollout/ep_rew_mean": -21314535.48557214, "rollout/ep_len_mean": 717.2857142857143, "time/fps": 3365, "time/time_elapsed": 98, "time/total_timesteps": 330000}
{"rollout/ep_rew_mean": -23192662.192676775, "rollout/ep_len_mean": 780.1111111111111, "time/fps": 3365, "time/time_elapsed": 101, "time/total_timesteps": 340000}
{"rollout/ep_rew_mean": -19834081.485553462, "rollout/ep_len_mean": 670.2, "time/fps": 3365, "time/time_elapsed": 104, "time/total_timesteps": 350000}
{"train/iterations": 6, "train/delta_std": 0.05, "train/learning_rate": 0.02, "train/step_size": 1.7651134720519934e-10, "rollout/return_std": 14163395.0, "rollout/ep_rew_mean": -10003614.147407332, "rollout/ep_len_mean": 342.3333333333333, "time/fps": 3365, "time/time_elapsed": 106, "time/total_timesteps": 360000}
{"rollout/ep_rew_mean": -19466209.640373334, "rollout/ep_len_mean": 671.1666666666666, "time/fps": 3366, "time/time_elapsed": 109, "time/total_timesteps": 370000}
{"rollout/ep_rew_mean": -21977846.381203126, "rollout/ep_len_mean": 753.375, "time/fps": 3366, "time/time_elapsed": 112, "time/total_timesteps": 380000}
{"rollout/ep_rew_mean": -17707235.387392733, "rollout/ep_len_mean": 604.1333333333333, "time/fps": 3366, "time/time_elapsed": 115, "time/total_timesteps": 390000}
{"train/iterations": 7, "train/delta_std": 0.05, "train/learning_rate": 0.02, "train/step_size": 1.7013630781992362e-10, "rollout/return_std": 14694100.0, "rollout/ep_rew_mean": -29806255.366754, "rollout/ep_len_mean": 1000.0, "time/fps": 3366, "time/time_elapsed": 118, "time/total_timesteps": 400000}
{"rollout/ep_rew_mean": -29740754.121382, "rollout/ep_len_mean": 1000.0, "time/fps": 3365, "time/time_elapsed": 121, "time/total_timesteps": 410000}
{"rollout/ep_rew_mean": -29730801.812085506, "rollout/ep_len_mean": 1000.0, "time/fps": 3365, "time/time_elapsed": 124, "time/total_timesteps": 420000}
{"rollout/ep_rew_mean": -29699131.96923689, "rollout/ep_len_mean": 1000.0, "time/fps": 3365, "time/time_elapsed": 127, "time/total_timesteps": 430000}
{"rollout/ep_rew_mean": -29688669.21733446, "rollout/ep_len_mean": 1000.0, "time/fps": 3364, "time/time_elapsed": 130, "time/total_timesteps": 440000}
{"rollout/ep_rew_mean": -27641712.018657293, "rollout/ep_len_mean": 934.0714285714286, "time/fps": 3364, "time/time_elapsed": 133, "time/total_timesteps": 450000}
{"train/iterations": 8, "train/delta_std": 0.05,