{"train/learning_rate": 0.0064, "train/n_updates": 2474, "train/ent_coef": 36.22614288330078, "train/actor_loss": 143062.359375, "train/critic_loss": 4535.70361328125, "train/ent_coef_loss": -7.1682448387146, "time/episodes": 750, "rollout/ep_rew_mean": -231471.73974436, "rollout/ep_len_mean": 12.79, "time/fps": 123, "time/time_elapsed": 81, "time/total_timesteps": 10000}
{"train/learning_rate": 0.0064, "train/n_updates": 4974, "train/ent_coef": 21.320850372314453, "train/actor_loss": 250983.53125, "train/critic_loss": 6092.8876953125, "train/ent_coef_loss": -5.134438514709473, "time/episodes": 1183, "rollout/ep_rew_mean": -92159.17775364, "rollout/ep_len_mean": 4.83, "time/fps": 122, "time/time_elapsed": 163, "time/total_timesteps": 20000}
