{"train/learning_rate": 0.0064, "train/n_updates": 2474, "train/ent_coef": 143545.15625, "train/actor_loss": 20610934.0, "train/critic_loss": 84850.7109375, "train/ent_coef_loss": -669.3831176757812, "time/episodes": 13, "rollout/ep_rew_mean": -12372280.72695023, "rollout/ep_len_mean": 638.6153846153846, "time/fps": 176, "time/time_elapsed": 56, "time/total_timesteps": 10000}
{"train/learning_rate": 0.0064, "train/n_updates": 4974, "train/ent_coef": 3846738280448.0, "train/actor_loss": 240924261089280.0, "train/critic_loss": 112233308749824.0, "train/ent_coef_loss": -1640.376220703125, "time/episodes": 21, "rollout/ep_rew_mean": -15335015.688112048, "rollout/ep_len_mean": 776.2857142857143, "time/fps": 167, "time/time_elapsed": 119, "time/total_timesteps": 20000}
{"train/learning_rate": 0.0064, "train/n_updates": 7474, "train/ent_coef": 3.6847024985052545e+19, "train/actor_loss": 2.2998128300501332e+21, "train/critic_loss": 1.0776700843769274e+21, "train/ent_coef_loss": -2541.689453125, "time/episodes": 33, "rollout/ep_rew_mean": -17085722.71061676, "rollout/ep_len_mean": 857.6363636363636, "time/fps": 163, "time/time_elapsed": 184, "time/total_timesteps": 30000}
{"train/learning_rate": 0.0064, "train/n_updates": 9974, "train/ent_coef": 3.293584250817153e+26, "train/actor_loss": 2.0512160779955765e+28, "train/critic_loss": 9.606593257531268e+27, "train/ent_coef_loss": -3436.358642578125, "time/episodes": 41, "rollout/ep_rew_mean": -17683525.108545195, "rollout/ep_len_mean": 885.4146341463414, "time/fps": 161, "time/time_elapsed": 247, "time/total_timesteps": 40000}
{"train/learning_rate": 0.0064, "train/n_updates": 12474, "train/ent_coef": 2.928234200900982e+33, "train/actor_loss": 1.823709497426468e+35, "train/critic_loss": Infinity, "train/ent_coef_loss": -4336.93408203125, "time/episodes": 53, "rollout/ep_rew_mean": -18241849.989629302, "rollout/ep_len_mean": 911.3584905660377, "time/fps": 161, "time/time_elapsed": 310, "time/total_timesteps": 50000}
