{"rollout/ep_rew_mean": -33544181.908628, "rollout/ep_len_mean": 672.0, "time/fps": 2256, "time/time_elapsed": 4, "time/total_timesteps": 10000}
{"rollout/ep_rew_mean": -33491698.64958417, "rollout/ep_len_mean": 670.5, "time/fps": 2436, "time/time_elapsed": 8, "time/total_timesteps": 20000}
{"rollout/ep_rew_mean": -39049878.39458577, "rollout/ep_len_mean": 780.3333333333334, "time/fps": 2504, "time/time_elapsed": 11, "time/total_timesteps": 30000}
{"rollout/ep_rew_mean": -41061733.170921, "rollout/ep_len_mean": 820.2727272727273, "time/fps": 2541, "time/time_elapsed": 15, "time/total_timesteps": 40000}
{"train/iterations": 0, "train/delta_std": 0.05, "train/learning_rate": 0.02, "train/step_size": 1.1255349430250305e-10, "rollout/return_std": 22211660.0, "time/fps": 2562, "time/time_elapsed": 19, "time/total_timesteps": 50000}
{"rollout/ep_rew_mean": -33534444.526327003, "rollout/ep_len_mean": 672.6666666666666, "time/fps": 2579, "time/time_elapsed": 23, "time/total_timesteps": 60000}
{"rollout/ep_rew_mean": -35849793.87665429, "rollout/ep_len_mean": 720.1428571428571, "time/fps": 2589, "time/time_elapsed": 27, "time/total_timesteps": 70000}
{"rollout/ep_rew_mean": -39025563.07754777, "rollout/ep_len_mean": 782.3333333333334, "time/fps": 2598, "time/time_elapsed": 30, "time/total_timesteps": 80000}
{"rollout/ep_rew_mean": -33484901.63022833, "rollout/ep_len_mean": 671.9333333333333, "time/fps": 2600, "time/time_elapsed": 34, "time/total_timesteps": 90000}
{"train/iterations": 1, "train/delta_std": 0.05, "train/learning_rate": 0.02, "train/step_size": 1.0532989064282461e-10, "rollout/return_std": 23734952.0, "rollout/ep_rew_mean": -50100468.737547, "rollout/ep_len_mean": 1000.0, "time/fps": 2607, "time/time_elapsed": 38, "time/total_timesteps": 100000}
{"rollout/ep_rew_mean": -40097331.3089488, "rollout/ep_len_mean": 801.4, "time/fps": 2612, "time/time_elapsed": 42, "time/total_timesteps": 110000}
{"rollout/ep_rew_mean": -42963767.96538315, "rollout/ep_len_mean": 858.1428571428571, "time/fps": 2616, "time/time_elapsed": 45, "time/total_timesteps": 120000}
{"rollout/ep_rew_mean": -45047807.1143188, "rollout/ep_len_mean": 900.7, "time/fps": 2620, "time/time_elapsed": 49, "time/total_timesteps": 130000}
{"rollout/ep_rew_mean": -45887436.99030917, "rollout/ep_len_mean": 917.25, "time/fps": 2623, "time/time_elapsed": 53, "time/total_timesteps": 140000}
{"train/iterations": 2, "train/delta_std": 0.05, "train/learning_rate": 0.02, "train/step_size": 1.247304620699552e-10, "rollout/return_std": 20043218.0, "rollout/ep_rew_mean": -49953051.709118, "rollout/ep_len_mean": 1000.0, "time/fps": 2626, "time/time_elapsed": 57, "time/total_timesteps": 150000}
{"rollout/ep_rew_mean": -49882153.27657733, "rollout/ep_len_mean": 1000.0, "time/fps": 2628, "time/time_elapsed": 60, "time/total_timesteps": 160000}
{"rollout/ep_rew_mean": -37608495.79490663, "rollout/ep_len_mean": 753.625, "time/fps": 2630, "time/time_elapsed": 64, "time/total_timesteps": 170000}
{"rollout/ep_rew_mean": -33458368.804965418, "rollout/ep_len_mean": 671.3333333333334, "time/fps": 2633, "time/time_elapsed": 68, "time/total_timesteps": 180000}
{"train/iterations": 3, "train/delta_std": 0.05, "train/learning_rate": 0.02, "train/step_size": 1.0101382924565527e-10, "rollout/return_std": 24749086.0, "rollout/ep_rew_mean": -25334425.485783, "rollout/ep_len_mean": 508.0, "time/fps": 2634, "time/time_elapsed": 72, "time/total_timesteps": 190000}
{"rollout/ep_rew_mean": -30219438.713947803, "rollout/ep_len_mean": 604.2, "time/fps": 2637, "time/time_elapsed": 75, "time/total_timesteps": 200000}
{"rollout/ep_rew_mean": -30188003.249467902, "rollout/ep_len_mean": 604.1, "time/fps": 2638, "time/time_elapsed": 79, "time/total_timesteps": 210000}
{"rollout/ep_rew_mean": -33514282.888226673, "rollout/ep_len_mean": 670.0833333333334, "time/fps": 2640, "time/time_elapsed": 83, "time/total_timesteps": 220000}
{"rollout/ep_rew_mean": -36800932.52674834, "rollout/ep_len_mean": 736.0666666666667, "time/fps": 2641, "time/time_elapsed": 87, "time/total_timesteps": 230000}
{"train/iterations": 4, "train/delta_std": 0.05, "train/learning_rate": 0.02, "train/step_size": 1.1232018787277198e-10, "rollout/return_std": 22257798.0, "rollout/ep_rew_mean": -16839912.445829332, "rollout/ep_len_mean": 339.3333333333333, "time/fps": 2643, "time/time_elapsed": 90, "time/total_timesteps": 240000}
{"rollout/ep_rew_mean": -25231464.880910248, "rollout/ep_len_mean": 508.25, "time/fps": 2644, "time/time_elapsed": 94, "time/total_timesteps": 250000}
{"rollout/ep_rew_mean": -30220098.700340897, "rollout/ep_len_mean": 606.6, "time/fps": 2645, "time/time_elapsed": 98, "time/total_timesteps": 260000}
{"train/iterations": 5, "train/delta_std": 0.05, "train/learning_rate": 0.02, "train/step_size": 9.838876935397423e-11, "rollout/return_std": 25409404.0, "rollout/ep_rew_mean": -49987264.7439985, "rollout/ep_len_mean": 1000.0, "time/fps": 2646, "time/time_elapsed": 102, "time/total_timesteps": 270000}
{"rollout/ep_rew_mean": -50102317.70045725, "rollout/ep_len_mean": 1000.0, "time/fps": 2647, "time/time_elapsed": 105, "time/total_timesteps": 280000}
{"rollout/ep_rew_mean": -39019163.04284766, "rollout/ep_len_mean": 780.1111111111111, "time/fps": 2648, "time/time_elapsed": 109, "time/total_timesteps": 290000}
{"rollout/ep_rew_mean": -41040337.290956, "rollout/ep_len_mean": 820.0909090909091, "time/fps": 2649, "time/time_elapsed": 113, "time/total_timesteps": 300000}
{"rollout/ep_rew_mean": -40123640.02556773, "rollout/ep_len_mean": 801.9333333333333, "time/fps": 2650, "time/time_elapsed": 116, "time/total_timesteps": 310000}
{"train/iterations": 6, "train/delta_std": 0.05, "train/learning_rate": 0.02, "train/step_size": 1.244791769661191e-10, "rollout/return_std": 20083680.0, "rollout/ep_rew_mean": -25074954.203272, "rollout/ep_len_mean": 505.0, "time/fps": 2650, "time/time_elapsed": 120, "time/total_timesteps": 320000}
{"rollout/ep_rew_mean": -30154947.4118392, "rollout/ep_len_mean": 605.0, "time/fps": 2651, "time/time_elapsed": 124, "time/total_timesteps": 330000}
{"rollout/ep_rew_mean": -27483965.255550183, "rollout/ep_len_mean": 551.9090909090909, "time/fps": 2651, "time/time_elapsed": 128, "time/total_timesteps": 340000}
{"rollout/ep_rew_mean": -30961880.91515185, "rollout/ep_len_mean": 620.8461538461538, "time/fps": 2652, "time/time_elapsed": 131, "time/total_timesteps": 350000}
{"train/iterations": 7, "train/delta_std": 0.05, "train/learning_rate": 0.02, "train/step_size": 1.0520445625772368e-10, "rollout/return_std": 23763252.0, "time/fps": 2652, "time/time_elapsed": 135, "time/total_timesteps": 360000}
{"rollout/ep_rew_mean": -25236187.736731246, "rollout/ep_len_mean": 505.25, "time/fps": 2653, "time/time_elapsed": 139, "time/total_timesteps": 370000}
{"rollout/ep_rew_mean": -35893310.70888086, "rollout/ep_len_mean": 717.2857142857143, "time/fps": 2654, "time/time_elapsed": 143, "time/total_timesteps": 380000}
{"rollout/ep_rew_mean": -35171180.7188775, "rollout/ep_len_mean": 704.5, "time/fps": 2655, "time/time_elapsed": 146, "time/total_timesteps": 390000}
{"rollout/ep_rew_mean": -35879911.71688015, "rollout/ep_len_mean": 718.2857142857143, "time/fps": 2656, "time/time_elapsed": 150, "time/total_timesteps": 400000}
{"train/iterations": 8, "train/delta_std": 0.05, "train/learning_rate": 0.02, "train/step_size": 1.1244779413166484e-10, "rollout/return_std": 22232540.0, "time/fps": 2657, "time/time_elapsed": 154, "time/total_timesteps": 410000}
{"rollout/ep_rew_mean": -50099101.924446665, "rollout/ep_len_mean": 1000.0, "time/fps": 2657, "time/time_elapsed": 158, "time/total_timesteps": 420000}
{"rollout/ep_rew_mean": -31420109.663837872, "rollout/ep_len_mean": 629.875, "time/fps": 2658, "time/time_elapsed": 161, "time/total_timesteps": 430000}
{"rollout/ep_rew_mean": -30897753.353379462, "rollout/ep_len_mean": 619.5384615384615, "time/fps": 2659, "time/time_elapsed": 165,