{"train/learning_rate": 0.0064, "train/n_updates": 2474, "train/ent_coef": 45.234901428222656, "train/actor_loss": 143232.765625, "train/critic_loss": 5013.927734375, "train/ent_coef_loss": -2.6099979877471924, "time/episodes": 261, "rollout/ep_rew_mean": -504447.68428608996, "rollout/ep_len_mean": 29.4, "time/fps": 281, "time/time_elapsed": 35, "time/total_timesteps": 10000}
{"train/learning_rate": 0.0064, "train/n_updates": 4974, "train/ent_coef": 57.819679260253906, "train/actor_loss": 119582.6015625, "train/critic_loss": 4015.3291015625, "train/ent_coef_loss": -3.1323742866516113, "time/episodes": 664, "rollout/ep_rew_mean": -438522.06657607, "rollout/ep_len_mean": 38.99, "time/fps": 285, "time/time_elapsed": 69, "time/total_timesteps": 20000}
{"train/learning_rate": 0.0064, "train/n_updates": 7474, "train/ent_coef": 44.554901123046875, "train/actor_loss": 102471.203125, "train/critic_loss": 3515.886962890625, "train/ent_coef_loss": -0.5845550298690796, "time/episodes": 1077, "rollout/ep_rew_mean": -191193.74736932002, "rollout/ep_len_mean": 20.57, "time/fps": 286, "time/time_elapsed": 104, "time/total_timesteps": 30000}
{"train/learning_rate": 0.0064, "train/n_updates": 9974, "train/ent_coef": 53.58015441894531, "train/actor_loss": 90558.0390625, "train/critic_loss": 3795.15087890625, "train/ent_coef_loss": 1.6995205879211426, "time/episodes": 1471, "rollout/ep_rew_mean": -289121.28422652, "rollout/ep_len_mean": 28.16, "time/fps": 285, "time/time_elapsed": 139, "time/total_timesteps": 40000}
{"train/learning_rate": 0.0064, "train/n_updates": 12474, "train/ent_coef": 48.7894401550293, "train/actor_loss": 86023.390625, "train/critic_loss": 3696.596435546875, "train/ent_coef_loss": -1.13174569606781, "time/episodes": 1758, "rollout/ep_rew_mean": -189814.88528068, "rollout/ep_len_mean": 33.24, "time/fps": 286, "time/time_elapsed": 174, "time/total_timesteps": 50000}
{"train/learning_rate": 0.0064, "train/n_updates": 14974, "train/ent_coef": 47.762508392333984, "train/actor_loss": 78688.1015625, "train/critic_loss": 3610.7666015625, "train/ent_coef_loss": 0.8339321613311768, "time/episodes": 1969, "rollout/ep_rew_mean": -313765.42869782, "rollout/ep_len_mean": 43.42, "time/fps": 286, "time/time_elapsed": 209, "time/total_timesteps": 60000}
{"train/learning_rate": 0.0064, "train/n_updates": 17474, "train/ent_coef": 52.236995697021484, "train/actor_loss": 71602.765625, "train/critic_loss": 3785.546630859375, "train/ent_coef_loss": 2.5927510261535645, "time/episodes": 2167, "rollout/ep_rew_mean": -464119.2986399299, "rollout/ep_len_mean": 55.98, "time/fps": 286, "time/time_elapsed": 244, "time/total_timesteps": 70000}
{"train/learning_rate": 0.0064, "train/n_updates": 19974, "train/ent_coef": 39.53199768066406, "train/actor_loss": 64533.90625, "train/critic_loss": 3960.520751953125, "train/ent_coef_loss": 0.1894875466823578, "time/episodes": 2349, "rollout/ep_rew_mean": -448347.1034711999, "rollout/ep_len_mean": 57.83, "time/fps": 285, "time/time_elapsed": 279, "time/total_timesteps": 80000}
{"train/learning_rate": 0.0064, "train/n_updates": 22474, "train/ent_coef": 44.651451110839844, "train/actor_loss": 60835.3828125, "train/critic_loss": 3821.005615234375, "train/ent_coef_loss": -0.20691992342472076, "time/episodes": 2485, "rollout/ep_rew_mean": -617838.04924374, "rollout/ep_len_mean": 73.46, "time/fps": 285, "time/time_elapsed": 314, "time/total_timesteps": 90000}
{"train/learning_rate": 0.0064, "train/n_updates": 24974, "train/ent_coef": 36.443458557128906, "train/actor_loss": 59566.828125, "train/critic_loss": 4026.005615234375, "train/ent_coef_loss": -1.093926191329956, "time/episodes": 2692, "rollout/ep_rew_mean": -706524.90411881, "rollout/ep_len_mean": 59.01, "time/fps": 285, "time/time_elapsed": 350, "time/total_timesteps": 100000}
