{"train/learning_rate": 0.0017, "train/entropy_loss": -12.79835258051753, "train/policy_gradient_loss": -0.005929187639412703, "train/value_loss": 7078148942.4, "train/approx_kl": 0.006739522330462933, "train/clip_fraction": 0.0532470703125, "train/loss": 3626330880.0, "train/explained_variance": -1.1920928955078125e-07, "train/std": 1.0059164762496948, "train/n_updates": 10, "train/clip_range": 0.2, "rollout/ep_rew_mean": -121143.88384733001, "rollout/ep_len_mean": 11.32, "time/fps": 1005, "time/time_elapsed": 9, "time/total_timesteps": 10000}
{"train/learning_rate": 0.0017, "train/entropy_loss": -12.854626619815827, "train/policy_gradient_loss": -0.0047830397250436365, "train/value_loss": 6868913800.8, "train/approx_kl": 0.006372534669935703, "train/clip_fraction": 0.04146728515625, "train/loss": 3450418944.0, "train/explained_variance": 0.0, "train/std": 1.0125479698181152, "train/n_updates": 20, "train/clip_range": 0.2, "rollout/ep_rew_mean": -126592.52138861001, "rollout/ep_len_mean": 13.12, "time/fps": 1013, "time/time_elapsed": 19, "time/total_timesteps": 20000}
{"train/learning_rate": 0.0017, "train/entropy_loss": -12.918464115262031, "train/policy_gradient_loss": -0.002322386482228467, "train/value_loss": 6460862861.6, "train/approx_kl": 0.004100116901099682, "train/clip_fraction": 0.01451416015625, "train/loss": 3403842560.0, "train/explained_variance": -1.1920928955078125e-07, "train/std": 1.0202240943908691, "train/n_updates": 30, "train/clip_range": 0.2, "rollout/ep_rew_mean": -121104.26498576997, "rollout/ep_len_mean": 13.63, "time/fps": 1015, "time/time_elapsed": 29, "time/total_timesteps": 30000}
{"train/learning_rate": 0.0017, "train/entropy_loss": -12.979656203091144, "train/policy_gradient_loss": -0.004138459550995321, "train/value_loss": 6384238415.2, "train/approx_kl": 0.0057418253272771835, "train/clip_fraction": 0.03695068359375, "train/loss": 3196902400.0, "train/explained_variance": 0.0, "train/std": 1.0264004468917847, "train/n_updates": 40, "train/clip_range": 0.2, "rollout/ep_rew_mean": -121289.16982122, "rollout/ep_len_mean": 12.79, "time/fps": 1009, "time/time_elapsed": 39, "time/total_timesteps": 40000}
{"train/learning_rate": 0.0017, "train/entropy_loss": -13.098221425712108, "train/policy_gradient_loss": -0.004039512772942544, "train/value_loss": 6316547744.0, "train/approx_kl": 0.005235556047409773, "train/clip_fraction": 0.0279052734375, "train/loss": 3095685376.0, "train/explained_variance": 5.960464477539063e-08, "train/std": 1.0410099029541016, "train/n_updates": 60, "train/clip_range": 0.2, "rollout/ep_rew_mean": -123960.08393537, "rollout/ep_len_mean": 12.98, "time/fps": 910, "time/time_elapsed": 54, "time/total_timesteps": 50000}
{"train/learning_rate": 0.0017, "train/entropy_loss": -13.160866144299508, "train/policy_gradient_loss": -0.0034254923313710604, "train/value_loss": 6440398499.6, "train/approx_kl": 0.005294402129948139, "train/clip_fraction": 0.02662353515625, "train/loss": 2939051776.0, "train/explained_variance": 0.0, "train/std": 1.0472710132598877, "train/n_updates": 70, "train/clip_range": 0.2, "rollout/ep_rew_mean": -130963.43784247998, "rollout/ep_len_mean": 14.6, "time/fps": 922, "time/time_elapsed": 65, "time/total_timesteps": 60000}
{"train/learning_rate": 0.0017, "train/entropy_loss": -13.214894857257605, "train/policy_gradient_loss": -0.004320071180472951, "train/value_loss": 6265213212.4, "train/approx_kl": 0.005608007311820984, "train/clip_fraction": 0.03406982421875, "train/loss": 3227857152.0, "train/explained_variance": 0.0, "train/std": 1.0536631345748901, "train/n_updates": 80, "train/clip_range": 0.2, "rollout/ep_rew_mean": -116530.82379474999, "rollout/ep_len_mean": 12.35, "time/fps": 929, "time/time_elapsed": 75, "time/total_timesteps": 70000}
{"train/learning_rate": 0.0017, "train/entropy_loss": -13.269782546907663, "train/policy_gradient_loss": -0.003146438914427563, "train/value_loss": 6518846906.4, "train/approx_kl": 0.005102976690977812, "train/clip_fraction": 0.02425537109375, "train/loss": 3104482816.0, "train/explained_variance": 5.960464477539063e-08, "train/std": 1.0600135326385498, "train/n_updates": 90, "train/clip_range": 0.2, "rollout/ep_rew_mean": -108555.69040352001, "rollout/ep_len_mean": 14.22, "time/fps": 935, "time/time_elapsed": 85, "time/total_timesteps": 80000}
{"train/learning_rate": 0.0017, "train/entropy_loss": -13.32503863349557, "train/policy_gradient_loss": -0.0035382264401960127, "train/value_loss": 6068432976.4, "train/approx_kl": 0.005783447064459324, "train/clip_fraction": 0.03048095703125, "train/loss": 3230710272.0, "train/explained_variance": 0.0, "train/std": 1.0668981075286865, "train/n_updates": 100, "train/clip_range": 0.2, "rollout/ep_rew_mean": -116169.37132623002, "rollout/ep_len_mean": 13.16, "time/fps": 939, "time/time_elapsed": 95, "time/total_timesteps": 90000}
{"train/learning_rate": 0.0017, "train/entropy_loss": -13.45326511412859, "train/policy_gradient_loss": -0.002946098665415775, "train/value_loss": 6255220816.8, "train/approx_kl": 0.00532067846506834, "train/clip_fraction": 0.02664794921875, "train/loss": 3754333696.0, "train/explained_variance": -1.1920928955078125e-07, "train/std": 1.0824010372161865, "train/n_updates": 120, "train/clip_range": 0.2, "rollout/ep_rew_mean": -113431.58020739003, "rollout/ep_len_mean": 12.92, "time/fps": 893, "time/time_elapsed": 111, "time/total_timesteps": 100000}
{"train/learning_rate": 0.0017, "train/entropy_loss": -13.516506954282523, "train/policy_gradient_loss": -0.004236431424760667, "train/value_loss": 6063743470.0, "train/approx_kl": 0.005648103542625904, "train/clip_fraction": 0.037255859375, "train/loss": 2983148288.0, "train/explained_variance": 0.0, "train/std": 1.0902531147003174, "train/n_updates": 130, "train/clip_range": 0.2, "rollout/ep_rew_mean": -103710.30017309001, "rollout/ep_len_mean": 12.69, "time/fps": 887, "time/time_elapsed": 124, "time/total_timesteps": 110000}
{"train/learning_rate": 0.0017, "train/entropy_loss": -13.576347372680903, "train/policy_gradient_loss": -0.0033376963105183678, "train/value_loss": 5779484507.2, "train/approx_kl": 0.004850355908274651, "train/clip_fraction": 0.026513671875, "train/loss": 2980900864.0, "train/explained_variance": 0.0, "train/std": 1.096921443939209, "train/n_updates": 140, "train/clip_range": 0.2, "rollout/ep_rew_mean": -107013.96972235, "rollout/ep_len_mean": 13.79, "time/fps": 889, "time/time_elapsed": 134, "time/total_timesteps": 120000}
{"train/learning_rate": 0.0017, "train/entropy_loss": -13.64185863956809, "train/policy_gradient_loss": -0.002595569600634917, "train/value_loss": 6033544952.4, "train/approx_kl": 0.0043171849101781845, "train/clip_fraction": 0.01766357421875, "train/loss": 2998108672.0, "train/explained_variance": 0.0, "train/std": 1.106105923652649, "train/n_updates": 150, "train/clip_range": 0.2, "rollout/ep_rew_mean": -106503.64498479001, "rollout/ep_len_mean": 12.95, "time/fps": 891, "time/time_elapsed": 145, "time/total_timesteps": 130000}
{"train/learning_rate": 0.0017, "train/entropy_loss": -13.793762943893672, "train/policy_gradient_loss": -0.003264912127997377, "train/value_loss": 5469819227.2, "train/approx_kl": 0.005075525492429733, "train/clip_fraction": 0.0264892578125, "train/loss": 2972456960.0, "train/explained_variance": 0.0, "train/std": 1.1250158548355103, "train/n_updates": 170, "train/clip_range": 0.2, "rollout/ep_rew_mean": -97302.24511734002, "rollout/ep_len_mean": 12.66, "time/fps": 865, "time/time_elapsed": 161, "time/total_timesteps": 140000}
{"train/learning_rate": 0.0017, "train/entropy_loss": -13.863364882022143, "train/policy_gradient_loss": -0.0046309867864692935, "train/value_loss": 5916905053.6, "train/approx_kl": 0.0059060221537947655, "train/clip_fraction": 0.042431640625, "train/loss": 2994976768.0, "train/explained_variance": 0.0, "train/std": 1.133195161819458, "train/n_updates": 180, "train/clip_range": 0.2, "rollout/ep_rew_mean": -104217.22831291,