{"rollout/ep_rew_mean": -20154795.466945253, "rollout/ep_len_mean": 507.0, "time/fps": 2083, "time/time_elapsed": 4, "time/total_timesteps": 10000}
{"rollout/ep_rew_mean": -22967047.694391005, "rollout/ep_len_mean": 577.2857142857143, "time/fps": 2093, "time/time_elapsed": 9, "time/total_timesteps": 20000}
{"rollout/ep_rew_mean": -25569851.840600368, "rollout/ep_len_mean": 641.5454545454545, "time/fps": 2103, "time/time_elapsed": 14, "time/total_timesteps": 30000}
{"rollout/ep_rew_mean": -27785474.588065464, "rollout/ep_len_mean": 696.6923076923077, "time/fps": 2107, "time/time_elapsed": 18, "time/total_timesteps": 40000}
{"train/iterations": 0, "train/delta_std": 0.05, "train/learning_rate": 0.0018, "train/step_size": 1.1841304846382794e-11, "rollout/return_std": 19001284.0, "rollout/ep_rew_mean": -20092962.8054095, "rollout/ep_len_mean": 504.5, "time/fps": 2104, "time/time_elapsed": 23, "time/total_timesteps": 50000}
{"rollout/ep_rew_mean": -30052058.408789247, "rollout/ep_len_mean": 752.25, "time/fps": 2106, "time/time_elapsed": 28, "time/total_timesteps": 60000}
{"rollout/ep_rew_mean": -27488789.69329478, "rollout/ep_len_mean": 694.7777777777778, "time/fps": 2108, "time/time_elapsed": 33, "time/total_timesteps": 70000}
{"rollout/ep_rew_mean": -29755645.552084543, "rollout/ep_len_mean": 750.2727272727273, "time/fps": 2105, "time/time_elapsed": 37, "time/total_timesteps": 80000}
{"train/iterations": 1, "train/delta_std": 0.05, "train/learning_rate": 0.0018, "train/step_size": 1.217633806283036e-11, "rollout/return_std": 18478462.0, "time/fps": 2106, "time/time_elapsed": 42, "time/total_timesteps": 90000}
{"rollout/ep_rew_mean": -40067069.7766975, "rollout/ep_len_mean": 1000.0, "time/fps": 2107, "time/time_elapsed": 47, "time/total_timesteps": 100000}
{"rollout/ep_rew_mean": -33423804.8936215, "rollout/ep_len_mean": 835.0, "time/fps": 2109, "time/time_elapsed": 52, "time/total_timesteps": 110000}
{"rollout/ep_rew_mean": -35056022.007620625, "rollout/ep_len_mean": 876.25, "time/fps": 2108, "time/time_elapsed": 56, "time/total_timesteps": 120000}
{"rollout/ep_rew_mean": -33348827.98866267, "rollout/ep_len_mean": 835.5833333333334, "time/fps": 2109, "time/time_elapsed": 61, "time/total_timesteps": 130000}
{"rollout/ep_rew_mean": -32035362.65093627, "rollout/ep_len_mean": 803.4666666666667, "time/fps": 2110, "time/time_elapsed": 66, "time/total_timesteps": 140000}
{"train/iterations": 2, "train/delta_std": 0.05, "train/learning_rate": 0.0018, "train/step_size": 1.4077914181620521e-11, "rollout/return_std": 15982480.0, "rollout/ep_rew_mean": -39945086.0542185, "rollout/ep_len_mean": 1000.0, "time/fps": 2110, "time/time_elapsed": 71, "time/total_timesteps": 150000}
{"rollout/ep_rew_mean": -39954870.11577925, "rollout/ep_len_mean": 1000.0, "time/fps": 2110, "time/time_elapsed": 75, "time/total_timesteps": 160000}
{"rollout/ep_rew_mean": -35120373.31847675, "rollout/ep_len_mean": 879.75, "time/fps": 2110, "time/time_elapsed": 80, "time/total_timesteps": 170000}
{"rollout/ep_rew_mean": -36091442.1720238, "rollout/ep_len_mean": 903.8, "time/fps": 2110, "time/time_elapsed": 85, "time/total_timesteps": 180000}
{"rollout/ep_rew_mean": -34360569.870884076, "rollout/ep_len_mean": 861.4285714285714, "time/fps": 2111, "time/time_elapsed": 89, "time/total_timesteps": 190000}
{"train/iterations": 3, "train/delta_std": 0.05, "train/learning_rate": 0.0018, "train/step_size": 1.6758037665876024e-11, "rollout/return_std": 13426393.0, "time/fps": 2111, "time/time_elapsed": 94, "time/total_timesteps": 200000}
{"rollout/ep_rew_mean": -30037903.56565975, "rollout/ep_len_mean": 753.0, "time/fps": 2112, "time/time_elapsed": 99, "time/total_timesteps": 210000}
{"rollout/ep_rew_mean": -33374261.60206716, "rollout/ep_len_mean": 835.3333333333334, "time/fps": 2112, "time/time_elapsed": 104, "time/total_timesteps": 220000}
{"rollout/ep_rew_mean": -32036786.6986709, "rollout/ep_len_mean": 802.5, "time/fps": 2112, "time/time_elapsed": 108, "time/total_timesteps": 230000}
{"rollout/ep_rew_mean": -33372993.727240086, "rollout/ep_len_mean": 835.4166666666666, "time/fps": 2113, "time/time_elapsed": 113, "time/total_timesteps": 240000}
{"rollout/ep_rew_mean": -32043647.63083913, "rollout/ep_len_mean": 802.6666666666666, "time/fps": 2111, "time/time_elapsed": 118, "time/total_timesteps": 250000}
{"train/iterations": 4, "train/delta_std": 0.05, "train/learning_rate": 0.0018, "train/step_size": 1.404259694637311e-11, "rollout/return_std": 16022676.0, "rollout/ep_rew_mean": -39774579.3526295, "rollout/ep_len_mean": 1000.0, "time/fps": 2111, "time/time_elapsed": 123, "time/total_timesteps": 260000}
{"rollout/ep_rew_mean": -39555416.7372345, "rollout/ep_len_mean": 1000.0, "time/fps": 2111, "time/time_elapsed": 127, "time/total_timesteps": 270000}
{"rollout/ep_rew_mean": -25433699.15720491, "rollout/ep_len_mean": 641.3636363636364, "time/fps": 2107, "time/time_elapsed": 132, "time/total_timesteps": 280000}
{"rollout/ep_rew_mean": -27687933.897296846, "rollout/ep_len_mean": 696.5384615384615, "time/fps": 2104, "time/time_elapsed": 137, "time/total_timesteps": 290000}
{"train/iterations": 5, "train/delta_std": 0.05, "train/learning_rate": 0.0018, "train/step_size": 1.2699023256568243e-11, "rollout/return_std": 17717898.0, "rollout/ep_rew_mean": -409260.0, "rollout/ep_len_mean": 15.0, "time/fps": 2099, "time/time_elapsed": 142, "time/total_timesteps": 300000}
{"rollout/ep_rew_mean": -26898890.0, "rollout/ep_len_mean": 671.6666666666666, "time/fps": 2096, "time/time_elapsed": 147, "time/total_timesteps": 310000}
{"rollout/ep_rew_mean": -28768484.94881057, "rollout/ep_len_mean": 720.2857142857143, "time/fps": 2095, "time/time_elapsed": 152, "time/total_timesteps": 320000}
{"rollout/ep_rew_mean": -28192709.013726793, "rollout/ep_len_mean": 706.1, "time/fps": 2093, "time/time_elapsed": 157, "time/total_timesteps": 330000}
{"rollout/ep_rew_mean": -30924732.469415765, "rollout/ep_len_mean": 773.9230769230769, "time/fps": 2091, "time/time_elapsed": 162, "time/total_timesteps": 340000}
{"rollout/ep_rew_mean": -32151781.55571313, "rollout/ep_len_mean": 804.0666666666667, "time/fps": 2092, "time/time_elapsed": 167, "time/total_timesteps": 350000}
{"train/iterations": 6, "train/delta_std": 0.05, "train/learning_rate": 0.0018, "train/step_size": 1.4084739451136752e-11, "rollout/return_std": 15974736.0, "rollout/ep_rew_mean": -39891212.4558965, "rollout/ep_len_mean": 1000.0, "time/fps": 2092, "time/time_elapsed": 172, "time/total_timesteps": 360000}
{"rollout/ep_rew_mean": -31996478.1709414, "rollout/ep_len_mean": 803.2, "time/fps": 2090, "time/time_elapsed": 176, "time/total_timesteps": 370000}
{"rollout/ep_rew_mean": -31142824.920605328, "rollout/ep_len_mean": 781.4444444444445, "time/fps": 2090, "time/time_elapsed": 181, "time/total_timesteps": 380000}
{"rollout/ep_rew_mean": -32774457.92487327, "rollout/ep_len_mean": 821.1818181818181, "time/fps": 2089, "time/time_elapsed": 186, "time/total_timesteps": 390000}
{"rollout/ep_rew_mean": -34334107.21198128, "rollout/ep_len_mean": 859.5, "time/fps": 2089, "time/time_elapsed": 191, "time/total_timesteps": 400000}
{"train/iterations": 7, "train/delta_std": 0.05, "train/learning_rate": 0.0018, "train/step_size": 1.65923455530681e-11, "rollout/return_std": 13560469.0, "time/fps": 2087, "time/time_elapsed": 196, "time/total_timesteps": 410000}
{"rollout/ep_rew_mean": -39938353.356255, "rollout/ep_len_mean": 1000.0, "time/fps": 2087, "time/time_elapsed": 201, "time/total_timesteps": 420000}
{"rollout/ep_rew_mean": -39990314.013753, "rollout/ep_len_mean": 1000.0, "time/fps": 2086, "time/time_elapsed": 206, "time/total_timesteps": 430000}
{"rollout/ep_rew_mean": -35637744.780584894, "rollout/ep_len_mean": 893.7777777777778, "time/fps": 2087, "time/time_elapsed": 210, "time/total_timesteps": 440000}
{"rollout/ep_rew_mean": -30908120.75972762, "rollout/ep_len_mean": 775.4615384615385, "time/fps": 2083, "time/time_elapsed": 215,