{"train/learning_rate": 0.0017, "train/entropy_loss": -12.817864992469548, "train/policy_gradient_loss": -0.007536498728404695, "train/value_loss": 3048679620.4, "train/approx_kl": 0.0055191186256706715, "train/clip_fraction": 0.03001708984375, "train/loss": 1441249024.0, "train/explained_variance": 7.152557373046875e-07, "train/std": 1.0098481178283691, "train/n_updates": 10, "train/clip_range": 0.2, "rollout/ep_rew_mean": -311662.98643701, "rollout/ep_len_mean": 77.46, "time/fps": 1041, "time/time_elapsed": 9, "time/total_timesteps": 10000}
{"train/learning_rate": 0.0017, "train/entropy_loss": -12.907882941514254, "train/policy_gradient_loss": -0.004699500857896055, "train/value_loss": 2820277814.4, "train/approx_kl": 0.004628360271453857, "train/clip_fraction": 0.01802978515625, "train/loss": 1283835008.0, "train/explained_variance": 0.0, "train/std": 1.0201385021209717, "train/n_updates": 20, "train/clip_range": 0.2, "rollout/ep_rew_mean": -266631.98304945993, "rollout/ep_len_mean": 69.76, "time/fps": 1041, "time/time_elapsed": 19, "time/total_timesteps": 20000}
{"train/learning_rate": 0.0017, "train/entropy_loss": -12.989099173247814, "train/policy_gradient_loss": -0.004379644044820452, "train/value_loss": 2837372580.0, "train/approx_kl": 0.00414632074534893, "train/clip_fraction": 0.01458740234375, "train/loss": 1653809920.0, "train/explained_variance": 1.1920928955078125e-07, "train/std": 1.028625726699829, "train/n_updates": 30, "train/clip_range": 0.2, "rollout/ep_rew_mean": -309688.25414386, "rollout/ep_len_mean": 80.37, "time/fps": 1045, "time/time_elapsed": 28, "time/total_timesteps": 30000}
{"train/learning_rate": 0.0017, "train/entropy_loss": -13.073659584671258, "train/policy_gradient_loss": -0.00404831022133294, "train/value_loss": 2497858092.8, "train/approx_kl": 0.003981928341090679, "train/clip_fraction": 0.0122314453125, "train/loss": 1113265152.0, "train/explained_variance": 0.0, "train/std": 1.0391713380813599, "train/n_updates": 40, "train/clip_range": 0.2, "rollout/ep_rew_mean": -239360.44216409003, "rollout/ep_len_mean": 64.89, "time/fps": 1045, "time/time_elapsed": 38, "time/total_timesteps": 40000}
{"train/learning_rate": 0.0017, "train/entropy_loss": -13.271258786320686, "train/policy_gradient_loss": -0.004657520171713258, "train/value_loss": 2360108213.0, "train/approx_kl": 0.004365826025605202, "train/clip_fraction": 0.01414794921875, "train/loss": 945361600.0, "train/explained_variance": -1.1920928955078125e-07, "train/std": 1.0632574558258057, "train/n_updates": 60, "train/clip_range": 0.2, "rollout/ep_rew_mean": -244315.04937675997, "rollout/ep_len_mean": 70.16, "time/fps": 951, "time/time_elapsed": 52, "time/total_timesteps": 50000}
{"train/learning_rate": 0.0017, "train/entropy_loss": -13.361961958557368, "train/policy_gradient_loss": -0.0034953461927216267, "train/value_loss": 2347286669.3, "train/approx_kl": 0.0041563441045582294, "train/clip_fraction": 0.014111328125, "train/loss": 1329052160.0, "train/explained_variance": 0.0, "train/std": 1.072082281112671, "train/n_updates": 70, "train/clip_range": 0.2, "rollout/ep_rew_mean": -232732.46520821002, "rollout/ep_len_mean": 70.01, "time/fps": 965, "time/time_elapsed": 62, "time/total_timesteps": 60000}
{"train/learning_rate": 0.0017, "train/entropy_loss": -13.44257545620203, "train/policy_gradient_loss": -0.005272893001165358, "train/value_loss": 2225914237.8, "train/approx_kl": 0.005317192990332842, "train/clip_fraction": 0.0266357421875, "train/loss": 966519872.0, "train/explained_variance": 0.0, "train/std": 1.082488775253296, "train/n_updates": 80, "train/clip_range": 0.2, "rollout/ep_rew_mean": -234817.91759244996, "rollout/ep_len_mean": 67.89, "time/fps": 975, "time/time_elapsed": 71, "time/total_timesteps": 70000}
{"train/learning_rate": 0.0017, "train/entropy_loss": -13.542455893754958, "train/policy_gradient_loss": -0.005322029644776194, "train/value_loss": 2215483686.7, "train/approx_kl": 0.005300764925777912, "train/clip_fraction": 0.02554931640625, "train/loss": 1010806208.0, "train/explained_variance": 2.384185791015625e-07, "train/std": 1.095837116241455, "train/n_updates": 90, "train/clip_range": 0.2, "rollout/ep_rew_mean": -216404.98630149, "rollout/ep_len_mean": 63.06, "time/fps": 983, "time/time_elapsed": 81, "time/total_timesteps": 80000}
{"train/learning_rate": 0.0017, "train/entropy_loss": -13.641156293451786, "train/policy_gradient_loss": -0.004076704912586137, "train/value_loss": 2200949353.4, "train/approx_kl": 0.004713638685643673, "train/clip_fraction": 0.01837158203125, "train/loss": 1090392320.0, "train/explained_variance": 0.0, "train/std": 1.1068898439407349, "train/n_updates": 100, "train/clip_range": 0.2, "rollout/ep_rew_mean": -207325.83209304002, "rollout/ep_len_mean": 62.14, "time/fps": 989, "time/time_elapsed": 90, "time/total_timesteps": 90000}
{"train/learning_rate": 0.0017, "train/entropy_loss": -13.849214489758015, "train/policy_gradient_loss": -0.004921053772704909, "train/value_loss": 2106673668.1, "train/approx_kl": 0.004718270152807236, "train/clip_fraction": 0.02218017578125, "train/loss": 1055093120.0, "train/explained_variance": 1.1920928955078125e-07, "train/std": 1.133624792098999, "train/n_updates": 120, "train/clip_range": 0.2, "rollout/ep_rew_mean": -213470.80282603993, "rollout/ep_len_mean": 65.54, "time/fps": 949, "time/time_elapsed": 105, "time/total_timesteps": 100000}
{"train/learning_rate": 0.0017, "train/entropy_loss": -13.947414964437485, "train/policy_gradient_loss": -0.005579003101229318, "train/value_loss": 2203019547.6, "train/approx_kl": 0.005183993838727474, "train/clip_fraction": 0.02369384765625, "train/loss": 1035258624.0, "train/explained_variance": -1.1920928955078125e-07, "train/std": 1.145478367805481, "train/n_updates": 130, "train/clip_range": 0.2, "rollout/ep_rew_mean": -189911.50293684995, "rollout/ep_len_mean": 55.8, "time/fps": 955, "time/time_elapsed": 115, "time/total_timesteps": 110000}
{"train/learning_rate": 0.0017, "train/entropy_loss": -14.04968548193574, "train/policy_gradient_loss": -0.0035597357952610762, "train/value_loss": 2102111619.3, "train/approx_kl": 0.004337766207754612, "train/clip_fraction": 0.013818359375, "train/loss": 710021760.0, "train/explained_variance": 0.0, "train/std": 1.1598786115646362, "train/n_updates": 140, "train/clip_range": 0.2, "rollout/ep_rew_mean": -188398.30781059002, "rollout/ep_len_mean": 55.87, "time/fps": 961, "time/time_elapsed": 124, "time/total_timesteps": 120000}
{"train/learning_rate": 0.0017, "train/entropy_loss": -14.154704917222261, "train/policy_gradient_loss": -0.003087395916918467, "train/value_loss": 2122637913.9, "train/approx_kl": 0.0037227761931717396, "train/clip_fraction": 0.01009521484375, "train/loss": 942203392.0, "train/explained_variance": 0.0, "train/std": 1.1730196475982666, "train/n_updates": 150, "train/clip_range": 0.2, "rollout/ep_rew_mean": -196367.09333913997, "rollout/ep_len_mean": 61.71, "time/fps": 967, "time/time_elapsed": 134, "time/total_timesteps": 130000}
{"train/learning_rate": 0.0017, "train/entropy_loss": -14.36463879197836, "train/policy_gradient_loss": -0.004379056396282976, "train/value_loss": 2060658686.0, "train/approx_kl": 0.00400459673255682, "train/clip_fraction": 0.0127197265625, "train/loss": 1178589312.0, "train/explained_variance": 0.0, "train/std": 1.2006257772445679, "train/n_updates": 170, "train/clip_range": 0.2, "rollout/ep_rew_mean": -198534.00401168995, "rollout/ep_len_mean": 59.61, "time/fps": 939, "time/time_elapsed": 149, "time/total_timesteps": 140000}
{"train/learning_rate": 0.0017, "train/entropy_loss": -14.470578986406327, "train/policy_gradient_loss": -0.003440227875034907, "train/value_loss": 1770649230.15, "train/approx_kl": 0.0038431240245699883, "train/clip_fraction": 0.01278076171875, "train/loss": 854051648.0, "train/explained_variance": 0.0, "train/std": 1.2156426906585693, "train/n_updates": 180, "train/clip_range": 0.2, "rollout/ep_rew_mean": -177113.08956509002,