{"train/learning_rate": 0.0001, "train/n_updates": 124, "train/explained_variance": -1.5020370483398438e-05, "train/entropy_loss": -12.78004264831543, "train/policy_loss": -497464.5625, "train/value_loss": 2480608256.0, "train/std": 1.0010688304901123, "rollout/ep_rew_mean": -330297.12072611996, "rollout/ep_len_mean": 67.45, "time/fps": 1942, "time/time_elapsed": 5, "time/total_timesteps": 10000}
{"train/learning_rate": 0.0001, "train/n_updates": 249, "train/explained_variance": -6.9141387939453125e-06, "train/entropy_loss": -12.781365394592285, "train/policy_loss": -120073.859375, "train/value_loss": 160120544.0, "train/std": 1.0012049674987793, "rollout/ep_rew_mean": -284491.28719053, "rollout/ep_len_mean": 62.75, "time/fps": 1967, "time/time_elapsed": 10, "time/total_timesteps": 20000}
{"train/learning_rate": 0.0001, "train/n_updates": 374, "train/explained_variance": 1.0132789611816406e-06, "train/entropy_loss": -12.779046058654785, "train/policy_loss": -304792.6875, "train/value_loss": 1107863424.0, "train/std": 1.0009899139404297, "rollout/ep_rew_mean": -280672.19111809996, "rollout/ep_len_mean": 65.71, "time/fps": 1973, "time/time_elapsed": 15, "time/total_timesteps": 30000}
{"train/learning_rate": 0.0001, "train/n_updates": 499, "train/explained_variance": 2.980232238769531e-07, "train/entropy_loss": -12.778039932250977, "train/policy_loss": -256941.203125, "train/value_loss": 950713152.0, "train/std": 1.000892162322998, "rollout/ep_rew_mean": -237831.31576103, "rollout/ep_len_mean": 54.36, "time/fps": 1958, "time/time_elapsed": 20, "time/total_timesteps": 40000}
{"train/learning_rate": 0.0001, "train/n_updates": 624, "train/explained_variance": 1.3709068298339844e-06, "train/entropy_loss": -12.78172492980957, "train/policy_loss": -160375.15625, "train/value_loss": 209576288.0, "train/std": 1.0012863874435425, "rollout/ep_rew_mean": -241311.49290198003, "rollout/ep_len_mean": 58.73, "time/fps": 949, "time/time_elapsed": 52, "time/total_timesteps": 50000}
{"train/learning_rate": 0.0001, "train/n_updates": 749, "train/explained_variance": -7.152557373046875e-07, "train/entropy_loss": -12.775590896606445, "train/policy_loss": -304106.4375, "train/value_loss": 935193280.0, "train/std": 1.0005383491516113, "rollout/ep_rew_mean": -248586.28082044, "rollout/ep_len_mean": 58.31, "time/fps": 1011, "time/time_elapsed": 59, "time/total_timesteps": 60000}
{"train/learning_rate": 0.0001, "train/n_updates": 874, "train/explained_variance": -9.5367431640625e-07, "train/entropy_loss": -12.773487091064453, "train/policy_loss": -203573.046875, "train/value_loss": 634984832.0, "train/std": 1.0003814697265625, "rollout/ep_rew_mean": -213375.61328649003, "rollout/ep_len_mean": 49.12, "time/fps": 1088, "time/time_elapsed": 64, "time/total_timesteps": 70000}
{"train/learning_rate": 0.0001, "train/n_updates": 999, "train/explained_variance": 0.0, "train/entropy_loss": -12.773436546325684, "train/policy_loss": -305770.0, "train/value_loss": 935772352.0, "train/std": 1.0002676248550415, "rollout/ep_rew_mean": -189723.89438608, "rollout/ep_len_mean": 40.74, "time/fps": 1154, "time/time_elapsed": 69, "time/total_timesteps": 80000}
{"train/learning_rate": 0.0001, "train/n_updates": 1124, "train/explained_variance": -1.1920928955078125e-07, "train/entropy_loss": -12.771515846252441, "train/policy_loss": -195168.59375, "train/value_loss": 620332480.0, "train/std": 1.0001473426818848, "rollout/ep_rew_mean": -197131.9238009, "rollout/ep_len_mean": 43.25, "time/fps": 1211, "time/time_elapsed": 74, "time/total_timesteps": 90000}
{"train/learning_rate": 0.0001, "train/n_updates": 1249, "train/explained_variance": 0.0, "train/entropy_loss": -12.769769668579102, "train/policy_loss": -448000.09375, "train/value_loss": 2223714304.0, "train/std": 0.9999368190765381, "rollout/ep_rew_mean": -223614.23186962, "rollout/ep_len_mean": 53.78, "time/fps": 1258, "time/time_elapsed": 79, "time/total_timesteps": 100000}
{"train/learning_rate": 0.0001, "train/n_updates": 1374, "train/explained_variance": -1.1920928955078125e-07, "train/entropy_loss": -12.769598960876465, "train/policy_loss": -197933.625, "train/value_loss": 479701760.0, "train/std": 0.9998708367347717, "rollout/ep_rew_mean": -213763.95791055, "rollout/ep_len_mean": 54.05, "time/fps": 1303, "time/time_elapsed": 84, "time/total_timesteps": 110000}
{"train/learning_rate": 0.0001, "train/n_updates": 1499, "train/explained_variance": 0.0, "train/entropy_loss": -12.766955375671387, "train/policy_loss": -162709.84375, "train/value_loss": 217818784.0, "train/std": 0.9995982050895691, "rollout/ep_rew_mean": -210866.14295358, "rollout/ep_len_mean": 51.6, "time/fps": 1344, "time/time_elapsed": 89, "time/total_timesteps": 120000}
{"train/learning_rate": 0.0001, "train/n_updates": 1624, "train/explained_variance": 0.0, "train/entropy_loss": -12.767988204956055, "train/policy_loss": -450933.4375, "train/value_loss": 1983432448.0, "train/std": 0.99974524974823, "rollout/ep_rew_mean": -193763.23699134003, "rollout/ep_len_mean": 47.58, "time/fps": 1380, "time/time_elapsed": 94, "time/total_timesteps": 130000}
{"train/learning_rate": 0.0001, "train/n_updates": 1749, "train/explained_variance": 0.0, "train/entropy_loss": -12.770356178283691, "train/policy_loss": -316305.8125, "train/value_loss": 1235397888.0, "train/std": 1.0000061988830566, "rollout/ep_rew_mean": -225457.50833688996, "rollout/ep_len_mean": 60.24, "time/fps": 1408, "time/time_elapsed": 99, "time/total_timesteps": 140000}
{"train/learning_rate": 0.0001, "train/n_updates": 1874, "train/explained_variance": 5.960464477539063e-08, "train/entropy_loss": -12.766509056091309, "train/policy_loss": -206601.484375, "train/value_loss": 645390528.0, "train/std": 0.9996114373207092, "rollout/ep_rew_mean": -205527.0815656, "rollout/ep_len_mean": 53.3, "time/fps": 1429, "time/time_elapsed": 104, "time/total_timesteps": 150000}
{"train/learning_rate": 0.0001, "train/n_updates": 1999, "train/explained_variance": 1.1920928955078125e-07, "train/entropy_loss": -12.76651668548584, "train/policy_loss": -273518.75, "train/value_loss": 1108711040.0, "train/std": 0.9995453953742981, "rollout/ep_rew_mean": -207690.94673497, "rollout/ep_len_mean": 56.75, "time/fps": 1206, "time/time_elapsed": 132, "time/total_timesteps": 160000}
{"train/learning_rate": 0.0001, "train/n_updates": 2124, "train/explained_variance": 0.0, "train/entropy_loss": -12.764275550842285, "train/policy_loss": -112507.5234375, "train/value_loss": 117784240.0, "train/std": 0.9993151426315308, "rollout/ep_rew_mean": -181717.42610156, "rollout/ep_len_mean": 46.19, "time/fps": 1232, "time/time_elapsed": 137, "time/total_timesteps": 170000}
{"train/learning_rate": 0.0001, "train/n_updates": 2249, "train/explained_variance": 0.0, "train/entropy_loss": -12.76334285736084, "train/policy_loss": -352610.28125, "train/value_loss": 1515407872.0, "train/std": 0.9992434978485107, "rollout/ep_rew_mean": -178472.4406464, "rollout/ep_len_mean": 45.65, "time/fps": 1257, "time/time_elapsed": 143, "time/total_timesteps": 180000}
{"train/learning_rate": 0.0001, "train/n_updates": 2374, "train/explained_variance": 1.1920928955078125e-07, "train/entropy_loss": -12.759198188781738, "train/policy_loss": -321135.9375, "train/value_loss": 1236989952.0, "train/std": 0.9987742304801941, "rollout/ep_rew_mean": -189986.20151937997, "rollout/ep_len_mean": 53.12, "time/fps": 1280, "time/time_elapsed": 148, "time/total_timesteps": 190000}
{"train/learning_rate": 0.0001, "train/n_updates": 2499, "train/explained_variance": 0.0, "train/entropy_loss": -12.76706600189209, "train/policy_loss": -190657.609375, "train/value_loss": 1823247744.0, "train/std": 0.9996994733810425, "rollout/ep_rew_mean": -169803.16962217996, "rollout/ep_len_mean": 48.87, "time/fps": 1302, "time/time_elapsed": 153, "time/total_timesteps": 200000}
{"train/learning_rate": 0.0001, "train/n_updates": 2624, "train/explained_variance": -1.1920928955078125e-07, "train/entropy_loss": -12.764965057373047,