{"rollout/ep_rew_mean": -33050012.187098335, "rollout/ep_len_mean": 668.0, "time/fps": 1556, "time/time_elapsed": 6, "time/total_timesteps": 10000}
{"rollout/ep_rew_mean": -39784946.4549502, "rollout/ep_len_mean": 800.8, "time/fps": 1605, "time/time_elapsed": 12, "time/total_timesteps": 20000}
{"rollout/ep_rew_mean": -43519930.928012125, "rollout/ep_len_mean": 875.5, "time/fps": 1619, "time/time_elapsed": 18, "time/total_timesteps": 30000}
{"rollout/ep_rew_mean": -44815831.2849191, "rollout/ep_len_mean": 900.4, "time/fps": 1624, "time/time_elapsed": 24, "time/total_timesteps": 40000}
{"rollout/ep_rew_mean": -42678943.892611146, "rollout/ep_len_mean": 858.1428571428571, "time/fps": 1628, "time/time_elapsed": 30, "time/total_timesteps": 50000}
{"train/iterations": 0, "train/delta_std": 0.05, "train/learning_rate": 0.02, "train/step_size": 1.4747605914244843e-10, "rollout/return_std": 16951904.0, "rollout/ep_rew_mean": -267926.179056, "rollout/ep_len_mean": 14.0, "time/fps": 1622, "time/time_elapsed": 36, "time/total_timesteps": 60000}
{"rollout/ep_rew_mean": -37506581.41505075, "rollout/ep_len_mean": 753.5, "time/fps": 1628, "time/time_elapsed": 42, "time/total_timesteps": 70000}
{"rollout/ep_rew_mean": -41610329.03191984, "rollout/ep_len_mean": 835.6666666666666, "time/fps": 1633, "time/time_elapsed": 48, "time/total_timesteps": 80000}
{"rollout/ep_rew_mean": -33339737.990658253, "rollout/ep_len_mean": 670.0833333333334, "time/fps": 1636, "time/time_elapsed": 54, "time/total_timesteps": 90000}
{"rollout/ep_rew_mean": -35705494.955782935, "rollout/ep_len_mean": 717.2142857142857, "time/fps": 1636, "time/time_elapsed": 61, "time/total_timesteps": 100000}
{"train/iterations": 1, "train/delta_std": 0.05, "train/learning_rate": 0.02, "train/step_size": 1.1259610604996695e-10, "rollout/return_std": 22203254.0, "rollout/ep_rew_mean": -26057996.5084055, "rollout/ep_len_mean": 531.5, "time/fps": 1636, "time/time_elapsed": 67, "time/total_timesteps": 110000}
{"rollout/ep_rew_mean": -37861880.812065996, "rollout/ep_len_mean": 765.75, "time/fps": 1636, "time/time_elapsed": 73, "time/total_timesteps": 120000}
{"rollout/ep_rew_mean": -33469280.163418446, "rollout/ep_len_mean": 678.1111111111111, "time/fps": 1637, "time/time_elapsed": 79, "time/total_timesteps": 130000}
{"rollout/ep_rew_mean": -33492955.823396336, "rollout/ep_len_mean": 677.8333333333334, "time/fps": 1636, "time/time_elapsed": 85, "time/total_timesteps": 140000}
{"rollout/ep_rew_mean": -36775969.282591335, "rollout/ep_len_mean": 742.2666666666667, "time/fps": 1637, "time/time_elapsed": 91, "time/total_timesteps": 150000}
{"train/iterations": 2, "train/delta_std": 0.05, "train/learning_rate": 0.02, "train/step_size": 1.1460797588735971e-10, "rollout/return_std": 21813490.0, "rollout/ep_rew_mean": -50033644.10249, "rollout/ep_len_mean": 1000.0, "time/fps": 1638, "time/time_elapsed": 97, "time/total_timesteps": 160000}
{"rollout/ep_rew_mean": -49908663.118688755, "rollout/ep_len_mean": 1000.0, "time/fps": 1639, "time/time_elapsed": 103, "time/total_timesteps": 170000}
{"rollout/ep_rew_mean": -49984137.90789867, "rollout/ep_len_mean": 1000.0, "time/fps": 1640, "time/time_elapsed": 109, "time/total_timesteps": 180000}
{"rollout/ep_rew_mean": -44926768.46919851, "rollout/ep_len_mean": 900.5, "time/fps": 1641, "time/time_elapsed": 115, "time/total_timesteps": 190000}
{"rollout/ep_rew_mean": -45737540.585675925, "rollout/ep_len_mean": 917.0833333333334, "time/fps": 1642, "time/time_elapsed": 121, "time/total_timesteps": 200000}
{"rollout/ep_rew_mean": -46594058.62591974, "rollout/ep_len_mean": 933.6666666666666, "time/fps": 1640, "time/time_elapsed": 127, "time/total_timesteps": 210000}
{"train/iterations": 3, "train/delta_std": 0.05, "train/learning_rate": 0.02, "train/step_size": 2.0069390593846492e-10, "rollout/return_std": 12456780.0, "rollout/ep_rew_mean": -50076284.67902, "rollout/ep_len_mean": 1000.0, "time/fps": 1641, "time/time_elapsed": 134, "time/total_timesteps": 220000}
{"rollout/ep_rew_mean": -50001147.916161254, "rollout/ep_len_mean": 1000.0, "time/fps": 1642, "time/time_elapsed": 140, "time/total_timesteps": 230000}
{"rollout/ep_rew_mean": -30065508.2739574, "rollout/ep_len_mean": 604.1, "time/fps": 1641, "time/time_elapsed": 146, "time/total_timesteps": 240000}
{"rollout/ep_rew_mean": -30056347.442569397, "rollout/ep_len_mean": 604.9333333333333, "time/fps": 1642, "time/time_elapsed": 152, "time/total_timesteps": 250000}
{"train/iterations": 4, "train/delta_std": 0.05, "train/learning_rate": 0.02, "train/step_size": 1.0055699328770373e-10, "rollout/return_std": 24861522.0, "rollout/ep_rew_mean": -49831211.081231, "rollout/ep_len_mean": 1000.0, "time/fps": 1641, "time/time_elapsed": 158, "time/total_timesteps": 260000}
{"rollout/ep_rew_mean": -49861041.027591005, "rollout/ep_len_mean": 1000.0, "time/fps": 1641, "time/time_elapsed": 164, "time/total_timesteps": 270000}
{"rollout/ep_rew_mean": -49898165.17138817, "rollout/ep_len_mean": 1000.0, "time/fps": 1641, "time/time_elapsed": 170, "time/total_timesteps": 280000}
{"rollout/ep_rew_mean": -49926955.90617701, "rollout/ep_len_mean": 1000.0, "time/fps": 1640, "time/time_elapsed": 176, "time/total_timesteps": 290000}
{"rollout/ep_rew_mean": -49897743.76285183, "rollout/ep_len_mean": 1000.0, "time/fps": 1637, "time/time_elapsed": 183, "time/total_timesteps": 300000}
{"train/iterations": 5, "train/delta_std": 0.05, "train/learning_rate": 0.02, "train/step_size": 1.5011521192764832e-10, "rollout/return_std": 16653875.0, "time/fps": 1633, "time/time_elapsed": 189, "time/total_timesteps": 310000}
{"rollout/ep_rew_mean": -49757863.970075, "rollout/ep_len_mean": 1000.0, "time/fps": 1632, "time/time_elapsed": 196, "time/total_timesteps": 320000}
{"rollout/ep_rew_mean": -49846459.7553218, "rollout/ep_len_mean": 1000.0, "time/fps": 1629, "time/time_elapsed": 202, "time/total_timesteps": 330000}
{"rollout/ep_rew_mean": -49902198.12690972, "rollout/ep_len_mean": 1000.0, "time/fps": 1629, "time/time_elapsed": 208, "time/total_timesteps": 340000}
{"rollout/ep_rew_mean": -49820128.8557586, "rollout/ep_len_mean": 1000.0, "time/fps": 1626, "time/time_elapsed": 215, "time/total_timesteps": 350000}
{"rollout/ep_rew_mean": -49852231.96798325, "rollout/ep_len_mean": 1000.0, "time/fps": 1627, "time/time_elapsed": 221, "time/total_timesteps": 360000}
{"train/iterations": 6, "train/delta_std": 0.05, "train/learning_rate": 0.02, "train/step_size": 1.4985912510923072e-10, "rollout/return_std": 16682334.0, "rollout/ep_rew_mean": -49807289.55454, "rollout/ep_len_mean": 1000.0, "time/fps": 1624, "time/time_elapsed": 227, "time/total_timesteps": 370000}
{"rollout/ep_rew_mean": -49852351.64543799, "rollout/ep_len_mean": 1000.0, "time/fps": 1623, "time/time_elapsed": 234, "time/total_timesteps": 380000}
{"rollout/ep_rew_mean": -37520405.39083837, "rollout/ep_len_mean": 754.625, "time/fps": 1622, "time/time_elapsed": 240, "time/total_timesteps": 390000}
{"rollout/ep_rew_mean": -40020068.87728679, "rollout/ep_len_mean": 803.7, "time/fps": 1620, "time/time_elapsed": 246, "time/total_timesteps": 400000}
{"train/iterations": 7, "train/delta_std": 0.05, "train/learning_rate": 0.02, "train/step_size": 1.0516372495050774e-10, "rollout/return_std": 23772456.0, "time/fps": 1620, "time/time_elapsed": 253, "time/total_timesteps": 410000}
{"rollout/ep_rew_mean": -25075084.750249498, "rollout/ep_len_mean": 504.75, "time/fps": 1618, "time/time_elapsed": 259, "time/total_timesteps": 420000}
{"rollout/ep_rew_mean": -33329056.713464994, "rollout/ep_len_mean": 669.8333333333334, "time/fps": 1618, "time/time_elapsed": 265, "time/total_timesteps": 430000}
{"rollout/ep_rew_mean": -34950928.99185379, "rollout/ep_len_mean": 702.7, "time/fps": 1616, "time/time_elapsed": 272, "time/total_timesteps": 440000}
{"rollout/ep_rew_mean": -30007647.48534926, "rollout/ep_len_mean": 606.0, "time/fps": 1615, "time/time_elapsed": 278, "time/total_timesteps": 450000}
{"train/iterations": 8,