{"train/learning_rate": 0.0064, "train/n_updates": 2474, "train/ent_coef": 7101543.0, "train/actor_loss": 1062111744.0, "train/critic_loss": 7028832.5, "train/ent_coef_loss": -889.3135986328125, "time/episodes": 11, "rollout/ep_rew_mean": -14515851.67507909, "rollout/ep_len_mean": 756.2727272727273, "time/fps": 165, "time/time_elapsed": 60, "time/total_timesteps": 10000}
{"train/learning_rate": 0.0064, "train/n_updates": 4974, "train/ent_coef": 63153681465344.0, "train/actor_loss": 3954122449485824.0, "train/critic_loss": 1842718674255872.0, "train/ent_coef_loss": -1798.78271484375, "time/episodes": 19, "rollout/ep_rew_mean": -16790221.49609842, "rollout/ep_len_mean": 858.8947368421053, "time/fps": 163, "time/time_elapsed": 122, "time/total_timesteps": 20000}
{"train/learning_rate": 0.0064, "train/n_updates": 7474, "train/ent_coef": 5.612462557560266e+20, "train/actor_loss": 3.5030274672182077e+22, "train/critic_loss": 1.6414844896729643e+22, "train/ent_coef_loss": -2695.329345703125, "time/episodes": 31, "rollout/ep_rew_mean": -18000773.175028063, "rollout/ep_len_mean": 913.516129032258, "time/fps": 163, "time/time_elapsed": 183, "time/total_timesteps": 30000}
{"train/learning_rate": 0.0064, "train/n_updates": 9974, "train/ent_coef": 4.986877445195571e+27, "train/actor_loss": 3.1057846433572057e+29, "train/critic_loss": 1.4545522508820508e+29, "train/ent_coef_loss": -3589.292724609375, "time/episodes": 39, "rollout/ep_rew_mean": -18393943.80579154, "rollout/ep_len_mean": 931.2564102564103, "time/fps": 162, "time/time_elapsed": 245, "time/total_timesteps": 40000}
