{"train/learning_rate": 0.0017, "train/entropy_loss": -12.813506516814233, "train/policy_gradient_loss": -0.006498672040652309, "train/value_loss": 3604096772.8, "train/approx_kl": 0.004587744828313589, "train/clip_fraction": 0.0250244140625, "train/loss": 1758596480.0, "train/explained_variance": 0.0, "train/std": 1.0089287757873535, "train/n_updates": 10, "train/clip_range": 0.2, "rollout/ep_rew_mean": -380231.04006662004, "rollout/ep_len_mean": 84.74, "time/fps": 1028, "time/time_elapsed": 9, "time/total_timesteps": 10000}
{"train/learning_rate": 0.0017, "train/entropy_loss": -12.886899032443761, "train/policy_gradient_loss": -0.005489768037296017, "train/value_loss": 3129221965.1, "train/approx_kl": 0.004726329352706671, "train/clip_fraction": 0.022314453125, "train/loss": 1400630784.0, "train/explained_variance": 1.1920928955078125e-07, "train/std": 1.0165644884109497, "train/n_updates": 20, "train/clip_range": 0.2, "rollout/ep_rew_mean": -324122.15201475, "rollout/ep_len_mean": 78.32, "time/fps": 1029, "time/time_elapsed": 19, "time/total_timesteps": 20000}
{"train/learning_rate": 0.0017, "train/entropy_loss": -12.96003038957715, "train/policy_gradient_loss": -0.005289439306216082, "train/value_loss": 2997941757.5, "train/approx_kl": 0.004904051311314106, "train/clip_fraction": 0.02706298828125, "train/loss": 1329133056.0, "train/explained_variance": -1.1920928955078125e-07, "train/std": 1.025278925895691, "train/n_updates": 30, "train/clip_range": 0.2, "rollout/ep_rew_mean": -292939.57280794997, "rollout/ep_len_mean": 70.52, "time/fps": 1030, "time/time_elapsed": 29, "time/total_timesteps": 30000}
{"train/learning_rate": 0.0017, "train/entropy_loss": -13.030018712580205, "train/policy_gradient_loss": -0.005013634416900459, "train/value_loss": 2977941250.5, "train/approx_kl": 0.004694953560829163, "train/clip_fraction": 0.01494140625, "train/loss": 1643795072.0, "train/explained_variance": 0.0, "train/std": 1.0325113534927368, "train/n_updates": 40, "train/clip_range": 0.2, "rollout/ep_rew_mean": -268703.25834296, "rollout/ep_len_mean": 67.63, "time/fps": 1026, "time/time_elapsed": 38, "time/total_timesteps": 40000}
{"train/learning_rate": 0.0017, "train/entropy_loss": -13.183463431149722, "train/policy_gradient_loss": -0.003462735467655875, "train/value_loss": 2744053560.8, "train/approx_kl": 0.0038512132596224546, "train/clip_fraction": 0.00948486328125, "train/loss": 1061770304.0, "train/explained_variance": -1.1920928955078125e-07, "train/std": 1.0509569644927979, "train/n_updates": 60, "train/clip_range": 0.2, "rollout/ep_rew_mean": -259395.05040116998, "rollout/ep_len_mean": 64.9, "time/fps": 930, "time/time_elapsed": 53, "time/total_timesteps": 50000}
{"train/learning_rate": 0.0017, "train/entropy_loss": -13.26192811280489, "train/policy_gradient_loss": -0.003262890427686216, "train/value_loss": 2652256241.0, "train/approx_kl": 0.004346851259469986, "train/clip_fraction": 0.0162353515625, "train/loss": 1312223488.0, "train/explained_variance": 0.0, "train/std": 1.0607821941375732, "train/n_updates": 70, "train/clip_range": 0.2, "rollout/ep_rew_mean": -224893.02950671, "rollout/ep_len_mean": 57.33, "time/fps": 942, "time/time_elapsed": 63, "time/total_timesteps": 60000}
{"train/learning_rate": 0.0017, "train/entropy_loss": -13.343489072471858, "train/policy_gradient_loss": -0.004170089045328495, "train/value_loss": 2677496890.6, "train/approx_kl": 0.004536321386694908, "train/clip_fraction": 0.01689453125, "train/loss": 1400080000.0, "train/explained_variance": 0.0, "train/std": 1.0700576305389404, "train/n_updates": 80, "train/clip_range": 0.2, "rollout/ep_rew_mean": -219352.53614177997, "rollout/ep_len_mean": 55.34, "time/fps": 951, "time/time_elapsed": 73, "time/total_timesteps": 70000}
{"train/learning_rate": 0.0017, "train/entropy_loss": -13.420421949774028, "train/policy_gradient_loss": -0.004272004615904735, "train/value_loss": 2709011156.7, "train/approx_kl": 0.004627330228686333, "train/clip_fraction": 0.0166748046875, "train/loss": 1303929216.0, "train/explained_variance": 1.1920928955078125e-07, "train/std": 1.079251766204834, "train/n_updates": 90, "train/clip_range": 0.2, "rollout/ep_rew_mean": -222251.17975035, "rollout/ep_len_mean": 52.5, "time/fps": 957, "time/time_elapsed": 83, "time/total_timesteps": 80000}
{"train/learning_rate": 0.0017, "train/entropy_loss": -13.50064112842083, "train/policy_gradient_loss": -0.004188132492345176, "train/value_loss": 2829695688.4, "train/approx_kl": 0.004553395323455334, "train/clip_fraction": 0.01795654296875, "train/loss": 1281231232.0, "train/explained_variance": 0.0, "train/std": 1.0893961191177368, "train/n_updates": 100, "train/clip_range": 0.2, "rollout/ep_rew_mean": -204819.83511929997, "rollout/ep_len_mean": 53.27, "time/fps": 962, "time/time_elapsed": 93, "time/total_timesteps": 90000}
{"train/learning_rate": 0.0017, "train/entropy_loss": -13.664277686178684, "train/policy_gradient_loss": -0.003378973496819526, "train/value_loss": 2452041441.9, "train/approx_kl": 0.003555815666913986, "train/clip_fraction": 0.0087158203125, "train/loss": 1232423424.0, "train/explained_variance": 0.0, "train/std": 1.11006498336792, "train/n_updates": 120, "train/clip_range": 0.2, "rollout/ep_rew_mean": -203660.00020663, "rollout/ep_len_mean": 54.29, "time/fps": 919, "time/time_elapsed": 108, "time/total_timesteps": 100000}
{"train/learning_rate": 0.0017, "train/entropy_loss": -13.755737792700529, "train/policy_gradient_loss": -0.004011899850138434, "train/value_loss": 2509080615.6, "train/approx_kl": 0.004676133394241333, "train/clip_fraction": 0.017529296875, "train/loss": 1141199360.0, "train/explained_variance": 0.0, "train/std": 1.121126651763916, "train/n_updates": 130, "train/clip_range": 0.2, "rollout/ep_rew_mean": -212945.53066872005, "rollout/ep_len_mean": 56.28, "time/fps": 924, "time/time_elapsed": 119, "time/total_timesteps": 110000}
{"train/learning_rate": 0.0017, "train/entropy_loss": -13.844680258631707, "train/policy_gradient_loss": -0.0037519996854825876, "train/value_loss": 2387362247.7, "train/approx_kl": 0.004072363954037428, "train/clip_fraction": 0.01474609375, "train/loss": 1066897408.0, "train/explained_variance": 1.1920928955078125e-07, "train/std": 1.1320242881774902, "train/n_updates": 140, "train/clip_range": 0.2, "rollout/ep_rew_mean": -192582.15702258996, "rollout/ep_len_mean": 48.2, "time/fps": 924, "time/time_elapsed": 129, "time/total_timesteps": 120000}
{"train/learning_rate": 0.0017, "train/entropy_loss": -13.9238124884665, "train/policy_gradient_loss": -0.0036770366907148853, "train/value_loss": 2607764789.1, "train/approx_kl": 0.004295399412512779, "train/clip_fraction": 0.016162109375, "train/loss": 1548252672.0, "train/explained_variance": -1.1920928955078125e-07, "train/std": 1.1410969495773315, "train/n_updates": 150, "train/clip_range": 0.2, "rollout/ep_rew_mean": -182098.09761149998, "rollout/ep_len_mean": 47.85, "time/fps": 926, "time/time_elapsed": 140, "time/total_timesteps": 130000}
{"train/learning_rate": 0.0017, "train/entropy_loss": -14.131147889047861, "train/policy_gradient_loss": -0.004653409441561962, "train/value_loss": 2269521954.8, "train/approx_kl": 0.0048166182823479176, "train/clip_fraction": 0.017919921875, "train/loss": 1031736448.0, "train/explained_variance": 0.0, "train/std": 1.1707431077957153, "train/n_updates": 170, "train/clip_range": 0.2, "rollout/ep_rew_mean": -192917.97522110003, "rollout/ep_len_mean": 54.73, "time/fps": 900, "time/time_elapsed": 155, "time/total_timesteps": 140000}
{"train/learning_rate": 0.0017, "train/entropy_loss": -14.232981327176095, "train/policy_gradient_loss": -0.0031539085275653633, "train/value_loss": 2078055609.25, "train/approx_kl": 0.0038560840766876936, "train/clip_fraction": 0.012646484375, "train/loss": 1354660608.0, "train/explained_variance": 0.0, "train/std": 1.1819748878479004, "train/n_updates": 180, "train/clip_range": 0.2, "rollout/ep_rew_mean": -190713.0855881,