{"train/learning_rate": 0.0017, "train/entropy_loss": -12.799986566603184, "train/policy_gradient_loss": -0.00823228075478255, "train/value_loss": 3767550908.0, "train/approx_kl": 0.005790158174932003, "train/clip_fraction": 0.04000244140625, "train/loss": 1735219840.0, "train/explained_variance": 2.086162567138672e-06, "train/std": 1.0060559511184692, "train/n_updates": 10, "train/clip_range": 0.2, "rollout/ep_rew_mean": -306779.98118737, "rollout/ep_len_mean": 63.27, "time/fps": 965, "time/time_elapsed": 10, "time/total_timesteps": 10000}
{"train/learning_rate": 0.0017, "train/entropy_loss": -12.872621378302574, "train/policy_gradient_loss": -0.005819701580003311, "train/value_loss": 3259496535.0, "train/approx_kl": 0.004175227135419846, "train/clip_fraction": 0.01978759765625, "train/loss": 1678048512.0, "train/explained_variance": 0.0, "train/std": 1.0162243843078613, "train/n_updates": 20, "train/clip_range": 0.2, "rollout/ep_rew_mean": -252825.97849328, "rollout/ep_len_mean": 54.3, "time/fps": 967, "time/time_elapsed": 20, "time/total_timesteps": 20000}
{"train/learning_rate": 0.0017, "train/entropy_loss": -12.955020153522492, "train/policy_gradient_loss": -0.005632130139110814, "train/value_loss": 3252065270.0, "train/approx_kl": 0.004816009663045406, "train/clip_fraction": 0.01907958984375, "train/loss": 1474760832.0, "train/explained_variance": 1.1920928955078125e-07, "train/std": 1.0245274305343628, "train/n_updates": 30, "train/clip_range": 0.2, "rollout/ep_rew_mean": -261554.65793436003, "rollout/ep_len_mean": 57.88, "time/fps": 968, "time/time_elapsed": 30, "time/total_timesteps": 30000}
{"train/learning_rate": 0.0017, "train/entropy_loss": -13.029195066541433, "train/policy_gradient_loss": -0.00380386878759964, "train/value_loss": 3107414450.2, "train/approx_kl": 0.0040534185245633125, "train/clip_fraction": 0.01171875, "train/loss": 1597902592.0, "train/explained_variance": -1.1920928955078125e-07, "train/std": 1.0332802534103394, "train/n_updates": 40, "train/clip_range": 0.2, "rollout/ep_rew_mean": -251822.3940768, "rollout/ep_len_mean": 58.14, "time/fps": 968, "time/time_elapsed": 41, "time/total_timesteps": 40000}
{"train/learning_rate": 0.0017, "train/entropy_loss": -13.207119809091092, "train/policy_gradient_loss": -0.005464722436408919, "train/value_loss": 2574382402.1, "train/approx_kl": 0.005442272871732712, "train/clip_fraction": 0.028955078125, "train/loss": 1337407872.0, "train/explained_variance": 1.1920928955078125e-07, "train/std": 1.054603099822998, "train/n_updates": 60, "train/clip_range": 0.2, "rollout/ep_rew_mean": -226175.83102356, "rollout/ep_len_mean": 55.35, "time/fps": 884, "time/time_elapsed": 56, "time/total_timesteps": 50000}
{"train/learning_rate": 0.0017, "train/entropy_loss": -13.291895528137683, "train/policy_gradient_loss": -0.0033743323634553234, "train/value_loss": 2663002011.0, "train/approx_kl": 0.0038123312406241894, "train/clip_fraction": 0.0137939453125, "train/loss": 1155328000.0, "train/explained_variance": 0.0, "train/std": 1.064038634300232, "train/n_updates": 70, "train/clip_range": 0.2, "rollout/ep_rew_mean": -206750.44359401, "rollout/ep_len_mean": 49.28, "time/fps": 897, "time/time_elapsed": 66, "time/total_timesteps": 60000}
{"train/learning_rate": 0.0017, "train/entropy_loss": -13.368542203307152, "train/policy_gradient_loss": -0.005005669742968166, "train/value_loss": 2535931028.4, "train/approx_kl": 0.004713763482868671, "train/clip_fraction": 0.0279052734375, "train/loss": 1144431744.0, "train/explained_variance": 2.384185791015625e-07, "train/std": 1.0727474689483643, "train/n_updates": 80, "train/clip_range": 0.2, "rollout/ep_rew_mean": -225559.67866059995, "rollout/ep_len_mean": 54.67, "time/fps": 907, "time/time_elapsed": 77, "time/total_timesteps": 70000}
{"train/learning_rate": 0.0017, "train/entropy_loss": -13.446409776061774, "train/policy_gradient_loss": -0.004560256470176683, "train/value_loss": 2677554654.5, "train/approx_kl": 0.00476881954818964, "train/clip_fraction": 0.0182373046875, "train/loss": 1121652608.0, "train/explained_variance": 0.0, "train/std": 1.0827255249023438, "train/n_updates": 90, "train/clip_range": 0.2, "rollout/ep_rew_mean": -212408.75603969005, "rollout/ep_len_mean": 51.68, "time/fps": 914, "time/time_elapsed": 87, "time/total_timesteps": 80000}
{"train/learning_rate": 0.0017, "train/entropy_loss": -13.52853566929698, "train/policy_gradient_loss": -0.0030327862874401034, "train/value_loss": 2632740321.2, "train/approx_kl": 0.003710712306201458, "train/clip_fraction": 0.01119384765625, "train/loss": 1352441984.0, "train/explained_variance": -1.1920928955078125e-07, "train/std": 1.0925909280776978, "train/n_updates": 100, "train/clip_range": 0.2, "rollout/ep_rew_mean": -229724.18905885998, "rollout/ep_len_mean": 59.47, "time/fps": 919, "time/time_elapsed": 97, "time/total_timesteps": 90000}
{"train/learning_rate": 0.0017, "train/entropy_loss": -13.708549106866121, "train/policy_gradient_loss": -0.0038505686681673977, "train/value_loss": 2405208744.1, "train/approx_kl": 0.004798161797225475, "train/clip_fraction": 0.017041015625, "train/loss": 1132606720.0, "train/explained_variance": -1.1920928955078125e-07, "train/std": 1.115971565246582, "train/n_updates": 120, "train/clip_range": 0.2, "rollout/ep_rew_mean": -199845.93276757005, "rollout/ep_len_mean": 51.79, "time/fps": 883, "time/time_elapsed": 113, "time/total_timesteps": 100000}
{"train/learning_rate": 0.0017, "train/entropy_loss": -13.7986892439425, "train/policy_gradient_loss": -0.004087659136166622, "train/value_loss": 2548374550.8, "train/approx_kl": 0.004619758576154709, "train/clip_fraction": 0.0152587890625, "train/loss": 1146769920.0, "train/explained_variance": 1.1920928955078125e-07, "train/std": 1.1254606246948242, "train/n_updates": 130, "train/clip_range": 0.2, "rollout/ep_rew_mean": -183097.08898504995, "rollout/ep_len_mean": 46.47, "time/fps": 886, "time/time_elapsed": 124, "time/total_timesteps": 110000}
{"train/learning_rate": 0.0017, "train/entropy_loss": -13.873946807533503, "train/policy_gradient_loss": -0.0034715549436441506, "train/value_loss": 2353215182.6, "train/approx_kl": 0.0037821826990693808, "train/clip_fraction": 0.01358642578125, "train/loss": 1183127936.0, "train/explained_variance": 0.0, "train/std": 1.1347819566726685, "train/n_updates": 140, "train/clip_range": 0.2, "rollout/ep_rew_mean": -189221.6055423001, "rollout/ep_len_mean": 50.16, "time/fps": 884, "time/time_elapsed": 135, "time/total_timesteps": 120000}
{"train/learning_rate": 0.0017, "train/entropy_loss": -13.954459193348885, "train/policy_gradient_loss": -0.0036204695477863426, "train/value_loss": 2450653902.9, "train/approx_kl": 0.004607128910720348, "train/clip_fraction": 0.01553955078125, "train/loss": 1151314944.0, "train/explained_variance": 1.7881393432617188e-07, "train/std": 1.1457794904708862, "train/n_updates": 150, "train/clip_range": 0.2, "rollout/ep_rew_mean": -176664.49263902998, "rollout/ep_len_mean": 44.35, "time/fps": 883, "time/time_elapsed": 147, "time/total_timesteps": 130000}
{"train/learning_rate": 0.0017, "train/entropy_loss": -14.139365200698375, "train/policy_gradient_loss": -0.004299219206495763, "train/value_loss": 2500347970.6, "train/approx_kl": 0.005493746139109135, "train/clip_fraction": 0.02593994140625, "train/loss": 1149856768.0, "train/explained_variance": 1.1920928955078125e-07, "train/std": 1.1687569618225098, "train/n_updates": 170, "train/clip_range": 0.2, "rollout/ep_rew_mean": -167308.27896295, "rollout/ep_len_mean": 41.96, "time/fps": 853, "time/time_elapsed": 164, "time/total_timesteps": 140000}
{"train/learning_rate": 0.0017, "train/entropy_loss": -14.226143044233321, "train/policy_gradient_loss": -0.004021994106551574, "train/value_loss": 2097836169.8, "train/approx_kl": 0.004863541107624769, "train/clip_fraction": 0.02103271484375, "train/loss": 1012831360.0, "train/explained_variance": 0.0, "train/std": 1.1815776824951172, "train/n_updates": 180,