{"train/learning_rate": 0.0064, "train/n_updates": 2474, "train/ent_coef": 66.38580322265625, "train/actor_loss": 47813.08984375, "train/critic_loss": 5142.998046875, "train/ent_coef_loss": -2.684248924255371, "time/episodes": 264, "rollout/ep_rew_mean": -135323.46985362002, "rollout/ep_len_mean": 32.78, "time/fps": 153, "time/time_elapsed": 65, "time/total_timesteps": 10000}
{"train/learning_rate": 0.0064, "train/n_updates": 4974, "train/ent_coef": 43.48748016357422, "train/actor_loss": 47043.94921875, "train/critic_loss": 4951.74951171875, "train/ent_coef_loss": 3.153675079345703, "time/episodes": 511, "rollout/ep_rew_mean": -121473.99767605003, "rollout/ep_len_mean": 50.19, "time/fps": 150, "time/time_elapsed": 133, "time/total_timesteps": 20000}
{"train/learning_rate": 0.0064, "train/n_updates": 7474, "train/ent_coef": 42.66862106323242, "train/actor_loss": 38773.0, "train/critic_loss": 3960.96533203125, "train/ent_coef_loss": 0.46543869376182556, "time/episodes": 663, "rollout/ep_rew_mean": -141662.66926043003, "rollout/ep_len_mean": 72.37, "time/fps": 147, "time/time_elapsed": 203, "time/total_timesteps": 30000}
