{"rollout/ep_rew_mean": -26796291.606218, "rollout/ep_len_mean": 671.3333333333334, "time/fps": 1852, "time/time_elapsed": 5, "time/total_timesteps": 10000}
{"rollout/ep_rew_mean": -32082730.312252603, "rollout/ep_len_mean": 802.8, "time/fps": 1898, "time/time_elapsed": 10, "time/total_timesteps": 20000}
{"rollout/ep_rew_mean": -35052957.590762, "rollout/ep_len_mean": 876.75, "time/fps": 1929, "time/time_elapsed": 15, "time/total_timesteps": 30000}
{"rollout/ep_rew_mean": -30071674.81096008, "rollout/ep_len_mean": 752.9166666666666, "time/fps": 1931, "time/time_elapsed": 20, "time/total_timesteps": 40000}
{"train/iterations": 0, "train/delta_std": 0.05, "train/learning_rate": 0.02, "train/step_size": 1.4029077899380127e-10, "rollout/return_std": 17820130.0, "rollout/ep_rew_mean": -219778.201936, "rollout/ep_len_mean": 11.0, "time/fps": 1928, "time/time_elapsed": 25, "time/total_timesteps": 50000}
{"rollout/ep_rew_mean": -26816170.127107996, "rollout/ep_len_mean": 670.3333333333334, "time/fps": 1930, "time/time_elapsed": 31, "time/total_timesteps": 60000}
{"rollout/ep_rew_mean": -33451755.594310164, "rollout/ep_len_mean": 835.1666666666666, "time/fps": 1934, "time/time_elapsed": 36, "time/total_timesteps": 70000}
{"rollout/ep_rew_mean": -35118125.96269012, "rollout/ep_len_mean": 876.375, "time/fps": 1934, "time/time_elapsed": 41, "time/total_timesteps": 80000}
{"rollout/ep_rew_mean": -33418967.58539766, "rollout/ep_len_mean": 835.9166666666666, "time/fps": 1931, "time/time_elapsed": 46, "time/total_timesteps": 90000}
{"rollout/ep_rew_mean": -34375354.94082885, "rollout/ep_len_mean": 859.3571428571429, "time/fps": 1932, "time/time_elapsed": 51, "time/total_timesteps": 100000}
{"train/iterations": 1, "train/delta_std": 0.05, "train/learning_rate": 0.02, "train/step_size": 1.5606692327363447e-10, "rollout/return_std": 16018769.0, "rollout/ep_rew_mean": -39881699.808952, "rollout/ep_len_mean": 1000.0, "time/fps": 1933, "time/time_elapsed": 56, "time/total_timesteps": 110000}
{"rollout/ep_rew_mean": -39982316.127053, "rollout/ep_len_mean": 1000.0, "time/fps": 1935, "time/time_elapsed": 62, "time/total_timesteps": 120000}
{"rollout/ep_rew_mean": -35034196.708013505, "rollout/ep_len_mean": 876.25, "time/fps": 1935, "time/time_elapsed": 67, "time/total_timesteps": 130000}
{"rollout/ep_rew_mean": -36007188.046881504, "rollout/ep_len_mean": 901.0, "time/fps": 1937, "time/time_elapsed": 72, "time/total_timesteps": 140000}
{"rollout/ep_rew_mean": -34296485.86680686, "rollout/ep_len_mean": 858.3571428571429, "time/fps": 1939, "time/time_elapsed": 77, "time/total_timesteps": 150000}
{"train/iterations": 2, "train/delta_std": 0.05, "train/learning_rate": 0.02, "train/step_size": 1.8371310028797438e-10, "rollout/return_std": 13608175.0, "time/fps": 1940, "time/time_elapsed": 82, "time/total_timesteps": 160000}
{"rollout/ep_rew_mean": -40083361.22308367, "rollout/ep_len_mean": 1000.0, "time/fps": 1941, "time/time_elapsed": 87, "time/total_timesteps": 170000}
{"rollout/ep_rew_mean": -40088794.096801996, "rollout/ep_len_mean": 1000.0, "time/fps": 1942, "time/time_elapsed": 92, "time/total_timesteps": 180000}
{"rollout/ep_rew_mean": -39929635.40431338, "rollout/ep_len_mean": 1000.0, "time/fps": 1943, "time/time_elapsed": 97, "time/total_timesteps": 190000}
{"rollout/ep_rew_mean": -33328688.761222586, "rollout/ep_len_mean": 835.5833333333334, "time/fps": 1943, "time/time_elapsed": 102, "time/total_timesteps": 200000}
{"train/iterations": 3, "train/delta_std": 0.05, "train/learning_rate": 0.02, "train/step_size": 1.560391121868676e-10, "rollout/return_std": 16021625.0, "time/fps": 1944, "time/time_elapsed": 108, "time/total_timesteps": 210000}
{"rollout/ep_rew_mean": -26691405.85941733, "rollout/ep_len_mean": 669.0, "time/fps": 1944, "time/time_elapsed": 113, "time/total_timesteps": 220000}
{"rollout/ep_rew_mean": -28625940.925378285, "rollout/ep_len_mean": 718.0, "time/fps": 1944, "time/time_elapsed": 118, "time/total_timesteps": 230000}
{"rollout/ep_rew_mean": -31150585.67994678, "rollout/ep_len_mean": 780.6666666666666, "time/fps": 1945, "time/time_elapsed": 123, "time/total_timesteps": 240000}
{"train/iterations": 4, "train/delta_std": 0.05, "train/learning_rate": 0.02, "train/step_size": 1.2542708538454406e-10, "rollout/return_std": 19931900.0, "rollout/ep_rew_mean": -145828.57477950002, "rollout/ep_len_mean": 9.5, "time/fps": 1945, "time/time_elapsed": 128, "time/total_timesteps": 250000}
{"rollout/ep_rew_mean": -20126333.38653975, "rollout/ep_len_mean": 504.75, "time/fps": 1946, "time/time_elapsed": 133, "time/total_timesteps": 260000}
{"rollout/ep_rew_mean": -18314942.44206409, "rollout/ep_len_mean": 459.90909090909093, "time/fps": 1947, "time/time_elapsed": 138, "time/total_timesteps": 270000}
{"rollout/ep_rew_mean": -21666072.786917076, "rollout/ep_len_mean": 543.0, "time/fps": 1947, "time/time_elapsed": 143, "time/total_timesteps": 280000}
{"train/iterations": 5, "train/delta_std": 0.05, "train/learning_rate": 0.02, "train/step_size": 1.223333240263358e-10, "rollout/return_std": 20435968.0, "rollout/ep_rew_mean": -20198337.5102055, "rollout/ep_len_mean": 510.5, "time/fps": 1947, "time/time_elapsed": 148, "time/total_timesteps": 290000}
{"rollout/ep_rew_mean": -15167430.829839626, "rollout/ep_len_mean": 385.0, "time/fps": 1947, "time/time_elapsed": 154, "time/total_timesteps": 300000}
{"rollout/ep_rew_mean": -20127648.1007325, "rollout/ep_len_mean": 507.5833333333333, "time/fps": 1947, "time/time_elapsed": 159, "time/total_timesteps": 310000}
{"rollout/ep_rew_mean": -22955294.31763893, "rollout/ep_len_mean": 577.9285714285714, "time/fps": 1948, "time/time_elapsed": 164, "time/total_timesteps": 320000}
{"train/iterations": 6, "train/delta_std": 0.05, "train/learning_rate": 0.02, "train/step_size": 1.2604539634253342e-10, "rollout/return_std": 19834122.0, "rollout/ep_rew_mean": -40175858.391774, "rollout/ep_len_mean": 1000.0, "time/fps": 1948, "time/time_elapsed": 169, "time/total_timesteps": 330000}
{"rollout/ep_rew_mean": -40096485.88837334, "rollout/ep_len_mean": 1000.0, "time/fps": 1948, "time/time_elapsed": 174, "time/total_timesteps": 340000}
{"rollout/ep_rew_mean": -34385803.807687856, "rollout/ep_len_mean": 858.2857142857143, "time/fps": 1948, "time/time_elapsed": 179, "time/total_timesteps": 350000}
{"rollout/ep_rew_mean": -32084323.310449094, "rollout/ep_len_mean": 801.4, "time/fps": 1949, "time/time_elapsed": 184, "time/total_timesteps": 360000}
{"train/iterations": 7, "train/delta_std": 0.05, "train/learning_rate": 0.02, "train/step_size": 1.3073567228794047e-10, "rollout/return_std": 19122554.0, "time/fps": 1949, "time/time_elapsed": 189, "time/total_timesteps": 370000}
{"rollout/ep_rew_mean": -40052397.410519004, "rollout/ep_len_mean": 1000.0, "time/fps": 1949, "time/time_elapsed": 194, "time/total_timesteps": 380000}
{"rollout/ep_rew_mean": -28690125.375535283, "rollout/ep_len_mean": 716.7142857142857, "time/fps": 1949, "time/time_elapsed": 200, "time/total_timesteps": 390000}
{"rollout/ep_rew_mean": -31230557.595731113, "rollout/ep_len_mean": 779.6666666666666, "time/fps": 1950, "time/time_elapsed": 205, "time/total_timesteps": 400000}
{"rollout/ep_rew_mean": -33465445.96876483, "rollout/ep_len_mean": 834.75, "time/fps": 1950, "time/time_elapsed": 210, "time/total_timesteps": 410000}
{"rollout/ep_rew_mean": -34374958.435742, "rollout/ep_len_mean": 858.3571428571429, "time/fps": 1949, "time/time_elapsed": 215, "time/total_timesteps": 420000}
{"train/iterations": 8, "train/delta_std": 0.05, "train/learning_rate": 0.02, "train/step_size": 1.554693734862056e-10, "rollout/return_std": 16080337.0, "rollout/ep_rew_mean": -40142736.272212, "rollout/ep_len_mean": 1000.0, "time/fps": 1950, "time/time_elapsed": 220, "time/total_timesteps": 430000}
{"rollout/ep_rew_mean": -32110241.796211798, "rollout/ep_len_mean": 801.0, "time/fps": 1951, "time/time_elapsed": 225, "time/total_timesteps": 440000}
{"rollout/ep_rew_mean": -31249120.425030887,