{"rollout/ep_rew_mean": -29823685.532889, "rollout/ep_len_mean": 1000.0, "time/fps": 1911, "time/time_elapsed": 5, "time/total_timesteps": 10000}
{"rollout/ep_rew_mean": -29715496.486083, "rollout/ep_len_mean": 1000.0, "time/fps": 1975, "time/time_elapsed": 10, "time/total_timesteps": 20000}
{"rollout/ep_rew_mean": -29763904.953995716, "rollout/ep_len_mean": 1000.0, "time/fps": 2002, "time/time_elapsed": 14, "time/total_timesteps": 30000}
{"rollout/ep_rew_mean": -29785473.587244667, "rollout/ep_len_mean": 1000.0, "time/fps": 2014, "time/time_elapsed": 19, "time/total_timesteps": 40000}
{"rollout/ep_rew_mean": -29778196.594402835, "rollout/ep_len_mean": 1000.0, "time/fps": 2022, "time/time_elapsed": 24, "time/total_timesteps": 50000}
{"rollout/ep_rew_mean": -29769360.739620216, "rollout/ep_len_mean": 1000.0, "time/fps": 2028, "time/time_elapsed": 29, "time/total_timesteps": 60000}
{"train/iterations": 0, "train/delta_std": 0.05, "train/learning_rate": 0.0018, "train/step_size": 1.4273179305135386e-09, "rollout/return_std": 157638.3125, "rollout/ep_rew_mean": -29729682.733111, "rollout/ep_len_mean": 1000.0, "time/fps": 2022, "time/time_elapsed": 34, "time/total_timesteps": 70000}
{"rollout/ep_rew_mean": -15139013.397337168, "rollout/ep_len_mean": 513.6666666666666, "time/fps": 2027, "time/time_elapsed": 39, "time/total_timesteps": 80000}
{"rollout/ep_rew_mean": -20043581.376744222, "rollout/ep_len_mean": 675.7777777777778, "time/fps": 2031, "time/time_elapsed": 44, "time/total_timesteps": 90000}
{"rollout/ep_rew_mean": -18468080.303025074, "rollout/ep_len_mean": 623.7692307692307, "time/fps": 2034, "time/time_elapsed": 49, "time/total_timesteps": 100000}
{"train/iterations": 1, "train/delta_std": 0.05, "train/learning_rate": 0.0018, "train/step_size": 1.590784622085284e-11, "rollout/return_std": 14143964.0, "time/fps": 2035, "time/time_elapsed": 54, "time/total_timesteps": 110000}
{"rollout/ep_rew_mean": -19828637.247465, "rollout/ep_len_mean": 671.3333333333334, "time/fps": 2038, "time/time_elapsed": 58, "time/total_timesteps": 120000}
{"rollout/ep_rew_mean": -21284416.631206427, "rollout/ep_len_mean": 720.8571428571429, "time/fps": 2040, "time/time_elapsed": 63, "time/total_timesteps": 130000}
{"rollout/ep_rew_mean": -23192667.768739555, "rollout/ep_len_mean": 782.8888888888889, "time/fps": 2040, "time/time_elapsed": 68, "time/total_timesteps": 140000}
{"rollout/ep_rew_mean": -22976823.78438092, "rollout/ep_len_mean": 773.8461538461538, "time/fps": 2041, "time/time_elapsed": 73, "time/total_timesteps": 150000}
{"rollout/ep_rew_mean": -23886138.023906533, "rollout/ep_len_mean": 804.0, "time/fps": 2043, "time/time_elapsed": 78, "time/total_timesteps": 160000}
{"train/iterations": 2, "train/delta_std": 0.05, "train/learning_rate": 0.0018, "train/step_size": 1.8941617371814878e-11, "rollout/return_std": 11878605.0, "rollout/ep_rew_mean": -29733737.7355405, "rollout/ep_len_mean": 1000.0, "time/fps": 2043, "time/time_elapsed": 83, "time/total_timesteps": 170000}
{"rollout/ep_rew_mean": -29776029.29001175, "rollout/ep_len_mean": 1000.0, "time/fps": 2043, "time/time_elapsed": 88, "time/total_timesteps": 180000}
{"rollout/ep_rew_mean": -29815220.13018286, "rollout/ep_len_mean": 1000.0, "time/fps": 2044, "time/time_elapsed": 92, "time/total_timesteps": 190000}
{"rollout/ep_rew_mean": -29787005.342853114, "rollout/ep_len_mean": 1000.0, "time/fps": 2047, "time/time_elapsed": 97, "time/total_timesteps": 200000}
{"rollout/ep_rew_mean": -29802416.29195525, "rollout/ep_len_mean": 1000.0, "time/fps": 2048, "time/time_elapsed": 102, "time/total_timesteps": 210000}
{"rollout/ep_rew_mean": -29802088.104207646, "rollout/ep_len_mean": 1000.0, "time/fps": 2049, "time/time_elapsed": 107, "time/total_timesteps": 220000}
{"train/iterations": 3, "train/delta_std": 0.05, "train/learning_rate": 0.0018, "train/step_size": 1.6190265794691072e-09, "rollout/return_std": 138972.390625, "rollout/ep_rew_mean": -29789598.813519, "rollout/ep_len_mean": 1000.0, "time/fps": 2049, "time/time_elapsed": 112, "time/total_timesteps": 230000}
{"rollout/ep_rew_mean": -29842603.515834, "rollout/ep_len_mean": 1000.0, "time/fps": 2049, "time/time_elapsed": 117, "time/total_timesteps": 240000}
{"rollout/ep_rew_mean": -22370545.38231775, "rollout/ep_len_mean": 752.75, "time/fps": 2050, "time/time_elapsed": 121, "time/total_timesteps": 250000}
{"rollout/ep_rew_mean": -19926618.231567334, "rollout/ep_len_mean": 672.9166666666666, "time/fps": 2050, "time/time_elapsed": 126, "time/total_timesteps": 260000}
{"rollout/ep_rew_mean": -21888334.322749734, "rollout/ep_len_mean": 738.3333333333334, "time/fps": 2050, "time/time_elapsed": 131, "time/total_timesteps": 270000}
{"train/iterations": 4, "train/delta_std": 0.05, "train/learning_rate": 0.0018, "train/step_size": 1.6972829391947997e-11, "rollout/return_std": 13256482.0, "rollout/ep_rew_mean": -29370710.0, "rollout/ep_len_mean": 1000.0, "time/fps": 2050, "time/time_elapsed": 136, "time/total_timesteps": 280000}
{"rollout/ep_rew_mean": -29516730.492885746, "rollout/ep_len_mean": 1000.0, "time/fps": 2051, "time/time_elapsed": 141, "time/total_timesteps": 290000}
{"rollout/ep_rew_mean": -25364564.69010557, "rollout/ep_len_mean": 859.0, "time/fps": 2050, "time/time_elapsed": 146, "time/total_timesteps": 300000}
{"rollout/ep_rew_mean": -26593778.3821086, "rollout/ep_len_mean": 901.3, "time/fps": 2044, "time/time_elapsed": 151, "time/total_timesteps": 310000}
{"rollout/ep_rew_mean": -25057257.469348688, "rollout/ep_len_mean": 847.7692307692307, "time/fps": 2040, "time/time_elapsed": 156, "time/total_timesteps": 320000}
{"train/iterations": 5, "train/delta_std": 0.05, "train/learning_rate": 0.0018, "train/step_size": 2.229934639719211e-11, "rollout/return_std": 10089982.0, "time/fps": 2040, "time/time_elapsed": 161, "time/total_timesteps": 330000}
{"rollout/ep_rew_mean": -29702281.642123, "rollout/ep_len_mean": 1000.0, "time/fps": 2037, "time/time_elapsed": 166, "time/total_timesteps": 340000}
{"rollout/ep_rew_mean": -29753466.189582605, "rollout/ep_len_mean": 1000.0, "time/fps": 2034, "time/time_elapsed": 172, "time/total_timesteps": 350000}
{"rollout/ep_rew_mean": -23214173.36330478, "rollout/ep_len_mean": 781.6666666666666, "time/fps": 2033, "time/time_elapsed": 177, "time/total_timesteps": 360000}
{"rollout/ep_rew_mean": -21337589.57836643, "rollout/ep_len_mean": 719.1428571428571, "time/fps": 2031, "time/time_elapsed": 182, "time/total_timesteps": 370000}
{"train/iterations": 6, "train/delta_std": 0.05, "train/learning_rate": 0.0018, "train/step_size": 1.6984941231257267e-11, "rollout/return_std": 13247028.0, "time/fps": 2030, "time/time_elapsed": 187, "time/total_timesteps": 380000}
{"rollout/ep_rew_mean": -17914685.541239, "rollout/ep_len_mean": 605.4, "time/fps": 2025, "time/time_elapsed": 192, "time/total_timesteps": 390000}
{"rollout/ep_rew_mean": -21244502.414759427, "rollout/ep_len_mean": 718.1428571428571, "time/fps": 2023, "time/time_elapsed": 197, "time/total_timesteps": 400000}
{"rollout/ep_rew_mean": -21660867.135659635, "rollout/ep_len_mean": 731.1818181818181, "time/fps": 2022, "time/time_elapsed": 202, "time/total_timesteps": 410000}
{"rollout/ep_rew_mean": -21579061.5868135, "rollout/ep_len_mean": 732.0, "time/fps": 2019, "time/time_elapsed": 208, "time/total_timesteps": 420000}
{"train/iterations": 7, "train/delta_std": 0.05, "train/learning_rate": 0.0018, "train/step_size": 1.7464125631749816e-11, "rollout/return_std": 12883553.0, "rollout/ep_rew_mean": -224559.4532335, "rollout/ep_len_mean": 18.0, "time/fps": 2016, "time/time_elapsed": 213, "time/total_timesteps": 430000}
{"rollout/ep_rew_mean": -17978740.514886998, "rollout/ep_len_mean": 607.2, "time/fps": 2016, "time/time_elapsed": 218, "time/total_timesteps": 440000}
