{"rollout/ep_rew_mean": -33544181.908628, "rollout/ep_len_mean": 672.0, "time/fps": 1715, "time/time_elapsed": 5, "time/total_timesteps": 10000}
{"rollout/ep_rew_mean": -33491698.64958417, "rollout/ep_len_mean": 670.5, "time/fps": 1717, "time/time_elapsed": 11, "time/total_timesteps": 20000}
{"rollout/ep_rew_mean": -39049878.39458577, "rollout/ep_len_mean": 780.3333333333334, "time/fps": 1720, "time/time_elapsed": 17, "time/total_timesteps": 30000}
{"rollout/ep_rew_mean": -41061733.170921, "rollout/ep_len_mean": 820.2727272727273, "time/fps": 1720, "time/time_elapsed": 23, "time/total_timesteps": 40000}
{"train/iterations": 0, "train/delta_std": 0.05, "train/learning_rate": 0.0018, "train/step_size": 1.0129814521919744e-11, "rollout/return_std": 22211660.0, "time/fps": 1720, "time/time_elapsed": 29, "time/total_timesteps": 50000}
{"rollout/ep_rew_mean": -49993326.0496985, "rollout/ep_len_mean": 1000.0, "time/fps": 1720, "time/time_elapsed": 34, "time/total_timesteps": 60000}
{"rollout/ep_rew_mean": -41749655.5454415, "rollout/ep_len_mean": 837.1666666666666, "time/fps": 1720, "time/time_elapsed": 40, "time/total_timesteps": 70000}
{"rollout/ep_rew_mean": -43789859.072651125, "rollout/ep_len_mean": 877.875, "time/fps": 1719, "time/time_elapsed": 46, "time/total_timesteps": 80000}
{"train/iterations": 1, "train/delta_std": 0.05, "train/learning_rate": 0.0018, "train/step_size": 9.08822149481292e-12, "rollout/return_std": 24757320.0, "time/fps": 1718, "time/time_elapsed": 52, "time/total_timesteps": 90000}
{"rollout/ep_rew_mean": -33487022.335631, "rollout/ep_len_mean": 669.3333333333334, "time/fps": 1719, "time/time_elapsed": 58, "time/total_timesteps": 100000}
{"rollout/ep_rew_mean": -41750097.689379506, "rollout/ep_len_mean": 834.6666666666666, "time/fps": 1719, "time/time_elapsed": 63, "time/total_timesteps": 110000}
{"rollout/ep_rew_mean": -39006018.152716555, "rollout/ep_len_mean": 779.8888888888889, "time/fps": 1719, "time/time_elapsed": 69, "time/total_timesteps": 120000}
{"rollout/ep_rew_mean": -41762398.2948115, "rollout/ep_len_mean": 834.9166666666666, "time/fps": 1719, "time/time_elapsed": 75, "time/total_timesteps": 130000}
{"rollout/ep_rew_mean": -42943892.61506885, "rollout/ep_len_mean": 858.5, "time/fps": 1720, "time/time_elapsed": 81, "time/total_timesteps": 140000}
{"train/iterations": 2, "train/delta_std": 0.05, "train/learning_rate": 0.0018, "train/step_size": 1.3229175567508467e-11, "rollout/return_std": 17007862.0, "rollout/ep_rew_mean": -25272718.638999, "rollout/ep_len_mean": 506.0, "time/fps": 1720, "time/time_elapsed": 87, "time/total_timesteps": 150000}
{"rollout/ep_rew_mean": -37600315.167704746, "rollout/ep_len_mean": 753.0, "time/fps": 1720, "time/time_elapsed": 92, "time/total_timesteps": 160000}
{"rollout/ep_rew_mean": -37652448.619156875, "rollout/ep_len_mean": 753.875, "time/fps": 1720, "time/time_elapsed": 98, "time/total_timesteps": 170000}
{"rollout/ep_rew_mean": -40142118.3972488, "rollout/ep_len_mean": 803.1, "time/fps": 1720, "time/time_elapsed": 104, "time/total_timesteps": 180000}
{"rollout/ep_rew_mean": -39434083.362973504, "rollout/ep_len_mean": 789.4285714285714, "time/fps": 1719, "time/time_elapsed": 110, "time/total_timesteps": 190000}
{"train/iterations": 3, "train/delta_std": 0.05, "train/learning_rate": 0.0018, "train/step_size": 1.1256411601434646e-11, "rollout/return_std": 19988608.0, "rollout/ep_rew_mean": -480933.647214, "rollout/ep_len_mean": 14.0, "time/fps": 1720, "time/time_elapsed": 116, "time/total_timesteps": 200000}
{"rollout/ep_rew_mean": -37690988.5072605, "rollout/ep_len_mean": 753.5, "time/fps": 1720, "time/time_elapsed": 122, "time/total_timesteps": 210000}
{"rollout/ep_rew_mean": -41839514.233672336, "rollout/ep_len_mean": 835.6666666666666, "time/fps": 1720, "time/time_elapsed": 127, "time/total_timesteps": 220000}
{"rollout/ep_rew_mean": -36565174.755539365, "rollout/ep_len_mean": 731.7272727272727, "time/fps": 1721, "time/time_elapsed": 133, "time/total_timesteps": 230000}
{"rollout/ep_rew_mean": -35918573.126934074, "rollout/ep_len_mean": 718.6428571428571, "time/fps": 1721, "time/time_elapsed": 139, "time/total_timesteps": 240000}
{"train/iterations": 4, "train/delta_std": 0.05, "train/learning_rate": 0.0018, "train/step_size": 1.014175549096663e-11, "rollout/return_std": 22185508.0, "rollout/ep_rew_mean": -49731460.291285, "rollout/ep_len_mean": 1000.0, "time/fps": 1721, "time/time_elapsed": 145, "time/total_timesteps": 250000}
{"rollout/ep_rew_mean": -30171609.785440404, "rollout/ep_len_mean": 607.0, "time/fps": 1722, "time/time_elapsed": 150, "time/total_timesteps": 260000}
{"rollout/ep_rew_mean": -33485710.73763656, "rollout/ep_len_mean": 671.4444444444445, "time/fps": 1722, "time/time_elapsed": 156, "time/total_timesteps": 270000}
{"rollout/ep_rew_mean": -36498559.31535582, "rollout/ep_len_mean": 731.1818181818181, "time/fps": 1722, "time/time_elapsed": 162, "time/total_timesteps": 280000}
{"train/iterations": 5, "train/delta_std": 0.05, "train/learning_rate": 0.0018, "train/step_size": 9.46462960088601e-12, "rollout/return_std": 23772720.0, "time/fps": 1722, "time/time_elapsed": 168, "time/total_timesteps": 290000}
{"rollout/ep_rew_mean": -50077522.953438, "rollout/ep_len_mean": 1000.0, "time/fps": 1722, "time/time_elapsed": 174, "time/total_timesteps": 300000}
{"rollout/ep_rew_mean": -50099065.9961928, "rollout/ep_len_mean": 1000.0, "time/fps": 1722, "time/time_elapsed": 179, "time/total_timesteps": 310000}
{"rollout/ep_rew_mean": -39026606.40434444, "rollout/ep_len_mean": 779.7777777777778, "time/fps": 1722, "time/time_elapsed": 185, "time/total_timesteps": 320000}
{"rollout/ep_rew_mean": -41782320.43607199, "rollout/ep_len_mean": 834.8333333333334, "time/fps": 1722, "time/time_elapsed": 191, "time/total_timesteps": 330000}
{"rollout/ep_rew_mean": -40081809.46216066, "rollout/ep_len_mean": 801.6666666666666, "time/fps": 1722, "time/time_elapsed": 197, "time/total_timesteps": 340000}
{"train/iterations": 6, "train/delta_std": 0.05, "train/learning_rate": 0.0018, "train/step_size": 1.1209132580458636e-11, "rollout/return_std": 20072918.0, "rollout/ep_rew_mean": -25415388.94537475, "rollout/ep_len_mean": 510.25, "time/fps": 1722, "time/time_elapsed": 203, "time/total_timesteps": 350000}
{"rollout/ep_rew_mean": -33601629.18956717, "rollout/ep_len_mean": 673.5, "time/fps": 1722, "time/time_elapsed": 208, "time/total_timesteps": 360000}
{"rollout/ep_rew_mean": -35245395.5146815, "rollout/ep_len_mean": 704.7, "time/fps": 1723, "time/time_elapsed": 214, "time/total_timesteps": 370000}
{"rollout/ep_rew_mean": -37722703.36825417, "rollout/ep_len_mean": 753.9166666666666, "time/fps": 1723, "time/time_elapsed": 220, "time/total_timesteps": 380000}
{"train/iterations": 7, "train/delta_std": 0.05, "train/learning_rate": 0.0018, "train/step_size": 9.451227994672351e-12, "rollout/return_std": 23806430.0, "rollout/ep_rew_mean": -49948279.682568, "rollout/ep_len_mean": 1000.0, "time/fps": 1723, "time/time_elapsed": 226, "time/total_timesteps": 390000}
{"rollout/ep_rew_mean": -37555039.777277745, "rollout/ep_len_mean": 753.0, "time/fps": 1722, "time/time_elapsed": 232, "time/total_timesteps": 400000}
{"rollout/ep_rew_mean": -33403088.489246327, "rollout/ep_len_mean": 670.5555555555555, "time/fps": 1722, "time/time_elapsed": 237, "time/total_timesteps": 410000}
{"rollout/ep_rew_mean": -36452506.62145645, "rollout/ep_len_mean": 730.4545454545455, "time/fps": 1722, "time/time_elapsed": 243, "time/total_timesteps": 420000}
{"rollout/ep_rew_mean": -35806817.7629515, "rollout/ep_len_mean": 718.0714285714286, "time/fps": 1722, "time/time_elapsed": 249, "time/total_timesteps": 430000}
{"train/iterations": 8, "train/delta_std": 0.05, "train/learning_rate": 0.0018, "train/step_size": 1.0114724162402222e-11, "rollout/return_std": 22244798.0, "rollout/ep_rew_mean": -50097926.828982, "rollout/ep_len_mean": 1000.0, "time/fps": 1722, "time/time_elapsed": 255,