{"train/learning_rate": 0.0064, "train/n_updates": 2474, "train/ent_coef": 81.26020812988281, "train/actor_loss": 98667.65625, "train/critic_loss": 4685.3486328125, "train/ent_coef_loss": 0.2640615701675415, "time/episodes": 125, "rollout/ep_rew_mean": -1217246.32688652, "rollout/ep_len_mean": 79.41, "time/fps": 189, "time/time_elapsed": 52, "time/total_timesteps": 10000}
{"train/learning_rate": 0.0064, "train/n_updates": 4974, "train/ent_coef": 49.19720458984375, "train/actor_loss": 53005.66796875, "train/critic_loss": 3731.418701171875, "train/ent_coef_loss": 1.3713128566741943, "time/episodes": 222, "rollout/ep_rew_mean": -188927.46639319, "rollout/ep_len_mean": 86.95, "time/fps": 186, "time/time_elapsed": 107, "time/total_timesteps": 20000}
{"train/learning_rate": 0.0064, "train/n_updates": 7474, "train/ent_coef": 29.0127010345459, "train/actor_loss": 34881.29296875, "train/critic_loss": 3037.469482421875, "train/ent_coef_loss": 0.36686021089553833, "time/episodes": 336, "rollout/ep_rew_mean": -100446.39012758998, "rollout/ep_len_mean": 65.19, "time/fps": 185, "time/time_elapsed": 161, "time/total_timesteps": 30000}
{"train/learning_rate": 0.0064, "train/n_updates": 9974, "train/ent_coef": 21.834871292114258, "train/actor_loss": 24052.6953125, "train/critic_loss": 3012.681640625, "train/ent_coef_loss": 0.46656763553619385, "time/episodes": 344, "rollout/ep_rew_mean": -96844.04826675, "rollout/ep_len_mean": 137.14, "time/fps": 184, "time/time_elapsed": 216, "time/total_timesteps": 40000}
{"train/learning_rate": 0.0064, "train/n_updates": 12474, "train/ent_coef": 13.965386390686035, "train/actor_loss": 17909.41015625, "train/critic_loss": 1923.6375732421875, "train/ent_coef_loss": -2.0655038356781006, "time/episodes": 356, "rollout/ep_rew_mean": -91040.10396477, "rollout/ep_len_mean": 223.66, "time/fps": 184, "time/time_elapsed": 271, "time/total_timesteps": 50000}
{"train/learning_rate": 0.0064, "train/n_updates": 14974, "train/ent_coef": 14.076637268066406, "train/actor_loss": 13719.9326171875, "train/critic_loss": 1833.2872314453125, "train/ent_coef_loss": -2.160672664642334, "time/episodes": 367, "rollout/ep_rew_mean": -86735.98897637999, "rollout/ep_len_mean": 306.43, "time/fps": 183, "time/time_elapsed": 326, "time/total_timesteps": 60000}
