{"train/learning_rate": 0.0001, "train/n_updates": 124, "train/explained_variance": 8.761882781982422e-06, "train/entropy_loss": -12.772089004516602, "train/policy_loss": -165182.453125, "train/value_loss": 263538736.0, "train/std": 1.0001777410507202, "rollout/ep_rew_mean": -317882.36191539996, "rollout/ep_len_mean": 77.52, "time/fps": 1893, "time/time_elapsed": 5, "time/total_timesteps": 10000}
{"train/learning_rate": 0.0001, "train/n_updates": 249, "train/explained_variance": 1.8477439880371094e-06, "train/entropy_loss": -12.774782180786133, "train/policy_loss": -227861.171875, "train/value_loss": 853474944.0, "train/std": 1.0004514455795288, "rollout/ep_rew_mean": -348118.32842647994, "rollout/ep_len_mean": 89.85, "time/fps": 1898, "time/time_elapsed": 10, "time/total_timesteps": 20000}
{"train/learning_rate": 0.0001, "train/n_updates": 374, "train/explained_variance": -4.76837158203125e-07, "train/entropy_loss": -12.775732040405273, "train/policy_loss": -182716.21875, "train/value_loss": 687838976.0, "train/std": 1.0005825757980347, "rollout/ep_rew_mean": -258039.62647628, "rollout/ep_len_mean": 66.38, "time/fps": 1900, "time/time_elapsed": 15, "time/total_timesteps": 30000}
{"train/learning_rate": 0.0001, "train/n_updates": 499, "train/explained_variance": -2.1457672119140625e-06, "train/entropy_loss": -12.774499893188477, "train/policy_loss": -404955.84375, "train/value_loss": 2053662720.0, "train/std": 1.0004842281341553, "rollout/ep_rew_mean": -280113.1284216, "rollout/ep_len_mean": 77.56, "time/fps": 1900, "time/time_elapsed": 21, "time/total_timesteps": 40000}
{"train/learning_rate": 0.0001, "train/n_updates": 624, "train/explained_variance": 0.0, "train/entropy_loss": -12.777190208435059, "train/policy_loss": -200417.734375, "train/value_loss": 760514432.0, "train/std": 1.0008496046066284, "rollout/ep_rew_mean": -256603.80526677004, "rollout/ep_len_mean": 69.23, "time/fps": 1900, "time/time_elapsed": 26, "time/total_timesteps": 50000}
{"train/learning_rate": 0.0001, "train/n_updates": 749, "train/explained_variance": 1.7881393432617188e-07, "train/entropy_loss": -12.772727966308594, "train/policy_loss": -284282.5625, "train/value_loss": 974465024.0, "train/std": 1.0002609491348267, "rollout/ep_rew_mean": -239469.53463783997, "rollout/ep_len_mean": 67.79, "time/fps": 1899, "time/time_elapsed": 31, "time/total_timesteps": 60000}
{"train/learning_rate": 0.0001, "train/n_updates": 874, "train/explained_variance": 4.76837158203125e-07, "train/entropy_loss": -12.771183967590332, "train/policy_loss": -206011.78125, "train/value_loss": 466138560.0, "train/std": 1.0001168251037598, "rollout/ep_rew_mean": -262101.21537724, "rollout/ep_len_mean": 75.73, "time/fps": 1898, "time/time_elapsed": 36, "time/total_timesteps": 70000}
{"train/learning_rate": 0.0001, "train/n_updates": 999, "train/explained_variance": 0.0, "train/entropy_loss": -12.769440650939941, "train/policy_loss": -143019.53125, "train/value_loss": 291430688.0, "train/std": 0.9998362064361572, "rollout/ep_rew_mean": -241899.26599212002, "rollout/ep_len_mean": 68.16, "time/fps": 1891, "time/time_elapsed": 42, "time/total_timesteps": 80000}
{"train/learning_rate": 0.0001, "train/n_updates": 1124, "train/explained_variance": 0.0, "train/entropy_loss": -12.76634407043457, "train/policy_loss": -168309.53125, "train/value_loss": 306022016.0, "train/std": 0.9995710849761963, "rollout/ep_rew_mean": -243405.09399081004, "rollout/ep_len_mean": 72.47, "time/fps": 1892, "time/time_elapsed": 47, "time/total_timesteps": 90000}
{"train/learning_rate": 0.0001, "train/n_updates": 1249, "train/explained_variance": 1.1920928955078125e-07, "train/entropy_loss": -12.758636474609375, "train/policy_loss": -219867.25, "train/value_loss": 598857024.0, "train/std": 0.9987035393714905, "rollout/ep_rew_mean": -243771.10945788998, "rollout/ep_len_mean": 71.38, "time/fps": 1892, "time/time_elapsed": 52, "time/total_timesteps": 100000}
{"train/learning_rate": 0.0001, "train/n_updates": 1374, "train/explained_variance": -1.1920928955078125e-07, "train/entropy_loss": -12.760810852050781, "train/policy_loss": -141114.375, "train/value_loss": 197904544.0, "train/std": 0.9989226460456848, "rollout/ep_rew_mean": -238671.07561486997, "rollout/ep_len_mean": 69.75, "time/fps": 1892, "time/time_elapsed": 58, "time/total_timesteps": 110000}
{"train/learning_rate": 0.0001, "train/n_updates": 1499, "train/explained_variance": 5.960464477539063e-08, "train/entropy_loss": -12.759759902954102, "train/policy_loss": -310898.40625, "train/value_loss": 1433669888.0, "train/std": 0.9988511204719543, "rollout/ep_rew_mean": -200983.36057462002, "rollout/ep_len_mean": 53.8, "time/fps": 1892, "time/time_elapsed": 63, "time/total_timesteps": 120000}
{"train/learning_rate": 0.0001, "train/n_updates": 1624, "train/explained_variance": 0.0, "train/entropy_loss": -12.762269020080566, "train/policy_loss": -235986.125, "train/value_loss": 846038656.0, "train/std": 0.9991176128387451, "rollout/ep_rew_mean": -228427.82979716998, "rollout/ep_len_mean": 69.52, "time/fps": 1891, "time/time_elapsed": 68, "time/total_timesteps": 130000}
{"train/learning_rate": 0.0001, "train/n_updates": 1749, "train/explained_variance": -1.1920928955078125e-07, "train/entropy_loss": -12.76194953918457, "train/policy_loss": -345758.875, "train/value_loss": 1378943872.0, "train/std": 0.9990768432617188, "rollout/ep_rew_mean": -223828.29329635997, "rollout/ep_len_mean": 69.65, "time/fps": 1891, "time/time_elapsed": 74, "time/total_timesteps": 140000}
{"train/learning_rate": 0.0001, "train/n_updates": 1874, "train/explained_variance": 5.960464477539063e-08, "train/entropy_loss": -12.75904655456543, "train/policy_loss": -232872.953125, "train/value_loss": 1092790912.0, "train/std": 0.9987916946411133, "rollout/ep_rew_mean": -180464.63155405995, "rollout/ep_len_mean": 52.46, "time/fps": 1892, "time/time_elapsed": 79, "time/total_timesteps": 150000}
{"train/learning_rate": 0.0001, "train/n_updates": 1999, "train/explained_variance": -1.1920928955078125e-07, "train/entropy_loss": -12.762720108032227, "train/policy_loss": -173508.390625, "train/value_loss": 256795312.0, "train/std": 0.9991456270217896, "rollout/ep_rew_mean": -203481.42064504005, "rollout/ep_len_mean": 63.43, "time/fps": 1892, "time/time_elapsed": 84, "time/total_timesteps": 160000}
{"train/learning_rate": 0.0001, "train/n_updates": 2124, "train/explained_variance": -1.1920928955078125e-07, "train/entropy_loss": -12.760461807250977, "train/policy_loss": -292332.90625, "train/value_loss": 1489095552.0, "train/std": 0.9989252090454102, "rollout/ep_rew_mean": -207276.77604891, "rollout/ep_len_mean": 60.07, "time/fps": 1893, "time/time_elapsed": 89, "time/total_timesteps": 170000}
{"train/learning_rate": 0.0001, "train/n_updates": 2249, "train/explained_variance": 5.960464477539063e-08, "train/entropy_loss": -12.758460998535156, "train/policy_loss": -160312.78125, "train/value_loss": 887463040.0, "train/std": 0.9987141489982605, "rollout/ep_rew_mean": -187976.85248935, "rollout/ep_len_mean": 60.32, "time/fps": 1893, "time/time_elapsed": 95, "time/total_timesteps": 180000}
{"train/learning_rate": 0.0001, "train/n_updates": 2374, "train/explained_variance": 0.0, "train/entropy_loss": -12.753630638122559, "train/policy_loss": -201418.3125, "train/value_loss": 683267136.0, "train/std": 0.9981400370597839, "rollout/ep_rew_mean": -207497.9701534, "rollout/ep_len_mean": 65.22, "time/fps": 1894, "time/time_elapsed": 100, "time/total_timesteps": 190000}
{"train/learning_rate": 0.0001, "train/n_updates": 2499, "train/explained_variance": 0.0, "train/entropy_loss": -12.75304126739502, "train/policy_loss": -261185.953125, "train/value_loss": 1137022720.0, "train/std": 0.9981514811515808, "rollout/ep_rew_mean": -188283.97009664998, "rollout/ep_len_mean": 64.21, "time/fps": 1894, "time/time_elapsed": 105, "time/total_timesteps": 200000}
{"train/learning_rate": 0.0001, "train/n_updates": 2624, "train/explained_variance": 0.0,