{"train/learning_rate": 0.0001, "train/n_updates": 124, "train/explained_variance": -4.76837158203125e-07, "train/entropy_loss": -12.769770622253418, "train/policy_loss": -315774.90625, "train/value_loss": 1123372416.0, "train/std": 0.9999349117279053, "rollout/ep_rew_mean": -232899.61117250004, "rollout/ep_len_mean": 40.04, "time/fps": 1902, "time/time_elapsed": 5, "time/total_timesteps": 10000}
{"train/learning_rate": 0.0001, "train/n_updates": 249, "train/explained_variance": 8.940696716308594e-07, "train/entropy_loss": -12.773711204528809, "train/policy_loss": -261708.875, "train/value_loss": 889906304.0, "train/std": 1.0003445148468018, "rollout/ep_rew_mean": -261778.95188057, "rollout/ep_len_mean": 43.29, "time/fps": 1897, "time/time_elapsed": 10, "time/total_timesteps": 20000}
{"train/learning_rate": 0.0001, "train/n_updates": 374, "train/explained_variance": -1.1920928955078125e-07, "train/entropy_loss": -12.776924133300781, "train/policy_loss": -333127.46875, "train/value_loss": 1437253888.0, "train/std": 1.0007203817367554, "rollout/ep_rew_mean": -248046.98251094998, "rollout/ep_len_mean": 42.37, "time/fps": 1896, "time/time_elapsed": 15, "time/total_timesteps": 30000}
{"train/learning_rate": 0.0001, "train/n_updates": 499, "train/explained_variance": -7.152557373046875e-07, "train/entropy_loss": -12.774412155151367, "train/policy_loss": -306648.40625, "train/value_loss": 1038657344.0, "train/std": 1.000437617301941, "rollout/ep_rew_mean": -250978.52903193, "rollout/ep_len_mean": 43.37, "time/fps": 1895, "time/time_elapsed": 21, "time/total_timesteps": 40000}
{"train/learning_rate": 0.0001, "train/n_updates": 624, "train/explained_variance": 0.0, "train/entropy_loss": -12.772040367126465, "train/policy_loss": -439265.25, "train/value_loss": 2363865600.0, "train/std": 1.000275731086731, "rollout/ep_rew_mean": -265448.57542556, "rollout/ep_len_mean": 46.19, "time/fps": 1894, "time/time_elapsed": 26, "time/total_timesteps": 50000}
{"train/learning_rate": 0.0001, "train/n_updates": 749, "train/explained_variance": 5.960464477539063e-08, "train/entropy_loss": -12.765892028808594, "train/policy_loss": -465310.59375, "train/value_loss": 2357363456.0, "train/std": 0.9995124340057373, "rollout/ep_rew_mean": -221846.76169182002, "rollout/ep_len_mean": 36.13, "time/fps": 1892, "time/time_elapsed": 31, "time/total_timesteps": 60000}
{"train/learning_rate": 0.0001, "train/n_updates": 874, "train/explained_variance": -2.384185791015625e-07, "train/entropy_loss": -12.761608123779297, "train/policy_loss": -358771.0625, "train/value_loss": 1404388736.0, "train/std": 0.9990195035934448, "rollout/ep_rew_mean": -243831.06368359, "rollout/ep_len_mean": 42.89, "time/fps": 1889, "time/time_elapsed": 37, "time/total_timesteps": 70000}
{"train/learning_rate": 0.0001, "train/n_updates": 999, "train/explained_variance": 0.0, "train/entropy_loss": -12.757673263549805, "train/policy_loss": -385889.9375, "train/value_loss": 1566889216.0, "train/std": 0.9985402226448059, "rollout/ep_rew_mean": -254064.98039865002, "rollout/ep_len_mean": 45.31, "time/fps": 1887, "time/time_elapsed": 42, "time/total_timesteps": 80000}
{"train/learning_rate": 0.0001, "train/n_updates": 1124, "train/explained_variance": 0.0, "train/entropy_loss": -12.754997253417969, "train/policy_loss": -384050.125, "train/value_loss": 1677790080.0, "train/std": 0.998320460319519, "rollout/ep_rew_mean": -232320.58456129004, "rollout/ep_len_mean": 41.51, "time/fps": 1884, "time/time_elapsed": 47, "time/total_timesteps": 90000}
{"train/learning_rate": 0.0001, "train/n_updates": 1249, "train/explained_variance": -1.1920928955078125e-07, "train/entropy_loss": -12.749883651733398, "train/policy_loss": -347402.03125, "train/value_loss": 1272043136.0, "train/std": 0.9977238178253174, "rollout/ep_rew_mean": -242989.82183901, "rollout/ep_len_mean": 40.74, "time/fps": 1883, "time/time_elapsed": 53, "time/total_timesteps": 100000}
{"train/learning_rate": 0.0001, "train/n_updates": 1374, "train/explained_variance": -1.1920928955078125e-07, "train/entropy_loss": -12.749290466308594, "train/policy_loss": -256483.453125, "train/value_loss": 790241600.0, "train/std": 0.997639536857605, "rollout/ep_rew_mean": -241362.37334605004, "rollout/ep_len_mean": 45.75, "time/fps": 1881, "time/time_elapsed": 58, "time/total_timesteps": 110000}
{"train/learning_rate": 0.0001, "train/n_updates": 1499, "train/explained_variance": 0.0, "train/entropy_loss": -12.752269744873047, "train/policy_loss": -349750.1875, "train/value_loss": 1175509504.0, "train/std": 0.9979859590530396, "rollout/ep_rew_mean": -192192.61266964, "rollout/ep_len_mean": 33.9, "time/fps": 1879, "time/time_elapsed": 63, "time/total_timesteps": 120000}
{"train/learning_rate": 0.0001, "train/n_updates": 1624, "train/explained_variance": 0.0, "train/entropy_loss": -12.754420280456543, "train/policy_loss": -625887.375, "train/value_loss": 3233454848.0, "train/std": 0.9982293248176575, "rollout/ep_rew_mean": -214875.1306655, "rollout/ep_len_mean": 39.07, "time/fps": 1877, "time/time_elapsed": 69, "time/total_timesteps": 130000}
{"train/learning_rate": 0.0001, "train/n_updates": 1749, "train/explained_variance": 1.1920928955078125e-07, "train/entropy_loss": -12.75372314453125, "train/policy_loss": -241628.5, "train/value_loss": 830786688.0, "train/std": 0.9981979727745056, "rollout/ep_rew_mean": -212361.33410659002, "rollout/ep_len_mean": 39.54, "time/fps": 1875, "time/time_elapsed": 74, "time/total_timesteps": 140000}
{"train/learning_rate": 0.0001, "train/n_updates": 1874, "train/explained_variance": -2.384185791015625e-07, "train/entropy_loss": -12.749597549438477, "train/policy_loss": -377452.28125, "train/value_loss": 1552925952.0, "train/std": 0.997704803943634, "rollout/ep_rew_mean": -231571.55952419003, "rollout/ep_len_mean": 44.37, "time/fps": 1873, "time/time_elapsed": 80, "time/total_timesteps": 150000}
{"train/learning_rate": 0.0001, "train/n_updates": 1999, "train/explained_variance": 0.0, "train/entropy_loss": -12.748377799987793, "train/policy_loss": -348471.84375, "train/value_loss": 1596092160.0, "train/std": 0.9975599646568298, "rollout/ep_rew_mean": -213825.21335436002, "rollout/ep_len_mean": 41.26, "time/fps": 1872, "time/time_elapsed": 85, "time/total_timesteps": 160000}
{"train/learning_rate": 0.0001, "train/n_updates": 2124, "train/explained_variance": -1.1920928955078125e-07, "train/entropy_loss": -12.74171257019043, "train/policy_loss": -364933.59375, "train/value_loss": 1202651520.0, "train/std": 0.9968090057373047, "rollout/ep_rew_mean": -223328.62898046002, "rollout/ep_len_mean": 42.76, "time/fps": 1871, "time/time_elapsed": 90, "time/total_timesteps": 170000}
{"train/learning_rate": 0.0001, "train/n_updates": 2249, "train/explained_variance": 0.0, "train/entropy_loss": -12.73875904083252, "train/policy_loss": -325121.65625, "train/value_loss": 1182102400.0, "train/std": 0.9965497255325317, "rollout/ep_rew_mean": -219096.81087754, "rollout/ep_len_mean": 41.37, "time/fps": 1869, "time/time_elapsed": 96, "time/total_timesteps": 180000}
{"train/learning_rate": 0.0001, "train/n_updates": 2374, "train/explained_variance": 0.0, "train/entropy_loss": -12.732440948486328, "train/policy_loss": -220996.671875, "train/value_loss": 736472640.0, "train/std": 0.9957775473594666, "rollout/ep_rew_mean": -200730.95249869, "rollout/ep_len_mean": 39.55, "time/fps": 1867, "time/time_elapsed": 101, "time/total_timesteps": 190000}
{"train/learning_rate": 0.0001, "train/n_updates": 2499, "train/explained_variance": -1.1920928955078125e-07, "train/entropy_loss": -12.732213973999023, "train/policy_loss": -368454.09375, "train/value_loss": 1513067648.0, "train/std": 0.9958184361457825, "rollout/ep_rew_mean": -206470.75883816005, "rollout/ep_len_mean": 42.32, "time/fps": 1866, "time/time_elapsed": 107, "time/total_timesteps": 200000}
{"train/learning_rate": 0.0001, "train/n_updates": 2624, "train/explained_variance": 5.960464477539063e-08,