{"rollout/ep_rew_mean": -33239411.138353664, "rollout/ep_len_mean": 670.0, "time/fps": 1786, "time/time_elapsed": 5, "time/total_timesteps": 10000}
{"rollout/ep_rew_mean": -33167848.59056467, "rollout/ep_len_mean": 670.3333333333334, "time/fps": 1789, "time/time_elapsed": 11, "time/total_timesteps": 20000}
{"rollout/ep_rew_mean": -26879563.023436844, "rollout/ep_len_mean": 544.5384615384615, "time/fps": 1764, "time/time_elapsed": 17, "time/total_timesteps": 30000}
{"train/iterations": 0, "train/delta_std": 0.05, "train/learning_rate": 0.0018, "train/step_size": 8.863215716914397e-12, "rollout/return_std": 25385820.0, "rollout/ep_rew_mean": -127068.2992405, "rollout/ep_len_mean": 10.0, "time/fps": 1757, "time/time_elapsed": 22, "time/total_timesteps": 40000}
{"rollout/ep_rew_mean": -29947450.739710398, "rollout/ep_len_mean": 604.0, "time/fps": 1759, "time/time_elapsed": 28, "time/total_timesteps": 50000}
{"rollout/ep_rew_mean": -31208667.565845247, "rollout/ep_len_mean": 629.375, "time/fps": 1756, "time/time_elapsed": 34, "time/total_timesteps": 60000}
{"rollout/ep_rew_mean": -33341740.549283415, "rollout/ep_len_mean": 671.9166666666666, "time/fps": 1754, "time/time_elapsed": 39, "time/total_timesteps": 70000}
{"train/iterations": 1, "train/delta_std": 0.05, "train/learning_rate": 0.0018, "train/step_size": 9.068857644012329e-12, "rollout/return_std": 24810180.0, "time/fps": 1751, "time/time_elapsed": 45, "time/total_timesteps": 80000}
{"rollout/ep_rew_mean": -15215284.340266999, "rollout/ep_len_mean": 311.1, "time/fps": 1748, "time/time_elapsed": 51, "time/total_timesteps": 90000}
{"rollout/ep_rew_mean": -20978248.576236498, "rollout/ep_len_mean": 425.9166666666667, "time/fps": 1747, "time/time_elapsed": 57, "time/total_timesteps": 100000}
{"train/iterations": 2, "train/delta_std": 0.05, "train/learning_rate": 0.0018, "train/step_size": 8.870874521060834e-12, "rollout/return_std": 25363904.0, "rollout/ep_rew_mean": -12594352.5495895, "rollout/ep_len_mean": 267.25, "time/fps": 1747, "time/time_elapsed": 62, "time/total_timesteps": 110000}
{"rollout/ep_rew_mean": -21518159.579501428, "rollout/ep_len_mean": 440.2857142857143, "time/fps": 1746, "time/time_elapsed": 68, "time/total_timesteps": 120000}
{"rollout/ep_rew_mean": -25047777.05640617, "rollout/ep_len_mean": 509.25, "time/fps": 1749, "time/time_elapsed": 74, "time/total_timesteps": 130000}
{"rollout/ep_rew_mean": -28544268.800523788, "rollout/ep_len_mean": 579.3571428571429, "time/fps": 1748, "time/time_elapsed": 80, "time/total_timesteps": 140000}
{"train/iterations": 3, "train/delta_std": 0.05, "train/learning_rate": 0.0018, "train/step_size": 9.12673929487351e-12, "rollout/return_std": 24652834.0, "rollout/ep_rew_mean": -49972396.621541, "rollout/ep_len_mean": 1000.0, "time/fps": 1747, "time/time_elapsed": 85, "time/total_timesteps": 150000}
{"rollout/ep_rew_mean": -49824824.525081664, "rollout/ep_len_mean": 1000.0, "time/fps": 1746, "time/time_elapsed": 91, "time/total_timesteps": 160000}
{"rollout/ep_rew_mean": -49939221.58777083, "rollout/ep_len_mean": 1000.0, "time/fps": 1745, "time/time_elapsed": 97, "time/total_timesteps": 170000}
{"rollout/ep_rew_mean": -44398957.843346894, "rollout/ep_len_mean": 889.8888888888889, "time/fps": 1745, "time/time_elapsed": 103, "time/total_timesteps": 180000}
{"rollout/ep_rew_mean": -45751697.691735506, "rollout/ep_len_mean": 917.4166666666666, "time/fps": 1745, "time/time_elapsed": 108, "time/total_timesteps": 190000}
{"train/iterations": 4, "train/delta_std": 0.05, "train/learning_rate": 0.0018, "train/step_size": 1.0167927264048693e-11, "rollout/return_std": 22128404.0, "rollout/ep_rew_mean": -12709382.698992502, "rollout/ep_len_mean": 261.5, "time/fps": 1744, "time/time_elapsed": 114, "time/total_timesteps": 200000}
{"rollout/ep_rew_mean": -25019105.197036833, "rollout/ep_len_mean": 507.6666666666667, "time/fps": 1744, "time/time_elapsed": 120, "time/total_timesteps": 210000}
{"rollout/ep_rew_mean": -33273907.778444443, "rollout/ep_len_mean": 671.7777777777778, "time/fps": 1744, "time/time_elapsed": 126, "time/total_timesteps": 220000}
{"rollout/ep_rew_mean": -28592060.52852336, "rollout/ep_len_mean": 578.6428571428571, "time/fps": 1743, "time/time_elapsed": 131, "time/total_timesteps": 230000}
{"train/iterations": 5, "train/delta_std": 0.05, "train/learning_rate": 0.0018, "train/step_size": 9.095636570310983e-12, "rollout/return_std": 24737134.0, "rollout/ep_rew_mean": -24797304.420665, "rollout/ep_len_mean": 505.0, "time/fps": 1744, "time/time_elapsed": 137, "time/total_timesteps": 240000}
{"rollout/ep_rew_mean": -16947407.695321113, "rollout/ep_len_mean": 348.6666666666667, "time/fps": 1744, "time/time_elapsed": 143, "time/total_timesteps": 250000}
{"rollout/ep_rew_mean": -21579900.942277145, "rollout/ep_len_mean": 441.2142857142857, "time/fps": 1744, "time/time_elapsed": 149, "time/total_timesteps": 260000}
{"train/iterations": 6, "train/delta_std": 0.05, "train/learning_rate": 0.0018, "train/step_size": 8.844431263754782e-12, "rollout/return_std": 25439736.0, "time/fps": 1743, "time/time_elapsed": 154, "time/total_timesteps": 270000}
{"rollout/ep_rew_mean": -37509768.5400835, "rollout/ep_len_mean": 753.0, "time/fps": 1743, "time/time_elapsed": 160, "time/total_timesteps": 280000}
{"rollout/ep_rew_mean": -35693229.09086857, "rollout/ep_len_mean": 717.7142857142857, "time/fps": 1743, "time/time_elapsed": 166, "time/total_timesteps": 290000}
{"rollout/ep_rew_mean": -36338051.003679, "rollout/ep_len_mean": 731.4545454545455, "time/fps": 1742, "time/time_elapsed": 172, "time/total_timesteps": 300000}
{"rollout/ep_rew_mean": -38416076.84651461, "rollout/ep_len_mean": 772.7692307692307, "time/fps": 1742, "time/time_elapsed": 177, "time/total_timesteps": 310000}
{"train/iterations": 7, "train/delta_std": 0.05, "train/learning_rate": 0.0018, "train/step_size": 1.1281902495552387e-11, "rollout/return_std": 19943444.0, "rollout/ep_rew_mean": -477777.609029, "rollout/ep_len_mean": 23.0, "time/fps": 1742, "time/time_elapsed": 183, "time/total_timesteps": 320000}
{"rollout/ep_rew_mean": -20289244.4455036, "rollout/ep_len_mean": 413.8, "time/fps": 1742, "time/time_elapsed": 189, "time/total_timesteps": 330000}
{"rollout/ep_rew_mean": -22866069.241775274, "rollout/ep_len_mean": 463.09090909090907, "time/fps": 1742, "time/time_elapsed": 195, "time/total_timesteps": 340000}
{"rollout/ep_rew_mean": -25120747.152777284, "rollout/ep_len_mean": 508.35714285714283, "time/fps": 1742, "time/time_elapsed": 200, "time/total_timesteps": 350000}
{"train/iterations": 8, "train/delta_std": 0.05, "train/learning_rate": 0.0018, "train/step_size": 8.864384920537205e-12, "rollout/return_std": 25382470.0, "rollout/ep_rew_mean": -25075560.545732, "rollout/ep_len_mean": 505.5, "time/fps": 1742, "time/time_elapsed": 206, "time/total_timesteps": 360000}
{"rollout/ep_rew_mean": -30044984.2044056, "rollout/ep_len_mean": 607.0, "time/fps": 1742, "time/time_elapsed": 212, "time/total_timesteps": 370000}
{"rollout/ep_rew_mean": -35602919.16930585, "rollout/ep_len_mean": 719.2857142857143, "time/fps": 1742, "time/time_elapsed": 218, "time/total_timesteps": 380000}
{"rollout/ep_rew_mean": -39873956.0439453, "rollout/ep_len_mean": 803.5, "time/fps": 1742, "time/time_elapsed": 223, "time/total_timesteps": 390000}
{"train/iterations": 9, "train/delta_std": 0.05, "train/learning_rate": 0.0018, "train/step_size": 8.921997689259609e-12, "rollout/return_std": 25218568.0, "rollout/ep_rew_mean": -25141497.206204, "rollout/ep_len_mean": 510.5, "time/fps": 1742, "time/time_elapsed": 229, "time/total_timesteps": 400000}
{"rollout/ep_rew_mean": -21648364.74427163, "rollout/ep_len_mean": 454.0, "time/fps": 1742, "time/time_elapsed": 235, "time/total_timesteps": 410000}
{"train/iterations": 10, "train/delta_std": 0.05, "train/learning_rate": 0.0018, "train/step_size": 9.265543193803794e-12, "rollout/return_std": 24283518.0, "time/fps": 1742, "time/time_elapsed": 241,