{"rollout/ep_rew_mean": -26665405.022999663, "rollout/ep_len_mean": 671.6666666666666, "time/fps": 2358, "time/time_elapsed": 4, "time/total_timesteps": 10000}
{"rollout/ep_rew_mean": -26641636.595616996, "rollout/ep_len_mean": 671.8333333333334, "time/fps": 2367, "time/time_elapsed": 8, "time/total_timesteps": 20000}
{"rollout/ep_rew_mean": -25438891.44930837, "rollout/ep_len_mean": 641.8181818181819, "time/fps": 2370, "time/time_elapsed": 12, "time/total_timesteps": 30000}
{"rollout/ep_rew_mean": -25676820.627437647, "rollout/ep_len_mean": 648.1428571428571, "time/fps": 2369, "time/time_elapsed": 16, "time/total_timesteps": 40000}
{"train/iterations": 0, "train/delta_std": 0.05, "train/learning_rate": 0.02, "train/step_size": 1.3181722380295469e-10, "rollout/return_std": 18965654.0, "rollout/ep_rew_mean": -39940543.079142, "rollout/ep_len_mean": 1000.0, "time/fps": 2371, "time/time_elapsed": 21, "time/total_timesteps": 50000}
{"rollout/ep_rew_mean": -39906523.29576, "rollout/ep_len_mean": 1000.0, "time/fps": 2370, "time/time_elapsed": 25, "time/total_timesteps": 60000}
{"rollout/ep_rew_mean": -39865854.62206666, "rollout/ep_len_mean": 1000.0, "time/fps": 2371, "time/time_elapsed": 29, "time/total_timesteps": 70000}
{"rollout/ep_rew_mean": -38854662.5855815, "rollout/ep_len_mean": 1000.0, "time/fps": 2371, "time/time_elapsed": 33, "time/total_timesteps": 80000}
{"rollout/ep_rew_mean": -35916395.99451267, "rollout/ep_len_mean": 917.8333333333334, "time/fps": 2372, "time/time_elapsed": 37, "time/total_timesteps": 90000}
{"rollout/ep_rew_mean": -36488142.951326855, "rollout/ep_len_mean": 929.5714285714286, "time/fps": 2372, "time/time_elapsed": 42, "time/total_timesteps": 100000}
{"train/iterations": 1, "train/delta_std": 0.05, "train/learning_rate": 0.02, "train/step_size": 2.493570350203811e-10, "rollout/return_std": 10025785.0, "rollout/ep_rew_mean": -39921499.098954, "rollout/ep_len_mean": 1000.0, "time/fps": 2372, "time/time_elapsed": 46, "time/total_timesteps": 110000}
{"rollout/ep_rew_mean": -29925126.544997998, "rollout/ep_len_mean": 752.0, "time/fps": 2373, "time/time_elapsed": 50, "time/total_timesteps": 120000}
{"rollout/ep_rew_mean": -34254247.941000424, "rollout/ep_len_mean": 858.2857142857143, "time/fps": 2372, "time/time_elapsed": 54, "time/total_timesteps": 130000}
{"rollout/ep_rew_mean": -35507234.680820666, "rollout/ep_len_mean": 889.7777777777778, "time/fps": 2372, "time/time_elapsed": 59, "time/total_timesteps": 140000}
{"rollout/ep_rew_mean": -33776940.70171315, "rollout/ep_len_mean": 847.1538461538462, "time/fps": 2371, "time/time_elapsed": 63, "time/total_timesteps": 150000}
{"train/iterations": 2, "train/delta_std": 0.05, "train/learning_rate": 0.02, "train/step_size": 1.7696082099671884e-10, "rollout/return_std": 14127421.0, "time/fps": 2371, "time/time_elapsed": 67, "time/total_timesteps": 160000}
{"rollout/ep_rew_mean": -26620413.091856003, "rollout/ep_len_mean": 670.0, "time/fps": 2370, "time/time_elapsed": 71, "time/total_timesteps": 170000}
{"rollout/ep_rew_mean": -33280553.05413234, "rollout/ep_len_mean": 835.0, "time/fps": 2370, "time/time_elapsed": 75, "time/total_timesteps": 180000}
{"rollout/ep_rew_mean": -25452359.580939997, "rollout/ep_len_mean": 642.0, "time/fps": 2366, "time/time_elapsed": 80, "time/total_timesteps": 190000}
{"rollout/ep_rew_mean": -26670255.83814267, "rollout/ep_len_mean": 672.2666666666667, "time/fps": 2367, "time/time_elapsed": 84, "time/total_timesteps": 200000}
{"train/iterations": 3, "train/delta_std": 0.05, "train/learning_rate": 0.02, "train/step_size": 1.317217168672613e-10, "rollout/return_std": 18979406.0, "rollout/ep_rew_mean": -13565438.000144333, "rollout/ep_len_mean": 353.3333333333333, "time/fps": 2367, "time/time_elapsed": 88, "time/total_timesteps": 210000}
{"rollout/ep_rew_mean": -26640308.976979833, "rollout/ep_len_mean": 676.6666666666666, "time/fps": 2368, "time/time_elapsed": 92, "time/total_timesteps": 220000}
{"rollout/ep_rew_mean": -23953729.5712694, "rollout/ep_len_mean": 607.7, "time/fps": 2368, "time/time_elapsed": 97, "time/total_timesteps": 230000}
{"rollout/ep_rew_mean": -27603293.356910612, "rollout/ep_len_mean": 698.2307692307693, "time/fps": 2368, "time/time_elapsed": 101, "time/total_timesteps": 240000}
{"train/iterations": 4, "train/delta_std": 0.05, "train/learning_rate": 0.02, "train/step_size": 1.3296068412937956e-10, "rollout/return_std": 18802550.0, "rollout/ep_rew_mean": -199176.414321, "rollout/ep_len_mean": 11.5, "time/fps": 2368, "time/time_elapsed": 105, "time/total_timesteps": 250000}
{"rollout/ep_rew_mean": -24034434.373228, "rollout/ep_len_mean": 604.6, "time/fps": 2368, "time/time_elapsed": 109, "time/total_timesteps": 260000}
{"rollout/ep_rew_mean": -28568569.501003426, "rollout/ep_len_mean": 717.5714285714286, "time/fps": 2368, "time/time_elapsed": 113, "time/total_timesteps": 270000}
{"rollout/ep_rew_mean": -29071849.839882635, "rollout/ep_len_mean": 730.1818181818181, "time/fps": 2369, "time/time_elapsed": 118, "time/total_timesteps": 280000}
{"rollout/ep_rew_mean": -28577254.590397354, "rollout/ep_len_mean": 717.9285714285714, "time/fps": 2369, "time/time_elapsed": 122, "time/total_timesteps": 290000}
{"train/iterations": 5, "train/delta_std": 0.05, "train/learning_rate": 0.02, "train/step_size": 1.316339537371647e-10, "rollout/return_std": 18992060.0, "rollout/ep_rew_mean": -39804365.916286, "rollout/ep_len_mean": 1000.0, "time/fps": 2368, "time/time_elapsed": 126, "time/total_timesteps": 300000}
{"rollout/ep_rew_mean": -39876090.633938245, "rollout/ep_len_mean": 1000.0, "time/fps": 2368, "time/time_elapsed": 130, "time/total_timesteps": 310000}
{"rollout/ep_rew_mean": -39811501.295374, "rollout/ep_len_mean": 1000.0, "time/fps": 2368, "time/time_elapsed": 135, "time/total_timesteps": 320000}
{"rollout/ep_rew_mean": -35997380.888314605, "rollout/ep_len_mean": 905.1, "time/fps": 2368, "time/time_elapsed": 139, "time/total_timesteps": 330000}
{"rollout/ep_rew_mean": -31431906.299306575, "rollout/ep_len_mean": 791.4285714285714, "time/fps": 2368, "time/time_elapsed": 143, "time/total_timesteps": 340000}
{"train/iterations": 6, "train/delta_std": 0.05, "train/learning_rate": 0.02, "train/step_size": 1.5813719778101643e-10, "rollout/return_std": 15809056.0, "rollout/ep_rew_mean": -19967255.953362, "rollout/ep_len_mean": 505.0, "time/fps": 2368, "time/time_elapsed": 147, "time/total_timesteps": 350000}
{"rollout/ep_rew_mean": -29978721.246582747, "rollout/ep_len_mean": 752.5, "time/fps": 2368, "time/time_elapsed": 151, "time/total_timesteps": 360000}
{"rollout/ep_rew_mean": -29987856.05199263, "rollout/ep_len_mean": 752.75, "time/fps": 2368, "time/time_elapsed": 156, "time/total_timesteps": 370000}
{"rollout/ep_rew_mean": -26692125.73544975, "rollout/ep_len_mean": 670.6666666666666, "time/fps": 2368, "time/time_elapsed": 160, "time/total_timesteps": 380000}
{"train/iterations": 7, "train/delta_std": 0.05, "train/learning_rate": 0.02, "train/step_size": 1.3156994937979505e-10, "rollout/return_std": 19001300.0, "time/fps": 2368, "time/time_elapsed": 164, "time/total_timesteps": 390000}
{"rollout/ep_rew_mean": -39999360.7920855, "rollout/ep_len_mean": 1000.0, "time/fps": 2369, "time/time_elapsed": 168, "time/total_timesteps": 400000}
{"rollout/ep_rew_mean": -39933456.637829795, "rollout/ep_len_mean": 1000.0, "time/fps": 2370, "time/time_elapsed": 172, "time/total_timesteps": 410000}
{"rollout/ep_rew_mean": -34899914.02513737, "rollout/ep_len_mean": 876.25, "time/fps": 2370, "time/time_elapsed": 177, "time/total_timesteps": 420000}
{"rollout/ep_rew_mean": -36207290.51359364, "rollout/ep_len_mean": 910.0, "time/fps": 2371, "time/time_elapsed": 181, "time/total_timesteps": 430000}
{"rollout/ep_rew_mean": -34182864.40971214, "rollout/ep_len_mean": 858.9285714285714, "time/fps": 2372, "time/time_elapsed": 185, "time/total_timesteps": 440000}
{"train/iterations": 8, "train/delta_std": 0.05, "train/learning_rate": 0.02,