{"rollout/ep_rew_mean": -39939770.089366004, "rollout/ep_len_mean": 1000.0, "time/fps": 1950, "time/time_elapsed": 5, "time/total_timesteps": 10000}
{"rollout/ep_rew_mean": -39977725.721532255, "rollout/ep_len_mean": 1000.0, "time/fps": 1948, "time/time_elapsed": 10, "time/total_timesteps": 20000}
{"rollout/ep_rew_mean": -39961263.93891786, "rollout/ep_len_mean": 1000.0, "time/fps": 1949, "time/time_elapsed": 15, "time/total_timesteps": 30000}
{"rollout/ep_rew_mean": -35982172.464159705, "rollout/ep_len_mean": 901.2, "time/fps": 1948, "time/time_elapsed": 20, "time/total_timesteps": 40000}
{"rollout/ep_rew_mean": -34261861.291145645, "rollout/ep_len_mean": 858.7142857142857, "time/fps": 1949, "time/time_elapsed": 25, "time/total_timesteps": 50000}
{"train/iterations": 0, "train/delta_std": 0.05, "train/learning_rate": 0.0018, "train/step_size": 1.405647213209571e-11, "rollout/return_std": 16006860.0, "rollout/ep_rew_mean": -40116019.458637, "rollout/ep_len_mean": 1000.0, "time/fps": 1947, "time/time_elapsed": 30, "time/total_timesteps": 60000}
{"rollout/ep_rew_mean": -32117374.0707654, "rollout/ep_len_mean": 804.2, "time/fps": 1946, "time/time_elapsed": 35, "time/total_timesteps": 70000}
{"rollout/ep_rew_mean": -34383005.815639146, "rollout/ep_len_mean": 860.1428571428571, "time/fps": 1946, "time/time_elapsed": 41, "time/total_timesteps": 80000}
{"rollout/ep_rew_mean": -36040718.971671104, "rollout/ep_len_mean": 902.1, "time/fps": 1947, "time/time_elapsed": 46, "time/total_timesteps": 90000}
{"rollout/ep_rew_mean": -36704019.16222625, "rollout/ep_len_mean": 918.4166666666666, "time/fps": 1947, "time/time_elapsed": 51, "time/total_timesteps": 100000}
{"rollout/ep_rew_mean": -37367575.22197134, "rollout/ep_len_mean": 934.7333333333333, "time/fps": 1947, "time/time_elapsed": 56, "time/total_timesteps": 110000}
{"train/iterations": 1, "train/delta_std": 0.05, "train/learning_rate": 0.0018, "train/step_size": 2.2788791687045062e-11, "rollout/return_std": 9873275.0, "rollout/ep_rew_mean": -39046754.74209, "rollout/ep_len_mean": 1000.0, "time/fps": 1947, "time/time_elapsed": 61, "time/total_timesteps": 120000}
{"rollout/ep_rew_mean": -26654513.7104535, "rollout/ep_len_mean": 671.6666666666666, "time/fps": 1947, "time/time_elapsed": 66, "time/total_timesteps": 130000}
{"rollout/ep_rew_mean": -26718551.320052445, "rollout/ep_len_mean": 672.6666666666666, "time/fps": 1948, "time/time_elapsed": 71, "time/total_timesteps": 140000}
{"rollout/ep_rew_mean": -30035973.527052503, "rollout/ep_len_mean": 754.5, "time/fps": 1947, "time/time_elapsed": 77, "time/total_timesteps": 150000}
{"rollout/ep_rew_mean": -29389171.388176937, "rollout/ep_len_mean": 738.7333333333333, "time/fps": 1948, "time/time_elapsed": 82, "time/total_timesteps": 160000}
{"train/iterations": 2, "train/delta_std": 0.05, "train/learning_rate": 0.0018, "train/step_size": 1.2754427722305728e-11, "rollout/return_std": 17640932.0, "rollout/ep_rew_mean": -20195507.86801275, "rollout/ep_len_mean": 511.5, "time/fps": 1948, "time/time_elapsed": 87, "time/total_timesteps": 170000}
{"rollout/ep_rew_mean": -26829425.843882, "rollout/ep_len_mean": 674.3333333333334, "time/fps": 1948, "time/time_elapsed": 92, "time/total_timesteps": 180000}
{"rollout/ep_rew_mean": -31042390.767619226, "rollout/ep_len_mean": 782.8888888888889, "time/fps": 1948, "time/time_elapsed": 97, "time/total_timesteps": 190000}
{"rollout/ep_rew_mean": -32663712.975237187, "rollout/ep_len_mean": 822.3636363636364, "time/fps": 1948, "time/time_elapsed": 102, "time/total_timesteps": 200000}
{"rollout/ep_rew_mean": -32027896.808222067, "rollout/ep_len_mean": 805.4, "time/fps": 1948, "time/time_elapsed": 107, "time/total_timesteps": 210000}
{"train/iterations": 3, "train/delta_std": 0.05, "train/learning_rate": 0.0018, "train/step_size": 1.4224277138097374e-11, "rollout/return_std": 15818026.0, "rollout/ep_rew_mean": -39847237.88053, "rollout/ep_len_mean": 1000.0, "time/fps": 1948, "time/time_elapsed": 112, "time/total_timesteps": 220000}
{"rollout/ep_rew_mean": -39835571.08937749, "rollout/ep_len_mean": 1000.0, "time/fps": 1948, "time/time_elapsed": 118, "time/total_timesteps": 230000}
{"rollout/ep_rew_mean": -39924503.10695716, "rollout/ep_len_mean": 1000.0, "time/fps": 1948, "time/time_elapsed": 123, "time/total_timesteps": 240000}
{"rollout/ep_rew_mean": -39898146.82875511, "rollout/ep_len_mean": 1000.0, "time/fps": 1948, "time/time_elapsed": 128, "time/total_timesteps": 250000}
{"rollout/ep_rew_mean": -39926938.18576027, "rollout/ep_len_mean": 1000.0, "time/fps": 1948, "time/time_elapsed": 133, "time/total_timesteps": 260000}
{"rollout/ep_rew_mean": -39924202.041499995, "rollout/ep_len_mean": 1000.0, "time/fps": 1948, "time/time_elapsed": 138, "time/total_timesteps": 270000}
{"train/iterations": 4, "train/delta_std": 0.05, "train/learning_rate": 0.0018, "train/step_size": 1.3224417116930454e-09, "rollout/return_std": 170139.8125, "time/fps": 1948, "time/time_elapsed": 143, "time/total_timesteps": 280000}
{"rollout/ep_rew_mean": -24305088.8404846, "rollout/ep_len_mean": 610.0, "time/fps": 1948, "time/time_elapsed": 148, "time/total_timesteps": 290000}
{"rollout/ep_rew_mean": -28787435.698537286, "rollout/ep_len_mean": 721.4285714285714, "time/fps": 1948, "time/time_elapsed": 153, "time/total_timesteps": 300000}
{"rollout/ep_rew_mean": -29259685.18839346, "rollout/ep_len_mean": 733.4545454545455, "time/fps": 1948, "time/time_elapsed": 159, "time/total_timesteps": 310000}
{"rollout/ep_rew_mean": -28719673.8101295, "rollout/ep_len_mean": 720.0, "time/fps": 1948, "time/time_elapsed": 164, "time/total_timesteps": 320000}
{"train/iterations": 5, "train/delta_std": 0.05, "train/learning_rate": 0.0018, "train/step_size": 1.2723723116780938e-11, "rollout/return_std": 17683502.0, "rollout/ep_rew_mean": -20189439.100711998, "rollout/ep_len_mean": 506.5, "time/fps": 1948, "time/time_elapsed": 169, "time/total_timesteps": 330000}
{"rollout/ep_rew_mean": -24071187.091083, "rollout/ep_len_mean": 606.6, "time/fps": 1949, "time/time_elapsed": 174, "time/total_timesteps": 340000}
{"rollout/ep_rew_mean": -26736518.845407113, "rollout/ep_len_mean": 672.2222222222222, "time/fps": 1949, "time/time_elapsed": 179, "time/total_timesteps": 350000}
{"rollout/ep_rew_mean": -26722096.119611755, "rollout/ep_len_mean": 671.9166666666666, "time/fps": 1949, "time/time_elapsed": 184, "time/total_timesteps": 360000}
{"train/iterations": 6, "train/delta_std": 0.05, "train/learning_rate": 0.0018, "train/step_size": 1.1890492930544116e-11, "rollout/return_std": 18922680.0, "time/fps": 1949, "time/time_elapsed": 189, "time/total_timesteps": 370000}
{"rollout/ep_rew_mean": -26607364.800598666, "rollout/ep_len_mean": 670.6666666666666, "time/fps": 1949, "time/time_elapsed": 194, "time/total_timesteps": 380000}
{"rollout/ep_rew_mean": -33246650.173531998, "rollout/ep_len_mean": 835.3333333333334, "time/fps": 1949, "time/time_elapsed": 200, "time/total_timesteps": 390000}
{"rollout/ep_rew_mean": -34896467.970088996, "rollout/ep_len_mean": 876.5, "time/fps": 1949, "time/time_elapsed": 205, "time/total_timesteps": 400000}
{"rollout/ep_rew_mean": -33292477.071689412, "rollout/ep_len_mean": 835.3333333333334, "time/fps": 1950, "time/time_elapsed": 210, "time/total_timesteps": 410000}
{"rollout/ep_rew_mean": -34225883.499464996, "rollout/ep_len_mean": 858.8571428571429, "time/fps": 1950, "time/time_elapsed": 215, "time/total_timesteps": 420000}
{"train/iterations": 7, "train/delta_std": 0.05, "train/learning_rate": 0.0018, "train/step_size": 1.660765622246707e-11, "rollout/return_std": 13547969.0, "rollout/ep_rew_mean": -20326236.858903, "rollout/ep_len_mean": 512.5, "time/fps": 1950, "time/time_elapsed": 220, "time/total_timesteps": 430000}
{"rollout/ep_rew_mean": -30168101.9788305, "rollout/ep_len_mean": 756.25, "time/fps": 1950, "time/time_elapsed": 225, "time/total_timesteps": 440000}
{"rollout/ep_rew_mean": -29954412.0108495, "rollout/ep_len_mean": 755.75, "time/fps": 1950,