{"train/learning_rate": 0.0001, "train/n_updates": 124, "train/explained_variance": -5.7220458984375e-06, "train/entropy_loss": -12.76874828338623, "train/policy_loss": -202048.609375, "train/value_loss": 842542272.0, "train/std": 0.9998313188552856, "rollout/ep_rew_mean": -286273.6093294, "rollout/ep_len_mean": 73.56, "time/fps": 1818, "time/time_elapsed": 5, "time/total_timesteps": 10000}
{"train/learning_rate": 0.0001, "train/n_updates": 249, "train/explained_variance": -9.417533874511719e-06, "train/entropy_loss": -12.775904655456543, "train/policy_loss": -59544.4375, "train/value_loss": 88898856.0, "train/std": 1.0005483627319336, "rollout/ep_rew_mean": -284321.84960953007, "rollout/ep_len_mean": 69.61, "time/fps": 1825, "time/time_elapsed": 10, "time/total_timesteps": 20000}
{"train/learning_rate": 0.0001, "train/n_updates": 374, "train/explained_variance": -3.254413604736328e-05, "train/entropy_loss": -12.771849632263184, "train/policy_loss": -123237.2109375, "train/value_loss": 191294208.0, "train/std": 1.0001755952835083, "rollout/ep_rew_mean": -313689.94519524, "rollout/ep_len_mean": 88.06, "time/fps": 1823, "time/time_elapsed": 16, "time/total_timesteps": 30000}
{"train/learning_rate": 0.0001, "train/n_updates": 499, "train/explained_variance": 1.1920928955078125e-06, "train/entropy_loss": -12.7716064453125, "train/policy_loss": -224756.703125, "train/value_loss": 827761024.0, "train/std": 1.0002020597457886, "rollout/ep_rew_mean": -285435.04377125006, "rollout/ep_len_mean": 77.02, "time/fps": 1824, "time/time_elapsed": 21, "time/total_timesteps": 40000}
{"train/learning_rate": 0.0001, "train/n_updates": 624, "train/explained_variance": -2.384185791015625e-07, "train/entropy_loss": -12.774592399597168, "train/policy_loss": -336743.65625, "train/value_loss": 1594016000.0, "train/std": 1.0004875659942627, "rollout/ep_rew_mean": -257340.57664187998, "rollout/ep_len_mean": 68.69, "time/fps": 1824, "time/time_elapsed": 27, "time/total_timesteps": 50000}
{"train/learning_rate": 0.0001, "train/n_updates": 749, "train/explained_variance": 2.562999725341797e-06, "train/entropy_loss": -12.768523216247559, "train/policy_loss": -293779.25, "train/value_loss": 916182720.0, "train/std": 0.9997687935829163, "rollout/ep_rew_mean": -249296.69111229, "rollout/ep_len_mean": 69.38, "time/fps": 1821, "time/time_elapsed": 32, "time/total_timesteps": 60000}
{"train/learning_rate": 0.0001, "train/n_updates": 874, "train/explained_variance": -4.76837158203125e-07, "train/entropy_loss": -12.760560035705566, "train/policy_loss": -418347.4375, "train/value_loss": 2042303872.0, "train/std": 0.9988806843757629, "rollout/ep_rew_mean": -241395.44540823, "rollout/ep_len_mean": 63.15, "time/fps": 1817, "time/time_elapsed": 38, "time/total_timesteps": 70000}
{"train/learning_rate": 0.0001, "train/n_updates": 999, "train/explained_variance": 3.5762786865234375e-07, "train/entropy_loss": -12.757960319519043, "train/policy_loss": -332632.1875, "train/value_loss": 1063662592.0, "train/std": 0.9985745549201965, "rollout/ep_rew_mean": -241769.95014458004, "rollout/ep_len_mean": 65.75, "time/fps": 1817, "time/time_elapsed": 44, "time/total_timesteps": 80000}
{"train/learning_rate": 0.0001, "train/n_updates": 1124, "train/explained_variance": -2.9802322387695312e-06, "train/entropy_loss": -12.756023406982422, "train/policy_loss": -178170.59375, "train/value_loss": 322808864.0, "train/std": 0.9984242916107178, "rollout/ep_rew_mean": -212137.58238574996, "rollout/ep_len_mean": 56.69, "time/fps": 1816, "time/time_elapsed": 49, "time/total_timesteps": 90000}
{"train/learning_rate": 0.0001, "train/n_updates": 1249, "train/explained_variance": 2.980232238769531e-07, "train/entropy_loss": -12.752302169799805, "train/policy_loss": -136517.96875, "train/value_loss": 201033088.0, "train/std": 0.9980080723762512, "rollout/ep_rew_mean": -200633.36648861, "rollout/ep_len_mean": 54.16, "time/fps": 1816, "time/time_elapsed": 55, "time/total_timesteps": 100000}
{"train/learning_rate": 0.0001, "train/n_updates": 1374, "train/explained_variance": -1.1920928955078125e-07, "train/entropy_loss": -12.754918098449707, "train/policy_loss": -227118.71875, "train/value_loss": 863276352.0, "train/std": 0.9983020424842834, "rollout/ep_rew_mean": -216834.32123416, "rollout/ep_len_mean": 61.59, "time/fps": 1813, "time/time_elapsed": 60, "time/total_timesteps": 110000}
{"train/learning_rate": 0.0001, "train/n_updates": 1499, "train/explained_variance": -1.1920928955078125e-07, "train/entropy_loss": -12.756379127502441, "train/policy_loss": -191896.625, "train/value_loss": 652313664.0, "train/std": 0.9984295964241028, "rollout/ep_rew_mean": -222107.20900571, "rollout/ep_len_mean": 64.35, "time/fps": 1813, "time/time_elapsed": 66, "time/total_timesteps": 120000}
{"train/learning_rate": 0.0001, "train/n_updates": 1624, "train/explained_variance": 0.0, "train/entropy_loss": -12.75645637512207, "train/policy_loss": -296407.53125, "train/value_loss": 998951424.0, "train/std": 0.9984581470489502, "rollout/ep_rew_mean": -215929.23876815996, "rollout/ep_len_mean": 65.19, "time/fps": 1812, "time/time_elapsed": 71, "time/total_timesteps": 130000}
{"train/learning_rate": 0.0001, "train/n_updates": 1749, "train/explained_variance": 0.0, "train/entropy_loss": -12.758221626281738, "train/policy_loss": -275718.25, "train/value_loss": 1141164032.0, "train/std": 0.9986362457275391, "rollout/ep_rew_mean": -204571.19697489997, "rollout/ep_len_mean": 62.03, "time/fps": 1812, "time/time_elapsed": 77, "time/total_timesteps": 140000}
{"train/learning_rate": 0.0001, "train/n_updates": 1874, "train/explained_variance": 0.0, "train/entropy_loss": -12.749688148498535, "train/policy_loss": -121940.6015625, "train/value_loss": 646433664.0, "train/std": 0.9977366328239441, "rollout/ep_rew_mean": -196655.20928071003, "rollout/ep_len_mean": 61.33, "time/fps": 1812, "time/time_elapsed": 82, "time/total_timesteps": 150000}
{"train/learning_rate": 0.0001, "train/n_updates": 1999, "train/explained_variance": 0.0, "train/entropy_loss": -12.748808860778809, "train/policy_loss": -240230.65625, "train/value_loss": 837364352.0, "train/std": 0.9976019263267517, "rollout/ep_rew_mean": -180845.88979212, "rollout/ep_len_mean": 58.84, "time/fps": 1811, "time/time_elapsed": 88, "time/total_timesteps": 160000}
{"train/learning_rate": 0.0001, "train/n_updates": 2124, "train/explained_variance": 0.0, "train/entropy_loss": -12.746295928955078, "train/policy_loss": -79284.234375, "train/value_loss": 89739600.0, "train/std": 0.9972935914993286, "rollout/ep_rew_mean": -194450.31309607, "rollout/ep_len_mean": 61.09, "time/fps": 1811, "time/time_elapsed": 93, "time/total_timesteps": 170000}
{"train/learning_rate": 0.0001, "train/n_updates": 2249, "train/explained_variance": 0.0, "train/entropy_loss": -12.74102783203125, "train/policy_loss": -157866.3125, "train/value_loss": 557433280.0, "train/std": 0.9967857003211975, "rollout/ep_rew_mean": -196441.19536707003, "rollout/ep_len_mean": 60.06, "time/fps": 1811, "time/time_elapsed": 99, "time/total_timesteps": 180000}
{"train/learning_rate": 0.0001, "train/n_updates": 2374, "train/explained_variance": 5.960464477539063e-08, "train/entropy_loss": -12.734435081481934, "train/policy_loss": -343742.6875, "train/value_loss": 1469827840.0, "train/std": 0.9960347414016724, "rollout/ep_rew_mean": -186596.36695477006, "rollout/ep_len_mean": 60.53, "time/fps": 1809, "time/time_elapsed": 104, "time/total_timesteps": 190000}
{"train/learning_rate": 0.0001, "train/n_updates": 2499, "train/explained_variance": -1.1920928955078125e-07, "train/entropy_loss": -12.73570442199707, "train/policy_loss": -202254.203125, "train/value_loss": 655603648.0, "train/std": 0.9961685538291931, "rollout/ep_rew_mean": -164920.44025345, "rollout/ep_len_mean": 54.49, "time/fps": 1802, "time/time_elapsed": 110, "time/total_timesteps": 200000}
{"train/learning_rate": 0.0001, "train/n_updates": 2624, "train/explained_variance": 0.0,