{"train/learning_rate": 0.0013, "train/policy_objective": 0.0699249804019928, "train/value_loss": 5423634869.6, "train/kl_divergence_loss": 0.0062261540442705154, "train/explained_variance": 2.205371856689453e-06, "train/is_line_search_success": 1.0, "train/std": 0.990932047367096, "train/n_updates": 1, "rollout/ep_rew_mean": -282634.69843031, "rollout/ep_len_mean": 58.47, "time/fps": 1889, "time/time_elapsed": 5, "time/total_timesteps": 10000}
{"train/learning_rate": 0.0013, "train/policy_objective": 0.04231613129377365, "train/value_loss": 4025865602.8, "train/kl_divergence_loss": 0.0038957777433097363, "train/explained_variance": -1.1920928955078125e-07, "train/is_line_search_success": 1.0, "train/std": 0.9867022037506104, "train/n_updates": 2, "rollout/ep_rew_mean": -186515.49897836996, "rollout/ep_len_mean": 49.42, "time/fps": 1902, "time/time_elapsed": 10, "time/total_timesteps": 20000}
{"train/learning_rate": 0.0013, "train/policy_objective": 0.042865727096796036, "train/value_loss": 3420321782.0, "train/kl_divergence_loss": 0.004509454593062401, "train/explained_variance": 1.7881393432617188e-07, "train/is_line_search_success": 1.0, "train/std": 0.987457275390625, "train/n_updates": 3, "rollout/ep_rew_mean": -162215.74902360002, "rollout/ep_len_mean": 36.14, "time/fps": 1896, "time/time_elapsed": 15, "time/total_timesteps": 30000}
{"train/learning_rate": 0.0013, "train/policy_objective": 0.043650366365909576, "train/value_loss": 3528177736.0, "train/kl_divergence_loss": 0.004202744457870722, "train/explained_variance": -2.384185791015625e-07, "train/is_line_search_success": 1.0, "train/std": 0.9769616723060608, "train/n_updates": 4, "rollout/ep_rew_mean": -169832.37602521, "rollout/ep_len_mean": 44.96, "time/fps": 1892, "time/time_elapsed": 21, "time/total_timesteps": 40000}
{"train/learning_rate": 0.0013, "train/policy_objective": 0.04071032628417015, "train/value_loss": 3152536682.0, "train/kl_divergence_loss": 0.004546762444078922, "train/explained_variance": 0.0, "train/is_line_search_success": 1.0, "train/std": 0.9869675040245056, "train/n_updates": 6, "rollout/ep_rew_mean": -173576.04963332, "rollout/ep_len_mean": 47.61, "time/fps": 1810, "time/time_elapsed": 27, "time/total_timesteps": 50000}
{"train/learning_rate": 0.0013, "train/policy_objective": 0.04013758897781372, "train/value_loss": 2991387695.2, "train/kl_divergence_loss": 0.005163039080798626, "train/explained_variance": 0.0, "train/is_line_search_success": 1.0, "train/std": 0.9825888872146606, "train/n_updates": 7, "rollout/ep_rew_mean": -163098.75173761998, "rollout/ep_len_mean": 49.33, "time/fps": 1822, "time/time_elapsed": 32, "time/total_timesteps": 60000}
{"train/learning_rate": 0.0013, "train/policy_objective": 0.049497030675411224, "train/value_loss": 2833784779.2, "train/kl_divergence_loss": 0.00486851017922163, "train/explained_variance": 0.0, "train/is_line_search_success": 1.0, "train/std": 0.9746739268302917, "train/n_updates": 8, "rollout/ep_rew_mean": -155106.88717717002, "rollout/ep_len_mean": 51.16, "time/fps": 1829, "time/time_elapsed": 38, "time/total_timesteps": 70000}
{"train/learning_rate": 0.0013, "train/policy_objective": 0.04602823406457901, "train/value_loss": 2611882100.2, "train/kl_divergence_loss": 0.005262643564492464, "train/explained_variance": 5.960464477539063e-08, "train/is_line_search_success": 1.0, "train/std": 0.962421715259552, "train/n_updates": 9, "rollout/ep_rew_mean": -152741.38859674, "rollout/ep_len_mean": 49.35, "time/fps": 1835, "time/time_elapsed": 43, "time/total_timesteps": 80000}
{"train/learning_rate": 0.0013, "train/policy_objective": 0.04930741339921951, "train/value_loss": 2713571893.0, "train/kl_divergence_loss": 0.00514097698032856, "train/explained_variance": 0.0, "train/is_line_search_success": 1.0, "train/std": 0.9609677195549011, "train/n_updates": 10, "rollout/ep_rew_mean": -153174.30718144, "rollout/ep_len_mean": 48.49, "time/fps": 1840, "time/time_elapsed": 48, "time/total_timesteps": 90000}
{"train/learning_rate": 0.0013, "train/policy_objective": 0.04908177629113197, "train/value_loss": 2476630468.0, "train/kl_divergence_loss": 0.005170887336134911, "train/explained_variance": 0.0, "train/is_line_search_success": 1.0, "train/std": 0.9588452577590942, "train/n_updates": 12, "rollout/ep_rew_mean": -155683.25672337, "rollout/ep_len_mean": 51.66, "time/fps": 1807, "time/time_elapsed": 55, "time/total_timesteps": 100000}
{"train/learning_rate": 0.0013, "train/policy_objective": 0.047801509499549866, "train/value_loss": 2580893120.6, "train/kl_divergence_loss": 0.004669738933444023, "train/explained_variance": 0.0, "train/is_line_search_success": 1.0, "train/std": 0.9467393159866333, "train/n_updates": 13, "rollout/ep_rew_mean": -151793.33702822, "rollout/ep_len_mean": 52.41, "time/fps": 1811, "time/time_elapsed": 60, "time/total_timesteps": 110000}
{"train/learning_rate": 0.0013, "train/policy_objective": 0.05279321223497391, "train/value_loss": 2315703218.6, "train/kl_divergence_loss": 0.00492732971906662, "train/explained_variance": -1.1920928955078125e-07, "train/is_line_search_success": 1.0, "train/std": 0.943345308303833, "train/n_updates": 14, "rollout/ep_rew_mean": -148544.39979313, "rollout/ep_len_mean": 49.9, "time/fps": 1820, "time/time_elapsed": 65, "time/total_timesteps": 120000}
{"train/learning_rate": 0.0013, "train/policy_objective": 0.05325375497341156, "train/value_loss": 2346119630.6, "train/kl_divergence_loss": 0.004970697220414877, "train/explained_variance": -1.1920928955078125e-07, "train/is_line_search_success": 1.0, "train/std": 0.9414122700691223, "train/n_updates": 15, "rollout/ep_rew_mean": -151488.75280389, "rollout/ep_len_mean": 56.14, "time/fps": 1827, "time/time_elapsed": 71, "time/total_timesteps": 130000}
{"train/learning_rate": 0.0013, "train/policy_objective": 0.05418965965509415, "train/value_loss": 1974608429.0, "train/kl_divergence_loss": 0.005730020347982645, "train/explained_variance": 0.0, "train/is_line_search_success": 1.0, "train/std": 0.9291036128997803, "train/n_updates": 17, "rollout/ep_rew_mean": -151750.34129055002, "rollout/ep_len_mean": 67.9, "time/fps": 1806, "time/time_elapsed": 77, "time/total_timesteps": 140000}
{"train/learning_rate": 0.0013, "train/policy_objective": 0.061706118285655975, "train/value_loss": 2035599753.0, "train/kl_divergence_loss": 0.00561855174601078, "train/explained_variance": -1.1920928955078125e-07, "train/is_line_search_success": 1.0, "train/std": 0.9216920137405396, "train/n_updates": 18, "rollout/ep_rew_mean": -151060.00114526, "rollout/ep_len_mean": 59.95, "time/fps": 1812, "time/time_elapsed": 82, "time/total_timesteps": 150000}
{"train/learning_rate": 0.0013, "train/policy_objective": 0.05848421901464462, "train/value_loss": 2051616020.6, "train/kl_divergence_loss": 0.0058974530547857285, "train/explained_variance": 5.960464477539063e-08, "train/is_line_search_success": 1.0, "train/std": 0.9214445948600769, "train/n_updates": 19, "rollout/ep_rew_mean": -147019.39021371998, "rollout/ep_len_mean": 64.1, "time/fps": 1818, "time/time_elapsed": 88, "time/total_timesteps": 160000}
{"train/learning_rate": 0.0013, "train/policy_objective": 0.05576498806476593, "train/value_loss": 1897172985.0, "train/kl_divergence_loss": 0.005161067470908165, "train/explained_variance": 0.0, "train/is_line_search_success": 1.0, "train/std": 0.9247108101844788, "train/n_updates": 20, "rollout/ep_rew_mean": -138189.97833888, "rollout/ep_len_mean": 64.03, "time/fps": 1821, "time/time_elapsed": 93, "time/total_timesteps": 170000}
{"train/learning_rate": 0.0013, "train/policy_objective": 0.05161183327436447, "train/value_loss": 1870943027.0, "train/kl_divergence_loss": 0.00631469814106822, "train/explained_variance": 0.0, "train/is_line_search_success": 1.0, "train/std": 0.9247098565101624, "train/n_updates": 21, "rollout/ep_rew_mean": -144765.54273595999, "rollout/ep_len_mean": 70.94, "time/fps": 1825, "time/time_elapsed": 98,