{"rollout/ep_rew_mean": -13272588.622304, "rollout/ep_len_mean": 342.5, "time/fps": 2190, "time/time_elapsed": 4, "time/total_timesteps": 10000}
{"rollout/ep_rew_mean": -19846285.208490126, "rollout/ep_len_mean": 506.875, "time/fps": 2321, "time/time_elapsed": 8, "time/total_timesteps": 20000}
{"rollout/ep_rew_mean": -21444846.13032677, "rollout/ep_len_mean": 547.9230769230769, "time/fps": 2344, "time/time_elapsed": 12, "time/total_timesteps": 30000}
{"rollout/ep_rew_mean": -23909795.943664603, "rollout/ep_len_mean": 608.2, "time/fps": 2385, "time/time_elapsed": 16, "time/total_timesteps": 40000}
{"train/iterations": 0, "train/delta_std": 0.05, "train/learning_rate": 0.02, "train/step_size": 1.2732379039981367e-10, "rollout/return_std": 19634978.0, "rollout/ep_rew_mean": -13538807.542329833, "rollout/ep_len_mean": 344.8333333333333, "time/fps": 2405, "time/time_elapsed": 20, "time/total_timesteps": 50000}
{"rollout/ep_rew_mean": -17922399.671991114, "rollout/ep_len_mean": 455.6666666666667, "time/fps": 2422, "time/time_elapsed": 24, "time/total_timesteps": 60000}
{"rollout/ep_rew_mean": -23414112.797212917, "rollout/ep_len_mean": 591.75, "time/fps": 2440, "time/time_elapsed": 28, "time/total_timesteps": 70000}
{"rollout/ep_rew_mean": -25774406.2788235, "rollout/ep_len_mean": 650.0714285714286, "time/fps": 2429, "time/time_elapsed": 32, "time/total_timesteps": 80000}
{"train/iterations": 1, "train/delta_std": 0.05, "train/learning_rate": 0.02, "train/step_size": 1.3267560661223143e-10, "rollout/return_std": 18842952.0, "rollout/ep_rew_mean": -39839390.635545, "rollout/ep_len_mean": 1000.0, "time/fps": 2420, "time/time_elapsed": 37, "time/total_timesteps": 90000}
{"rollout/ep_rew_mean": -29865949.551256746, "rollout/ep_len_mean": 754.0, "time/fps": 2425, "time/time_elapsed": 41, "time/total_timesteps": 100000}
{"rollout/ep_rew_mean": -20009531.201059747, "rollout/ep_len_mean": 505.8333333333333, "time/fps": 2428, "time/time_elapsed": 45, "time/total_timesteps": 110000}
{"rollout/ep_rew_mean": -21301483.365614533, "rollout/ep_len_mean": 538.9333333333333, "time/fps": 2434, "time/time_elapsed": 49, "time/total_timesteps": 120000}
{"train/iterations": 2, "train/delta_std": 0.05, "train/learning_rate": 0.02, "train/step_size": 1.2346464128842882e-10, "rollout/return_std": 20248712.0, "rollout/ep_rew_mean": -13462396.7159475, "rollout/ep_len_mean": 343.3333333333333, "time/fps": 2441, "time/time_elapsed": 53, "time/total_timesteps": 130000}
{"rollout/ep_rew_mean": -18492251.076770555, "rollout/ep_len_mean": 476.77777777777777, "time/fps": 2447, "time/time_elapsed": 57, "time/total_timesteps": 140000}
{"rollout/ep_rew_mean": -22362184.254649, "rollout/ep_len_mean": 571.9090909090909, "time/fps": 2453, "time/time_elapsed": 61, "time/total_timesteps": 150000}
{"train/iterations": 3, "train/delta_std": 0.05, "train/learning_rate": 0.02, "train/step_size": 1.2575032681816367e-10, "rollout/return_std": 19880664.0, "time/fps": 2456, "time/time_elapsed": 65, "time/total_timesteps": 160000}
{"rollout/ep_rew_mean": -26720090.236621004, "rollout/ep_len_mean": 671.6666666666666, "time/fps": 2453, "time/time_elapsed": 69, "time/total_timesteps": 170000}
{"rollout/ep_rew_mean": -28550135.53889243, "rollout/ep_len_mean": 717.7142857142857, "time/fps": 2457, "time/time_elapsed": 73, "time/total_timesteps": 180000}
{"rollout/ep_rew_mean": -31052675.043061, "rollout/ep_len_mean": 780.4444444444445, "time/fps": 2460, "time/time_elapsed": 77, "time/total_timesteps": 190000}
{"rollout/ep_rew_mean": -33249933.373569164, "rollout/ep_len_mean": 835.3333333333334, "time/fps": 2463, "time/time_elapsed": 81, "time/total_timesteps": 200000}
{"rollout/ep_rew_mean": -34209007.590894, "rollout/ep_len_mean": 858.8571428571429, "time/fps": 2466, "time/time_elapsed": 85, "time/total_timesteps": 210000}
{"train/iterations": 4, "train/delta_std": 0.05, "train/learning_rate": 0.02, "train/step_size": 1.8469849261126825e-10, "rollout/return_std": 13535573.0, "rollout/ep_rew_mean": -39799386.099903, "rollout/ep_len_mean": 1000.0, "time/fps": 2468, "time/time_elapsed": 89, "time/total_timesteps": 220000}
{"rollout/ep_rew_mean": -23648525.341079403, "rollout/ep_len_mean": 606.4, "time/fps": 2466, "time/time_elapsed": 93, "time/total_timesteps": 230000}
{"rollout/ep_rew_mean": -26440253.965939224, "rollout/ep_len_mean": 671.1111111111111, "time/fps": 2270, "time/time_elapsed": 105, "time/total_timesteps": 240000}
{"rollout/ep_rew_mean": -28857407.836413454, "rollout/ep_len_mean": 730.9090909090909, "time/fps": 2279, "time/time_elapsed": 109, "time/total_timesteps": 250000}
{"rollout/ep_rew_mean": -29148628.507741597, "rollout/ep_len_mean": 736.4666666666667, "time/fps": 2288, "time/time_elapsed": 113, "time/total_timesteps": 260000}
{"train/iterations": 5, "train/delta_std": 0.05, "train/learning_rate": 0.02, "train/step_size": 1.4162679362605957e-10, "rollout/return_std": 17652028.0, "rollout/ep_rew_mean": -13402156.168904668, "rollout/ep_len_mean": 341.3333333333333, "time/fps": 2294, "time/time_elapsed": 117, "time/total_timesteps": 270000}
{"rollout/ep_rew_mean": -22867721.136526857, "rollout/ep_len_mean": 576.4285714285714, "time/fps": 2302, "time/time_elapsed": 121, "time/total_timesteps": 280000}
{"rollout/ep_rew_mean": -21767205.710253093, "rollout/ep_len_mean": 550.3636363636364, "time/fps": 2309, "time/time_elapsed": 125, "time/total_timesteps": 290000}
{"rollout/ep_rew_mean": -23950275.977983937, "rollout/ep_len_mean": 604.6666666666666, "time/fps": 2314, "time/time_elapsed": 129, "time/total_timesteps": 300000}
{"train/iterations": 6, "train/delta_std": 0.05, "train/learning_rate": 0.02, "train/step_size": 1.2645863523008671e-10, "rollout/return_std": 19769310.0, "rollout/ep_rew_mean": -20080285.35851, "rollout/ep_len_mean": 503.5, "time/fps": 2320, "time/time_elapsed": 133, "time/total_timesteps": 310000}
{"rollout/ep_rew_mean": -31990415.057005398, "rollout/ep_len_mean": 801.4, "time/fps": 2326, "time/time_elapsed": 137, "time/total_timesteps": 320000}
{"rollout/ep_rew_mean": -34215300.188542716, "rollout/ep_len_mean": 858.1428571428571, "time/fps": 2317, "time/time_elapsed": 142, "time/total_timesteps": 330000}
{"rollout/ep_rew_mean": -27685792.796958923, "rollout/ep_len_mean": 695.8461538461538, "time/fps": 2324, "time/time_elapsed": 146, "time/total_timesteps": 340000}
{"train/iterations": 7, "train/delta_std": 0.05, "train/learning_rate": 0.02, "train/step_size": 1.3172908597258726e-10, "rollout/return_std": 18978344.0, "rollout/ep_rew_mean": -401994.260717, "rollout/ep_len_mean": 16.0, "time/fps": 2329, "time/time_elapsed": 150, "time/total_timesteps": 350000}
{"rollout/ep_rew_mean": -17277387.86984443, "rollout/ep_len_mean": 436.85714285714283, "time/fps": 2332, "time/time_elapsed": 154, "time/total_timesteps": 360000}
{"rollout/ep_rew_mean": -22323360.213151112, "rollout/ep_len_mean": 562.0, "time/fps": 2334, "time/time_elapsed": 158, "time/total_timesteps": 370000}
{"rollout/ep_rew_mean": -22914175.7157895, "rollout/ep_len_mean": 577.3571428571429, "time/fps": 2339, "time/time_elapsed": 162, "time/total_timesteps": 380000}
{"train/iterations": 8, "train/delta_std": 0.05, "train/learning_rate": 0.02, "train/step_size": 1.2290496398392747e-10, "rollout/return_std": 20340920.0, "rollout/ep_rew_mean": -40050277.043819, "rollout/ep_len_mean": 1000.0, "time/fps": 2343, "time/time_elapsed": 166, "time/total_timesteps": 390000}
{"rollout/ep_rew_mean": -22942478.750986, "rollout/ep_len_mean": 577.8571428571429, "time/fps": 2348, "time/time_elapsed": 170, "time/total_timesteps": 400000}
{"rollout/ep_rew_mean": -26730801.218843333, "rollout/ep_len_mean": 671.6666666666666, "time/fps": 2353, "time/time_elapsed": 174, "time/total_timesteps": 410000}
{"rollout/ep_rew_mean": -27753323.319980003, "rollout/ep_len_mean": 697.3846153846154, "time/fps": 2357, "time/time_elapsed": 178, "time/total_timesteps": 420000}
{"train/iterations": 9, "train/delta_std": 0.05, "train/learning_rate": 0.02,