{"train/learning_rate": 0.0064, "train/n_updates": 2474, "train/ent_coef": 39.82308578491211, "train/actor_loss": 21855.23046875, "train/critic_loss": 3226.7041015625, "train/ent_coef_loss": -2.8109395503997803, "time/episodes": 129, "rollout/ep_rew_mean": -418815.47464475, "rollout/ep_len_mean": 76.96, "time/fps": 253, "time/time_elapsed": 39, "time/total_timesteps": 10000}
{"train/learning_rate": 0.0064, "train/n_updates": 4974, "train/ent_coef": 21.920549392700195, "train/actor_loss": 9289.8876953125, "train/critic_loss": 1472.3134765625, "train/ent_coef_loss": 0.8366639614105225, "time/episodes": 151, "rollout/ep_rew_mean": -255088.55955282995, "rollout/ep_len_mean": 160.63, "time/fps": 250, "time/time_elapsed": 79, "time/total_timesteps": 20000}
{"train/learning_rate": 0.0064, "train/n_updates": 7474, "train/ent_coef": 10.299895286560059, "train/actor_loss": 2719.56787109375, "train/critic_loss": 991.5171508789062, "train/ent_coef_loss": -0.2834230661392212, "time/episodes": 159, "rollout/ep_rew_mean": -148663.84116207, "rollout/ep_len_mean": 231.85, "time/fps": 249, "time/time_elapsed": 120, "time/total_timesteps": 30000}
{"train/learning_rate": 0.0064, "train/n_updates": 9974, "train/ent_coef": 6.5542893409729, "train/actor_loss": 1541.6204833984375, "train/critic_loss": 633.4513549804688, "train/ent_coef_loss": -0.9689596891403198, "time/episodes": 173, "rollout/ep_rew_mean": -121401.18058292, "rollout/ep_len_mean": 345.96, "time/fps": 248, "time/time_elapsed": 161, "time/total_timesteps": 40000}
{"train/learning_rate": 0.0064, "train/n_updates": 12474, "train/ent_coef": 4.4811110496521, "train/actor_loss": 506.8180847167969, "train/critic_loss": 469.198486328125, "train/ent_coef_loss": 0.39704012870788574, "time/episodes": 196, "rollout/ep_rew_mean": -109249.89290574001, "rollout/ep_len_mean": 439.08, "time/fps": 247, "time/time_elapsed": 202, "time/total_timesteps": 50000}
{"train/learning_rate": 0.0064, "train/n_updates": 14974, "train/ent_coef": 3.7188801765441895, "train/actor_loss": 549.09521484375, "train/critic_loss": 645.4512939453125, "train/ent_coef_loss": -1.0687642097473145, "time/episodes": 215, "rollout/ep_rew_mean": -107163.10977017999, "rollout/ep_len_mean": 522.09, "time/fps": 246, "time/time_elapsed": 243, "time/total_timesteps": 60000}
{"train/learning_rate": 0.0064, "train/n_updates": 17474, "train/ent_coef": 3.7706832885742188, "train/actor_loss": 405.7915344238281, "train/critic_loss": 705.1776123046875, "train/ent_coef_loss": 0.10030797123908997, "time/episodes": 308, "rollout/ep_rew_mean": -101162.83690725999, "rollout/ep_len_mean": 136.37, "time/fps": 245, "time/time_elapsed": 284, "time/total_timesteps": 70000}
{"train/learning_rate": 0.0064, "train/n_updates": 19974, "train/ent_coef": 1.8223686218261719, "train/actor_loss": -75.88491821289062, "train/critic_loss": 152.5990447998047, "train/ent_coef_loss": 0.4094344675540924, "time/episodes": 316, "rollout/ep_rew_mean": -93278.99269684, "rollout/ep_len_mean": 173.97, "time/fps": 246, "time/time_elapsed": 324, "time/total_timesteps": 80000}
{"train/learning_rate": 0.0064, "train/n_updates": 22474, "train/ent_coef": 1.6614094972610474, "train/actor_loss": 201.8662109375, "train/critic_loss": 222.13284301757812, "train/ent_coef_loss": 0.047353506088256836, "time/episodes": 352, "rollout/ep_rew_mean": -95263.18546943, "rollout/ep_len_mean": 244.85, "time/fps": 245, "time/time_elapsed": 366, "time/total_timesteps": 90000}
