{"rollout/ep_rew_mean": -33702986.845119335, "rollout/ep_len_mean": 670.6666666666666, "time/fps": 1680, "time/time_elapsed": 5, "time/total_timesteps": 10000}
{"rollout/ep_rew_mean": -40298620.9376286, "rollout/ep_len_mean": 802.4, "time/fps": 1687, "time/time_elapsed": 11, "time/total_timesteps": 20000}
{"rollout/ep_rew_mean": -35264704.330043, "rollout/ep_len_mean": 703.0, "time/fps": 1684, "time/time_elapsed": 17, "time/total_timesteps": 30000}
{"rollout/ep_rew_mean": -32424196.010002714, "rollout/ep_len_mean": 646.5714285714286, "time/fps": 1686, "time/time_elapsed": 23, "time/total_timesteps": 40000}
{"train/iterations": 0, "train/delta_std": 0.05, "train/learning_rate": 0.0018, "train/step_size": 9.017781313347406e-12, "rollout/return_std": 24950704.0, "rollout/ep_rew_mean": -50103408.6157145, "rollout/ep_len_mean": 1000.0, "time/fps": 1686, "time/time_elapsed": 29, "time/total_timesteps": 50000}
{"rollout/ep_rew_mean": -33515795.215598498, "rollout/ep_len_mean": 669.1666666666666, "time/fps": 1686, "time/time_elapsed": 35, "time/total_timesteps": 60000}
{"rollout/ep_rew_mean": -27151178.54078438, "rollout/ep_len_mean": 542.0, "time/fps": 1684, "time/time_elapsed": 41, "time/total_timesteps": 70000}
{"rollout/ep_rew_mean": -30219686.197642665, "rollout/ep_len_mean": 603.0666666666667, "time/fps": 1685, "time/time_elapsed": 47, "time/total_timesteps": 80000}
{"train/iterations": 1, "train/delta_std": 0.05, "train/learning_rate": 0.0018, "train/step_size": 9.01115640439265e-12, "rollout/return_std": 24969048.0, "rollout/ep_rew_mean": -50280945.6666445, "rollout/ep_len_mean": 1000.0, "time/fps": 1685, "time/time_elapsed": 53, "time/total_timesteps": 90000}
{"rollout/ep_rew_mean": -33590935.9225055, "rollout/ep_len_mean": 668.3333333333334, "time/fps": 1685, "time/time_elapsed": 59, "time/total_timesteps": 100000}
{"rollout/ep_rew_mean": -27156978.829728227, "rollout/ep_len_mean": 541.3846153846154, "time/fps": 1686, "time/time_elapsed": 65, "time/total_timesteps": 110000}
{"train/iterations": 2, "train/delta_std": 0.05, "train/learning_rate": 0.0018, "train/step_size": 8.714394657272084e-12, "rollout/return_std": 25819348.0, "rollout/ep_rew_mean": -16913908.887692, "rollout/ep_len_mean": 340.6666666666667, "time/fps": 1687, "time/time_elapsed": 71, "time/total_timesteps": 120000}
{"rollout/ep_rew_mean": -28839333.07501028, "rollout/ep_len_mean": 576.4285714285714, "time/fps": 1688, "time/time_elapsed": 77, "time/total_timesteps": 130000}
{"rollout/ep_rew_mean": -23359614.62931208, "rollout/ep_len_mean": 467.0, "time/fps": 1688, "time/time_elapsed": 82, "time/total_timesteps": 140000}
{"train/iterations": 3, "train/delta_std": 0.05, "train/learning_rate": 0.0018, "train/step_size": 8.800597403602062e-12, "rollout/return_std": 25566444.0, "time/fps": 1687, "time/time_elapsed": 88, "time/total_timesteps": 150000}
{"rollout/ep_rew_mean": -33585886.832571, "rollout/ep_len_mean": 669.0, "time/fps": 1687, "time/time_elapsed": 94, "time/total_timesteps": 160000}
{"rollout/ep_rew_mean": -31498766.73860575, "rollout/ep_len_mean": 627.375, "time/fps": 1687, "time/time_elapsed": 100, "time/total_timesteps": 170000}
{"rollout/ep_rew_mean": -32067162.396354083, "rollout/ep_len_mean": 638.7272727272727, "time/fps": 1687, "time/time_elapsed": 106, "time/total_timesteps": 180000}
{"rollout/ep_rew_mean": -35272749.66298436, "rollout/ep_len_mean": 716.1428571428571, "time/fps": 1686, "time/time_elapsed": 112, "time/total_timesteps": 190000}
{"train/iterations": 4, "train/delta_std": 0.05, "train/learning_rate": 0.0018, "train/step_size": 1.0163381421179896e-11, "rollout/return_std": 22138302.0, "time/fps": 1686, "time/time_elapsed": 118, "time/total_timesteps": 200000}
{"rollout/ep_rew_mean": -37705163.42866125, "rollout/ep_len_mean": 752.5, "time/fps": 1686, "time/time_elapsed": 124, "time/total_timesteps": 210000}
{"rollout/ep_rew_mean": -41868423.345133334, "rollout/ep_len_mean": 835.0, "time/fps": 1687, "time/time_elapsed": 130, "time/total_timesteps": 220000}
{"rollout/ep_rew_mean": -40216736.2537096, "rollout/ep_len_mean": 801.8, "time/fps": 1687, "time/time_elapsed": 136, "time/total_timesteps": 230000}
{"rollout/ep_rew_mean": -41878272.26737551, "rollout/ep_len_mean": 834.8333333333334, "time/fps": 1687, "time/time_elapsed": 142, "time/total_timesteps": 240000}
{"train/iterations": 5, "train/delta_std": 0.05, "train/learning_rate": 0.0018, "train/step_size": 1.1186809291408029e-11, "rollout/return_std": 20112974.0, "time/fps": 1687, "time/time_elapsed": 148, "time/total_timesteps": 250000}
{"rollout/ep_rew_mean": -33521079.014166668, "rollout/ep_len_mean": 669.0, "time/fps": 1687, "time/time_elapsed": 154, "time/total_timesteps": 260000}
{"rollout/ep_rew_mean": -31471746.463955626, "rollout/ep_len_mean": 628.25, "time/fps": 1687, "time/time_elapsed": 159, "time/total_timesteps": 270000}
{"rollout/ep_rew_mean": -27143111.755681, "rollout/ep_len_mean": 542.4615384615385, "time/fps": 1687, "time/time_elapsed": 165, "time/total_timesteps": 280000}
{"train/iterations": 6, "train/delta_std": 0.05, "train/learning_rate": 0.0018, "train/step_size": 9.016324145627586e-12, "rollout/return_std": 24954736.0, "rollout/ep_rew_mean": -371214.44052099995, "rollout/ep_len_mean": 10.0, "time/fps": 1687, "time/time_elapsed": 171, "time/total_timesteps": 290000}
{"rollout/ep_rew_mean": -14591595.189328428, "rollout/ep_len_mean": 292.2857142857143, "time/fps": 1687, "time/time_elapsed": 177, "time/total_timesteps": 300000}
{"rollout/ep_rew_mean": -23036903.673037183, "rollout/ep_len_mean": 459.90909090909093, "time/fps": 1687, "time/time_elapsed": 183, "time/total_timesteps": 310000}
{"rollout/ep_rew_mean": -25296344.893731926, "rollout/ep_len_mean": 504.7142857142857, "time/fps": 1687, "time/time_elapsed": 189, "time/total_timesteps": 320000}
{"train/iterations": 7, "train/delta_std": 0.05, "train/learning_rate": 0.0018, "train/step_size": 8.729817216335256e-12, "rollout/return_std": 25773734.0, "rollout/ep_rew_mean": -20226946.1856352, "rollout/ep_len_mean": 404.0, "time/fps": 1686, "time/time_elapsed": 195, "time/total_timesteps": 330000}
{"rollout/ep_rew_mean": -28795220.89964543, "rollout/ep_len_mean": 574.2857142857143, "time/fps": 1686, "time/time_elapsed": 201, "time/total_timesteps": 340000}
{"rollout/ep_rew_mean": -35238801.382233806, "rollout/ep_len_mean": 702.0, "time/fps": 1686, "time/time_elapsed": 207, "time/total_timesteps": 350000}
{"train/iterations": 8, "train/delta_std": 0.05, "train/learning_rate": 0.0018, "train/step_size": 8.790867339625308e-12, "rollout/return_std": 25594744.0, "time/fps": 1686, "time/time_elapsed": 213, "time/total_timesteps": 360000}
{"rollout/ep_rew_mean": -30255511.872989, "rollout/ep_len_mean": 603.8, "time/fps": 1686, "time/time_elapsed": 219, "time/total_timesteps": 370000}
{"rollout/ep_rew_mean": -35948676.69176871, "rollout/ep_len_mean": 717.0, "time/fps": 1686, "time/time_elapsed": 225, "time/total_timesteps": 380000}
{"rollout/ep_rew_mean": -36606236.03799627, "rollout/ep_len_mean": 730.0, "time/fps": 1686, "time/time_elapsed": 231, "time/total_timesteps": 390000}
{"rollout/ep_rew_mean": -38695386.37475015, "rollout/ep_len_mean": 771.5384615384615, "time/fps": 1686, "time/time_elapsed": 237, "time/total_timesteps": 400000}
{"train/iterations": 9, "train/delta_std": 0.05, "train/learning_rate": 0.0018, "train/step_size": 1.1194764733268858e-11, "rollout/return_std": 20098680.0, "time/fps": 1686, "time/time_elapsed": 243, "time/total_timesteps": 410000}
{"rollout/ep_rew_mean": -33548388.533156663, "rollout/ep_len_mean": 671.0, "time/fps": 1686, "time/time_elapsed": 249, "time/total_timesteps": 420000}
{"rollout/ep_rew_mean": -28821740.985463716, "rollout/ep_len_mean": 575.2857142857143, "time/fps": 1686, "time/time_elapsed": 255, "time/total_timesteps": 430000}
{"rollout/ep_rew_mean": -27193853.611679845, "rollout/ep_len_mean": 542.9230769230769, "time/fps": 1686, "time/time_elapsed": 260,