{"rollout/ep_rew_mean": -19861613.668699, "rollout/ep_len_mean": 670.3333333333334, "time/fps": 2134, "time/time_elapsed": 4, "time/total_timesteps": 10000}
{"rollout/ep_rew_mean": -19887051.716284003, "rollout/ep_len_mean": 669.6666666666666, "time/fps": 2624, "time/time_elapsed": 7, "time/total_timesteps": 20000}
{"rollout/ep_rew_mean": -20938892.577472303, "rollout/ep_len_mean": 705.0, "time/fps": 2840, "time/time_elapsed": 10, "time/total_timesteps": 30000}
{"rollout/ep_rew_mean": -22449750.147493836, "rollout/ep_len_mean": 754.1666666666666, "time/fps": 2966, "time/time_elapsed": 13, "time/total_timesteps": 40000}
{"rollout/ep_rew_mean": -23957293.266956337, "rollout/ep_len_mean": 803.3333333333334, "time/fps": 3045, "time/time_elapsed": 16, "time/total_timesteps": 50000}
{"train/iterations": 0, "train/delta_std": 0.05, "train/learning_rate": 0.02, "train/step_size": 2.0892988727982953e-10, "rollout/return_std": 11965737.0, "rollout/ep_rew_mean": -29988444.736185, "rollout/ep_len_mean": 1000.0, "time/fps": 3100, "time/time_elapsed": 19, "time/total_timesteps": 60000}
{"rollout/ep_rew_mean": -30000083.22809625, "rollout/ep_len_mean": 1000.0, "time/fps": 3143, "time/time_elapsed": 22, "time/total_timesteps": 70000}
{"rollout/ep_rew_mean": -29999736.564503502, "rollout/ep_len_mean": 1000.0, "time/fps": 3176, "time/time_elapsed": 25, "time/total_timesteps": 80000}
{"rollout/ep_rew_mean": -29917797.602763116, "rollout/ep_len_mean": 1000.0, "time/fps": 3202, "time/time_elapsed": 28, "time/total_timesteps": 90000}
{"rollout/ep_rew_mean": -29939664.687682007, "rollout/ep_len_mean": 1000.0, "time/fps": 3224, "time/time_elapsed": 31, "time/total_timesteps": 100000}
{"rollout/ep_rew_mean": -29906697.782569002, "rollout/ep_len_mean": 1000.0, "time/fps": 3241, "time/time_elapsed": 33, "time/total_timesteps": 110000}
{"train/iterations": 1, "train/delta_std": 0.05, "train/learning_rate": 0.02, "train/step_size": 9.495606079212848e-09, "rollout/return_std": 263279.65625, "time/fps": 3255, "time/time_elapsed": 36, "time/total_timesteps": 120000}
{"rollout/ep_rew_mean": -14985379.265281, "rollout/ep_len_mean": 505.3333333333333, "time/fps": 3268, "time/time_elapsed": 39, "time/total_timesteps": 130000}
{"rollout/ep_rew_mean": -16658711.037835445, "rollout/ep_len_mean": 560.0, "time/fps": 3279, "time/time_elapsed": 42, "time/total_timesteps": 140000}
{"rollout/ep_rew_mean": -19991564.417356916, "rollout/ep_len_mean": 670.0, "time/fps": 3288, "time/time_elapsed": 45, "time/total_timesteps": 150000}
{"rollout/ep_rew_mean": -21424782.58987343, "rollout/ep_len_mean": 717.1428571428571, "time/fps": 3297, "time/time_elapsed": 48, "time/total_timesteps": 160000}
{"train/iterations": 2, "train/delta_std": 0.05, "train/learning_rate": 0.02, "train/step_size": 1.8775000998338953e-10, "rollout/return_std": 13315579.0, "rollout/ep_rew_mean": -14942365.303647501, "rollout/ep_len_mean": 503.0, "time/fps": 3305, "time/time_elapsed": 51, "time/total_timesteps": 170000}
{"rollout/ep_rew_mean": -17972151.445853602, "rollout/ep_len_mean": 603.0, "time/fps": 3312, "time/time_elapsed": 54, "time/total_timesteps": 180000}
{"rollout/ep_rew_mean": -18019986.7694675, "rollout/ep_len_mean": 603.8, "time/fps": 3318, "time/time_elapsed": 57, "time/total_timesteps": 190000}
{"rollout/ep_rew_mean": -17176931.248779286, "rollout/ep_len_mean": 577.7142857142857, "time/fps": 3324, "time/time_elapsed": 60, "time/total_timesteps": 200000}
{"train/iterations": 3, "train/delta_std": 0.05, "train/learning_rate": 0.02, "train/step_size": 1.6435448835228073e-10, "rollout/return_std": 15211024.0, "rollout/ep_rew_mean": -20402319.358462002, "rollout/ep_len_mean": 685.3333333333334, "time/fps": 3328, "time/time_elapsed": 63, "time/total_timesteps": 210000}
{"rollout/ep_rew_mean": -24232586.3860318, "rollout/ep_len_mean": 811.2, "time/fps": 3332, "time/time_elapsed": 66, "time/total_timesteps": 220000}
{"rollout/ep_rew_mean": -26343996.605727874, "rollout/ep_len_mean": 882.0, "time/fps": 3336, "time/time_elapsed": 68, "time/total_timesteps": 230000}
{"rollout/ep_rew_mean": -27072523.808208596, "rollout/ep_len_mean": 905.6, "time/fps": 3340, "time/time_elapsed": 71, "time/total_timesteps": 240000}
{"rollout/ep_rew_mean": -25783278.036223143, "rollout/ep_len_mean": 861.7857142857143, "time/fps": 3343, "time/time_elapsed": 74, "time/total_timesteps": 250000}
{"train/iterations": 4, "train/delta_std": 0.05, "train/learning_rate": 0.02, "train/step_size": 2.49804094076822e-10, "rollout/return_std": 10007842.0, "time/fps": 3346, "time/time_elapsed": 77, "time/total_timesteps": 260000}
{"rollout/ep_rew_mean": -11324889.732325, "rollout/ep_len_mean": 381.125, "time/fps": 3349, "time/time_elapsed": 80, "time/total_timesteps": 270000}
{"rollout/ep_rew_mean": -12574632.577801084, "rollout/ep_len_mean": 422.5833333333333, "time/fps": 3352, "time/time_elapsed": 83, "time/total_timesteps": 280000}
{"rollout/ep_rew_mean": -16061449.178769134, "rollout/ep_len_mean": 538.0666666666667, "time/fps": 3354, "time/time_elapsed": 86, "time/total_timesteps": 290000}
{"train/iterations": 5, "train/delta_std": 0.05, "train/learning_rate": 0.02, "train/step_size": 1.6353812748448604e-10, "rollout/return_std": 15286956.0, "rollout/ep_rew_mean": -30138013.944887, "rollout/ep_len_mean": 1000.0, "time/fps": 3357, "time/time_elapsed": 89, "time/total_timesteps": 300000}
{"rollout/ep_rew_mean": -23962514.1703864, "rollout/ep_len_mean": 801.6, "time/fps": 3353, "time/time_elapsed": 92, "time/total_timesteps": 310000}
{"rollout/ep_rew_mean": -22479018.11021725, "rollout/ep_len_mean": 752.125, "time/fps": 3355, "time/time_elapsed": 95, "time/total_timesteps": 320000}
{"rollout/ep_rew_mean": -24531407.995943, "rollout/ep_len_mean": 819.7272727272727, "time/fps": 3356, "time/time_elapsed": 98, "time/total_timesteps": 330000}
{"rollout/ep_rew_mean": -25378422.963391382, "rollout/ep_len_mean": 847.4615384615385, "time/fps": 3358, "time/time_elapsed": 101, "time/total_timesteps": 340000}
{"train/iterations": 6, "train/delta_std": 0.05, "train/learning_rate": 0.02, "train/step_size": 2.452225367211014e-10, "rollout/return_std": 10194821.0, "time/fps": 3360, "time/time_elapsed": 104, "time/total_timesteps": 350000}
{"rollout/ep_rew_mean": -29940458.1463345, "rollout/ep_len_mean": 1000.0, "time/fps": 3363, "time/time_elapsed": 107, "time/total_timesteps": 360000}
{"rollout/ep_rew_mean": -21462624.46914557, "rollout/ep_len_mean": 717.0, "time/fps": 3364, "time/time_elapsed": 109, "time/total_timesteps": 370000}
{"rollout/ep_rew_mean": -21038744.4180137, "rollout/ep_len_mean": 703.7, "time/fps": 3366, "time/time_elapsed": 112, "time/total_timesteps": 380000}
{"rollout/ep_rew_mean": -21467538.607009, "rollout/ep_len_mean": 717.5, "time/fps": 3368, "time/time_elapsed": 115, "time/total_timesteps": 390000}
{"train/iterations": 7, "train/delta_std": 0.05, "train/learning_rate": 0.02, "train/step_size": 1.8745333063563407e-10, "rollout/return_std": 13336652.0, "time/fps": 3369, "time/time_elapsed": 118, "time/total_timesteps": 400000}
{"rollout/ep_rew_mean": -18068058.292547204, "rollout/ep_len_mean": 604.2, "time/fps": 3370, "time/time_elapsed": 121, "time/total_timesteps": 410000}
{"rollout/ep_rew_mean": -16756196.468968444, "rollout/ep_len_mean": 559.5555555555555, "time/fps": 3372, "time/time_elapsed": 124, "time/total_timesteps": 420000}
{"rollout/ep_rew_mean": -20068709.18791658, "rollout/ep_len_mean": 669.6666666666666, "time/fps": 3373, "time/time_elapsed": 127, "time/total_timesteps": 430000}
{"train/iterations": 8, "train/delta_std": 0.05, "train/learning_rate": 0.02, "train/step_size": 1.6766317501026862e-10, "rollout/return_std": 14910846.0, "time/fps": 3374, "time/time_elapsed": 130, "time/total_timesteps": 440000}
{"rollout/ep_rew_mean": -29824916.07040133, "rollout/ep_len_mean": 1000.0, "time/fps": 3375, "time/time_elapsed": 133, "time/total_timesteps": 450000}
{"rollout/ep_rew_mean": -29900872.0434042, "rollout/ep_len_mean": 1000.0,