{"train/learning_rate": 0.0001, "train/n_updates": 124, "train/explained_variance": 2.384185791015625e-06, "train/entropy_loss": -12.785869598388672, "train/policy_loss": -488040.15625, "train/value_loss": 2251049472.0, "train/std": 1.0017305612564087, "rollout/ep_rew_mean": -330256.18239277997, "rollout/ep_len_mean": 74.02, "time/fps": 1803, "time/time_elapsed": 5, "time/total_timesteps": 10000}
{"train/learning_rate": 0.0001, "train/n_updates": 249, "train/explained_variance": -3.6954879760742188e-06, "train/entropy_loss": -12.788477897644043, "train/policy_loss": -324282.59375, "train/value_loss": 1435125888.0, "train/std": 1.0019736289978027, "rollout/ep_rew_mean": -306457.82609012, "rollout/ep_len_mean": 74.08, "time/fps": 1811, "time/time_elapsed": 11, "time/total_timesteps": 20000}
{"train/learning_rate": 0.0001, "train/n_updates": 374, "train/explained_variance": 1.4901161193847656e-06, "train/entropy_loss": -12.785523414611816, "train/policy_loss": -321721.1875, "train/value_loss": 1272552832.0, "train/std": 1.0017199516296387, "rollout/ep_rew_mean": -323358.4118558, "rollout/ep_len_mean": 77.34, "time/fps": 1815, "time/time_elapsed": 16, "time/total_timesteps": 30000}
{"train/learning_rate": 0.0001, "train/n_updates": 499, "train/explained_variance": -1.1920928955078125e-06, "train/entropy_loss": -12.786261558532715, "train/policy_loss": -11627.9873046875, "train/value_loss": 672637888.0, "train/std": 1.0018799304962158, "rollout/ep_rew_mean": -261114.16912921998, "rollout/ep_len_mean": 67.36, "time/fps": 1814, "time/time_elapsed": 22, "time/total_timesteps": 40000}
{"train/learning_rate": 0.0001, "train/n_updates": 624, "train/explained_variance": 4.172325134277344e-07, "train/entropy_loss": -12.786797523498535, "train/policy_loss": -91788.828125, "train/value_loss": 960084992.0, "train/std": 1.0018973350524902, "rollout/ep_rew_mean": -291652.22996009, "rollout/ep_len_mean": 77.24, "time/fps": 1813, "time/time_elapsed": 27, "time/total_timesteps": 50000}
{"train/learning_rate": 0.0001, "train/n_updates": 749, "train/explained_variance": -3.5762786865234375e-07, "train/entropy_loss": -12.787042617797852, "train/policy_loss": -222092.453125, "train/value_loss": 769868736.0, "train/std": 1.0018420219421387, "rollout/ep_rew_mean": -248420.30099219998, "rollout/ep_len_mean": 62.07, "time/fps": 1811, "time/time_elapsed": 33, "time/total_timesteps": 60000}
{"train/learning_rate": 0.0001, "train/n_updates": 874, "train/explained_variance": -1.6689300537109375e-06, "train/entropy_loss": -12.78266716003418, "train/policy_loss": -189442.375, "train/value_loss": 345082880.0, "train/std": 1.001386284828186, "rollout/ep_rew_mean": -269469.17200655997, "rollout/ep_len_mean": 65.86, "time/fps": 1810, "time/time_elapsed": 38, "time/total_timesteps": 70000}
{"train/learning_rate": 0.0001, "train/n_updates": 999, "train/explained_variance": -3.5762786865234375e-07, "train/entropy_loss": -12.778313636779785, "train/policy_loss": -243871.875, "train/value_loss": 732964480.0, "train/std": 1.0008246898651123, "rollout/ep_rew_mean": -257338.0468982, "rollout/ep_len_mean": 63.54, "time/fps": 1809, "time/time_elapsed": 44, "time/total_timesteps": 80000}
{"train/learning_rate": 0.0001, "train/n_updates": 1124, "train/explained_variance": 1.1920928955078125e-07, "train/entropy_loss": -12.778034210205078, "train/policy_loss": -101749.828125, "train/value_loss": 177819072.0, "train/std": 1.0008798837661743, "rollout/ep_rew_mean": -247835.95424109002, "rollout/ep_len_mean": 63.35, "time/fps": 1807, "time/time_elapsed": 49, "time/total_timesteps": 90000}
{"train/learning_rate": 0.0001, "train/n_updates": 1249, "train/explained_variance": 1.1920928955078125e-07, "train/entropy_loss": -12.77306079864502, "train/policy_loss": -355650.25, "train/value_loss": 1474393344.0, "train/std": 1.0003230571746826, "rollout/ep_rew_mean": -241710.00849131, "rollout/ep_len_mean": 62.61, "time/fps": 1806, "time/time_elapsed": 55, "time/total_timesteps": 100000}
{"train/learning_rate": 0.0001, "train/n_updates": 1374, "train/explained_variance": -3.5762786865234375e-07, "train/entropy_loss": -12.774785041809082, "train/policy_loss": -360537.5, "train/value_loss": 1666828544.0, "train/std": 1.000502586364746, "rollout/ep_rew_mean": -223108.88273197002, "rollout/ep_len_mean": 53.83, "time/fps": 1805, "time/time_elapsed": 60, "time/total_timesteps": 110000}
{"train/learning_rate": 0.0001, "train/n_updates": 1499, "train/explained_variance": 1.1920928955078125e-07, "train/entropy_loss": -12.772801399230957, "train/policy_loss": -302613.6875, "train/value_loss": 1075884800.0, "train/std": 1.0002450942993164, "rollout/ep_rew_mean": -207774.42341271, "rollout/ep_len_mean": 52.41, "time/fps": 1804, "time/time_elapsed": 66, "time/total_timesteps": 120000}
{"train/learning_rate": 0.0001, "train/n_updates": 1624, "train/explained_variance": 0.0, "train/entropy_loss": -12.775434494018555, "train/policy_loss": -270453.5625, "train/value_loss": 912024768.0, "train/std": 1.0005847215652466, "rollout/ep_rew_mean": -200772.09959419002, "rollout/ep_len_mean": 52.67, "time/fps": 1803, "time/time_elapsed": 72, "time/total_timesteps": 130000}
{"train/learning_rate": 0.0001, "train/n_updates": 1749, "train/explained_variance": 0.0, "train/entropy_loss": -12.775493621826172, "train/policy_loss": -70191.796875, "train/value_loss": 1121921024.0, "train/std": 1.000626564025879, "rollout/ep_rew_mean": -200475.30361796, "rollout/ep_len_mean": 55.87, "time/fps": 1802, "time/time_elapsed": 77, "time/total_timesteps": 140000}
{"train/learning_rate": 0.0001, "train/n_updates": 1874, "train/explained_variance": 5.960464477539063e-08, "train/entropy_loss": -12.766807556152344, "train/policy_loss": -93022.703125, "train/value_loss": 81517464.0, "train/std": 0.99961918592453, "rollout/ep_rew_mean": -208562.05338136, "rollout/ep_len_mean": 59.42, "time/fps": 1801, "time/time_elapsed": 83, "time/total_timesteps": 150000}
{"train/learning_rate": 0.0001, "train/n_updates": 1999, "train/explained_variance": -1.1920928955078125e-07, "train/entropy_loss": -12.7645263671875, "train/policy_loss": -164219.703125, "train/value_loss": 320136736.0, "train/std": 0.999312698841095, "rollout/ep_rew_mean": -181584.30771427997, "rollout/ep_len_mean": 49.56, "time/fps": 1800, "time/time_elapsed": 88, "time/total_timesteps": 160000}
{"train/learning_rate": 0.0001, "train/n_updates": 2124, "train/explained_variance": 0.0, "train/entropy_loss": -12.76270580291748, "train/policy_loss": -36275.5, "train/value_loss": 626828288.0, "train/std": 0.9990378618240356, "rollout/ep_rew_mean": -193144.03271805999, "rollout/ep_len_mean": 52.19, "time/fps": 1799, "time/time_elapsed": 94, "time/total_timesteps": 170000}
{"train/learning_rate": 0.0001, "train/n_updates": 2249, "train/explained_variance": 0.0, "train/entropy_loss": -12.75798511505127, "train/policy_loss": -177099.328125, "train/value_loss": 736351424.0, "train/std": 0.9986746907234192, "rollout/ep_rew_mean": -195933.62515869, "rollout/ep_len_mean": 56.46, "time/fps": 1798, "time/time_elapsed": 100, "time/total_timesteps": 180000}
{"train/learning_rate": 0.0001, "train/n_updates": 2374, "train/explained_variance": 1.1920928955078125e-07, "train/entropy_loss": -12.754962921142578, "train/policy_loss": -407023.34375, "train/value_loss": 1731896320.0, "train/std": 0.9982975721359253, "rollout/ep_rew_mean": -206242.39573648, "rollout/ep_len_mean": 56.84, "time/fps": 1797, "time/time_elapsed": 105, "time/total_timesteps": 190000}
{"train/learning_rate": 0.0001, "train/n_updates": 2499, "train/explained_variance": 0.0, "train/entropy_loss": -12.751069068908691, "train/policy_loss": -209093.203125, "train/value_loss": 1140003328.0, "train/std": 0.9979132413864136, "rollout/ep_rew_mean": -202726.04454649, "rollout/ep_len_mean": 58.48, "time/fps": 1788, "time/time_elapsed": 111, "time/total_timesteps": 200000}
{"train/learning_rate": 0.0001, "train/n_updates": 2624, "train/explained_variance": 0.0,