{"train/learning_rate": 0.0013, "train/policy_objective": 0.0613795630633831, "train/value_loss": 5357463095.2, "train/kl_divergence_loss": 0.005760040134191513, "train/explained_variance": 5.960464477539063e-08, "train/is_line_search_success": 1.0, "train/std": 1.0016350746154785, "train/n_updates": 1, "rollout/ep_rew_mean": -371205.74077005, "rollout/ep_len_mean": 82.36, "time/fps": 1347, "time/time_elapsed": 7, "time/total_timesteps": 10000}
{"train/learning_rate": 0.0013, "train/policy_objective": 0.05334147438406944, "train/value_loss": 3830649096.0, "train/kl_divergence_loss": 0.004889709874987602, "train/explained_variance": -2.384185791015625e-07, "train/is_line_search_success": 1.0, "train/std": 0.9961151480674744, "train/n_updates": 2, "rollout/ep_rew_mean": -221106.78980226003, "rollout/ep_len_mean": 60.16, "time/fps": 1348, "time/time_elapsed": 14, "time/total_timesteps": 20000}
{"train/learning_rate": 0.0013, "train/policy_objective": 0.04015370085835457, "train/value_loss": 3386072649.6, "train/kl_divergence_loss": 0.004959513898938894, "train/explained_variance": -2.384185791015625e-07, "train/is_line_search_success": 1.0, "train/std": 0.9841505885124207, "train/n_updates": 3, "rollout/ep_rew_mean": -194074.96283043, "rollout/ep_len_mean": 55.28, "time/fps": 147, "time/time_elapsed": 203, "time/total_timesteps": 30000}
