{"train/learning_rate": 0.0064, "train/n_updates": 2474, "train/ent_coef": 61.089149475097656, "train/actor_loss": 105947.3359375, "train/critic_loss": 3822.90478515625, "train/ent_coef_loss": 0.5525681972503662, "time/episodes": 219, "rollout/ep_rew_mean": -237509.77067708, "rollout/ep_len_mean": 26.19, "time/fps": 144, "time/time_elapsed": 69, "time/total_timesteps": 10000}
{"train/learning_rate": 0.0064, "train/n_updates": 4974, "train/ent_coef": 47.64320373535156, "train/actor_loss": 97670.6484375, "train/critic_loss": 3370.363037109375, "train/ent_coef_loss": 1.351824402809143, "time/episodes": 803, "rollout/ep_rew_mean": -111010.85078649002, "rollout/ep_len_mean": 21.32, "time/fps": 141, "time/time_elapsed": 141, "time/total_timesteps": 20000}
