{"rollout/ep_rew_mean": -19861613.667737667, "rollout/ep_len_mean": 670.3333333333334, "time/fps": 2018, "time/time_elapsed": 4, "time/total_timesteps": 10000}
{"rollout/ep_rew_mean": -19887051.71587283, "rollout/ep_len_mean": 669.6666666666666, "time/fps": 2090, "time/time_elapsed": 9, "time/total_timesteps": 20000}
{"rollout/ep_rew_mean": -20938892.5772174, "rollout/ep_len_mean": 705.0, "time/fps": 2114, "time/time_elapsed": 14, "time/total_timesteps": 30000}
{"rollout/ep_rew_mean": -22449750.14728275, "rollout/ep_len_mean": 754.1666666666666, "time/fps": 2098, "time/time_elapsed": 19, "time/total_timesteps": 40000}
{"rollout/ep_rew_mean": -23957293.2667316, "rollout/ep_len_mean": 803.3333333333334, "time/fps": 2104, "time/time_elapsed": 23, "time/total_timesteps": 50000}
{"train/iterations": 0, "train/delta_std": 0.05, "train/learning_rate": 0.0018, "train/step_size": 1.8803689508239962e-11, "rollout/return_std": 11965737.0, "rollout/ep_rew_mean": -29957252.928299, "rollout/ep_len_mean": 1000.0, "time/fps": 2108, "time/time_elapsed": 28, "time/total_timesteps": 60000}
{"rollout/ep_rew_mean": -29897294.52870275, "rollout/ep_len_mean": 1000.0, "time/fps": 2104, "time/time_elapsed": 33, "time/total_timesteps": 70000}
{"rollout/ep_rew_mean": -29924162.43467133, "rollout/ep_len_mean": 1000.0, "time/fps": 2106, "time/time_elapsed": 37, "time/total_timesteps": 80000}
{"rollout/ep_rew_mean": -29855406.61007056, "rollout/ep_len_mean": 1000.0, "time/fps": 2110, "time/time_elapsed": 42, "time/total_timesteps": 90000}
{"rollout/ep_rew_mean": -29895156.131492004, "rollout/ep_len_mean": 1000.0, "time/fps": 2114, "time/time_elapsed": 47, "time/total_timesteps": 100000}
{"rollout/ep_rew_mean": -27956132.6845116, "rollout/ep_len_mean": 934.1333333333333, "time/fps": 2116, "time/time_elapsed": 51, "time/total_timesteps": 110000}
{"train/iterations": 1, "train/delta_std": 0.05, "train/learning_rate": 0.0018, "train/step_size": 3.01919253486993e-11, "rollout/return_std": 7452323.5, "rollout/ep_rew_mean": -14909298.332564, "rollout/ep_len_mean": 504.5, "time/fps": 2116, "time/time_elapsed": 56, "time/total_timesteps": 120000}
{"rollout/ep_rew_mean": -17121644.788234714, "rollout/ep_len_mean": 575.7142857142857, "time/fps": 2118, "time/time_elapsed": 61, "time/total_timesteps": 130000}
{"rollout/ep_rew_mean": -19973270.301139887, "rollout/ep_len_mean": 670.0, "time/fps": 2116, "time/time_elapsed": 66, "time/total_timesteps": 140000}
{"rollout/ep_rew_mean": -22471043.792843834, "rollout/ep_len_mean": 752.5, "time/fps": 2116, "time/time_elapsed": 70, "time/total_timesteps": 150000}
{"rollout/ep_rew_mean": -23562907.86348814, "rollout/ep_len_mean": 787.8571428571429, "time/fps": 2116, "time/time_elapsed": 75, "time/total_timesteps": 160000}
{"train/iterations": 2, "train/delta_std": 0.05, "train/learning_rate": 0.0018, "train/step_size": 1.869445917512813e-11, "rollout/return_std": 12035652.0, "rollout/ep_rew_mean": -15011201.895458, "rollout/ep_len_mean": 504.0, "time/fps": 2116, "time/time_elapsed": 80, "time/total_timesteps": 170000}
{"rollout/ep_rew_mean": -17956153.767299797, "rollout/ep_len_mean": 603.8, "time/fps": 2116, "time/time_elapsed": 85, "time/total_timesteps": 180000}
{"rollout/ep_rew_mean": -22444334.588959, "rollout/ep_len_mean": 752.375, "time/fps": 2117, "time/time_elapsed": 89, "time/total_timesteps": 190000}
{"rollout/ep_rew_mean": -23957527.4943871, "rollout/ep_len_mean": 801.9, "time/fps": 2118, "time/time_elapsed": 94, "time/total_timesteps": 200000}
{"rollout/ep_rew_mean": -23562508.9072985, "rollout/ep_len_mean": 787.7857142857143, "time/fps": 2119, "time/time_elapsed": 99, "time/total_timesteps": 210000}
{"train/iterations": 3, "train/delta_std": 0.05, "train/learning_rate": 0.0018, "train/step_size": 1.6890426557392146e-11, "rollout/return_std": 13321155.0, "rollout/ep_rew_mean": -7623149.514891501, "rollout/ep_len_mean": 258.0, "time/fps": 2120, "time/time_elapsed": 103, "time/total_timesteps": 220000}
{"rollout/ep_rew_mean": -17206848.708079144, "rollout/ep_len_mean": 576.0, "time/fps": 2121, "time/time_elapsed": 108, "time/total_timesteps": 230000}
{"rollout/ep_rew_mean": -20044207.030735776, "rollout/ep_len_mean": 670.2222222222222, "time/fps": 2122, "time/time_elapsed": 113, "time/total_timesteps": 240000}
{"rollout/ep_rew_mean": -22531183.064804748, "rollout/ep_len_mean": 752.6666666666666, "time/fps": 2122, "time/time_elapsed": 117, "time/total_timesteps": 250000}
{"rollout/ep_rew_mean": -23555991.377009995, "rollout/ep_len_mean": 788.0, "time/fps": 2122, "time/time_elapsed": 122, "time/total_timesteps": 260000}
{"train/iterations": 4, "train/delta_std": 0.05, "train/learning_rate": 0.0018, "train/step_size": 1.8757613517994542e-11, "rollout/return_std": 11995130.0, "rollout/ep_rew_mean": -29962380.748932, "rollout/ep_len_mean": 1000.0, "time/fps": 2122, "time/time_elapsed": 127, "time/total_timesteps": 270000}
{"rollout/ep_rew_mean": -22428874.787715252, "rollout/ep_len_mean": 753.0, "time/fps": 2122, "time/time_elapsed": 131, "time/total_timesteps": 280000}
{"rollout/ep_rew_mean": -19972141.739754222, "rollout/ep_len_mean": 670.3333333333334, "time/fps": 2122, "time/time_elapsed": 136, "time/total_timesteps": 290000}
{"rollout/ep_rew_mean": -21808120.76731536, "rollout/ep_len_mean": 730.2727272727273, "time/fps": 2115, "time/time_elapsed": 141, "time/total_timesteps": 300000}
{"rollout/ep_rew_mean": -23577394.98345607, "rollout/ep_len_mean": 788.0714285714286, "time/fps": 2111, "time/time_elapsed": 146, "time/total_timesteps": 310000}
{"train/iterations": 5, "train/delta_std": 0.05, "train/learning_rate": 0.0018, "train/step_size": 1.872797056323705e-11, "rollout/return_std": 12014115.0, "time/fps": 2105, "time/time_elapsed": 152, "time/total_timesteps": 320000}
{"rollout/ep_rew_mean": -29960479.110880334, "rollout/ep_len_mean": 1000.0, "time/fps": 2102, "time/time_elapsed": 156, "time/total_timesteps": 330000}
{"rollout/ep_rew_mean": -29965533.672980405, "rollout/ep_len_mean": 1000.0, "time/fps": 2097, "time/time_elapsed": 162, "time/total_timesteps": 340000}
{"rollout/ep_rew_mean": -29988031.084223624, "rollout/ep_len_mean": 1000.0, "time/fps": 2096, "time/time_elapsed": 166, "time/total_timesteps": 350000}
{"rollout/ep_rew_mean": -29983309.881860197, "rollout/ep_len_mean": 1000.0, "time/fps": 2092, "time/time_elapsed": 172, "time/total_timesteps": 360000}
{"rollout/ep_rew_mean": -27865138.455723643, "rollout/ep_len_mean": 929.9285714285714, "time/fps": 2090, "time/time_elapsed": 177, "time/total_timesteps": 370000}
{"train/iterations": 6, "train/delta_std": 0.05, "train/learning_rate": 0.0018, "train/step_size": 2.2097181723301773e-11, "rollout/return_std": 10182294.0, "rollout/ep_rew_mean": -30065888.016764, "rollout/ep_len_mean": 1000.0, "time/fps": 2085, "time/time_elapsed": 182, "time/total_timesteps": 380000}
{"rollout/ep_rew_mean": -29943929.0671635, "rollout/ep_len_mean": 1000.0, "time/fps": 2083, "time/time_elapsed": 187, "time/total_timesteps": 390000}
{"rollout/ep_rew_mean": -29936820.59684317, "rollout/ep_len_mean": 1000.0, "time/fps": 2080, "time/time_elapsed": 192, "time/total_timesteps": 400000}
{"rollout/ep_rew_mean": -26957364.975587, "rollout/ep_len_mean": 900.7, "time/fps": 2078, "time/time_elapsed": 197, "time/total_timesteps": 410000}
{"rollout/ep_rew_mean": -25389369.893034153, "rollout/ep_len_mean": 848.3846153846154, "time/fps": 2075, "time/time_elapsed": 202, "time/total_timesteps": 420000}
{"train/iterations": 7, "train/delta_std": 0.05, "train/learning_rate": 0.0018, "train/step_size": 2.2166843013926574e-11, "rollout/return_std": 10150295.0, "time/fps": 2072, "time/time_elapsed": 207, "time/total_timesteps": 430000}
{"rollout/ep_rew_mean": -29991333.080855, "rollout/ep_len_mean": 1000.0, "time/fps": 2067, "time/time_elapsed": 212, "time/total_timesteps": 440000}
{"rollout/ep_rew_mean": -29934386.8715258, "rollout/ep_len_mean": 1000.0, "time/fps": 2064, "time/time_elapsed": 218,