{
  "CrossQ": {
    "iqm": 0,
    "params": {
      "learning_rate": 0.0005611516415334506,
      "buffer_size": 95121,
      "batch_size": 64,
      "tau": 0.0038460969962417738
    }
  },
  "ARS": {
    "iqm": -2974.617919921875,
    "params": {
      "learning_rate": 0.0026070247583707684,
      "delta_std": 0.01596950334578271,
      "n_delta": 63
    }
  },
  "A2C": {
    "iqm": -656.5188598632812,
    "params": {
      "learning_rate": 0.00028084002695894406,
      "gae_lambda": 0.9822409267361396,
      "vf_coef": 0.299165885199811,
      "ent_coef": 0.005364187656454495,
      "max_grad_norm": 0.5619954059178803
    }
  },
  "PPO": {
    "iqm": -330.33984375,
    "params": {
      "learning_rate": 0.00015030900645056822,
      "gae_lambda": 0.9195982862419145,
      "vf_coef": 0.22261364445526904,
      "ent_coef": 0.016266516538163217,
      "max_grad_norm": 0.5681873298857425,
      "clip_range": 0.1814047095321688,
      "n_epochs": 17
    }
  },
  "TRPO": {
    "iqm": 1432.88330078125,
    "params": {
      "learning_rate": 0.0016738085788752138,
      "gae_lambda": 0.9139493860652042,
      "target_kl": 0.01531508777822569,
      "cg_max_steps": 10
    }
  }
}