{"rollout/ep_rew_mean": -15099618.441621501, "rollout/ep_len_mean": 509.75, "time/fps": 2019, "time/time_elapsed": 4, "time/total_timesteps": 10000}
{"rollout/ep_rew_mean": -20068816.064693335, "rollout/ep_len_mean": 673.1666666666666, "time/fps": 2110, "time/time_elapsed": 9, "time/total_timesteps": 20000}
{"train/iterations": 0, "train/delta_std": 0.05, "train/learning_rate": 0.0018, "train/step_size": 1.4746816615063274e-11, "rollout/return_std": 15257531.0, "time/fps": 2114, "time/time_elapsed": 14, "time/total_timesteps": 30000}
{"rollout/ep_rew_mean": -29980855.425773002, "rollout/ep_len_mean": 1000.0, "time/fps": 2149, "time/time_elapsed": 18, "time/total_timesteps": 40000}
{"rollout/ep_rew_mean": -21461052.597708143, "rollout/ep_len_mean": 716.4285714285714, "time/fps": 2172, "time/time_elapsed": 23, "time/total_timesteps": 50000}
{"rollout/ep_rew_mean": -17539386.955251504, "rollout/ep_len_mean": 586.9166666666666, "time/fps": 2177, "time/time_elapsed": 27, "time/total_timesteps": 60000}
{"train/iterations": 1, "train/delta_std": 0.05, "train/learning_rate": 0.0018, "train/step_size": 1.4701042466702674e-11, "rollout/return_std": 15305038.0, "rollout/ep_rew_mean": -10306503.418111, "rollout/ep_len_mean": 356.3333333333333, "time/fps": 2178, "time/time_elapsed": 32, "time/total_timesteps": 70000}
{"rollout/ep_rew_mean": -15193128.444528667, "rollout/ep_len_mean": 513.5, "time/fps": 2182, "time/time_elapsed": 36, "time/total_timesteps": 80000}
{"rollout/ep_rew_mean": -16489622.541535545, "rollout/ep_len_mean": 553.8181818181819, "time/fps": 2184, "time/time_elapsed": 41, "time/total_timesteps": 90000}
{"rollout/ep_rew_mean": -16145229.548682533, "rollout/ep_len_mean": 542.1333333333333, "time/fps": 2191, "time/time_elapsed": 45, "time/total_timesteps": 100000}
{"train/iterations": 2, "train/delta_std": 0.05, "train/learning_rate": 0.0018, "train/step_size": 1.4788661614750787e-11, "rollout/return_std": 15214358.0, "rollout/ep_rew_mean": -15025977.293468248, "rollout/ep_len_mean": 502.5, "time/fps": 2157, "time/time_elapsed": 50, "time/total_timesteps": 110000}
{"rollout/ep_rew_mean": -15017058.661235124, "rollout/ep_len_mean": 502.75, "time/fps": 2119, "time/time_elapsed": 56, "time/total_timesteps": 120000}
{"rollout/ep_rew_mean": -15090998.807402357, "rollout/ep_len_mean": 505.0, "time/fps": 2088, "time/time_elapsed": 62, "time/total_timesteps": 130000}
{"train/iterations": 3, "train/delta_std": 0.05, "train/learning_rate": 0.0018, "train/step_size": 1.471902461025465e-11, "rollout/return_std": 15286340.0, "rollout/ep_rew_mean": -80840.2934925, "rollout/ep_len_mean": 7.0, "time/fps": 2061, "time/time_elapsed": 67, "time/total_timesteps": 140000}
{"rollout/ep_rew_mean": -15089917.168902501, "rollout/ep_len_mean": 504.5, "time/fps": 2041, "time/time_elapsed": 73, "time/total_timesteps": 150000}
{"rollout/ep_rew_mean": -13716445.8083, "rollout/ep_len_mean": 458.8181818181818, "time/fps": 2028, "time/time_elapsed": 78, "time/total_timesteps": 160000}
{"train/iterations": 4, "train/delta_std": 0.05, "train/learning_rate": 0.0018, "train/step_size": 1.4542961453145598e-11, "rollout/return_std": 15471402.0, "rollout/ep_rew_mean": -142230.574262, "rollout/ep_len_mean": 12.0, "time/fps": 2018, "time/time_elapsed": 84, "time/total_timesteps": 170000}
{"rollout/ep_rew_mean": -20049609.250843666, "rollout/ep_len_mean": 670.6666666666666, "time/fps": 2024, "time/time_elapsed": 88, "time/total_timesteps": 180000}
{"rollout/ep_rew_mean": -17255803.290476426, "rollout/ep_len_mean": 581.0, "time/fps": 2029, "time/time_elapsed": 93, "time/total_timesteps": 190000}
{"rollout/ep_rew_mean": -17593781.505339917, "rollout/ep_len_mean": 590.0833333333334, "time/fps": 2033, "time/time_elapsed": 98, "time/total_timesteps": 200000}
{"rollout/ep_rew_mean": -18091655.198787533, "rollout/ep_len_mean": 606.1333333333333, "time/fps": 2038, "time/time_elapsed": 103, "time/total_timesteps": 210000}
{"train/iterations": 5, "train/delta_std": 0.05, "train/learning_rate": 0.0018, "train/step_size": 1.510562508411084e-11, "rollout/return_std": 14895113.0, "rollout/ep_rew_mean": -12182274.6708142, "rollout/ep_len_mean": 408.4, "time/fps": 2041, "time/time_elapsed": 107, "time/total_timesteps": 220000}
{"rollout/ep_rew_mean": -15135604.252668876, "rollout/ep_len_mean": 506.5, "time/fps": 2048, "time/time_elapsed": 112, "time/total_timesteps": 230000}
{"rollout/ep_rew_mean": -17593405.59886975, "rollout/ep_len_mean": 588.0, "time/fps": 2051, "time/time_elapsed": 117, "time/total_timesteps": 240000}
{"train/iterations": 6, "train/delta_std": 0.05, "train/learning_rate": 0.0018, "train/step_size": 1.472139597724631e-11, "rollout/return_std": 15283876.0, "rollout/ep_rew_mean": -119848.863476, "rollout/ep_len_mean": 8.0, "time/fps": 2053, "time/time_elapsed": 121, "time/total_timesteps": 250000}
{"rollout/ep_rew_mean": -22557885.17040725, "rollout/ep_len_mean": 752.0, "time/fps": 2056, "time/time_elapsed": 126, "time/total_timesteps": 260000}
{"rollout/ep_rew_mean": -25047724.876112, "rollout/ep_len_mean": 834.6666666666666, "time/fps": 2059, "time/time_elapsed": 131, "time/total_timesteps": 270000}
{"rollout/ep_rew_mean": -26706102.366167113, "rollout/ep_len_mean": 889.7777777777778, "time/fps": 2061, "time/time_elapsed": 135, "time/total_timesteps": 280000}
{"rollout/ep_rew_mean": -27294719.47697482, "rollout/ep_len_mean": 909.8181818181819, "time/fps": 2060, "time/time_elapsed": 140, "time/total_timesteps": 290000}
{"train/iterations": 7, "train/delta_std": 0.05, "train/learning_rate": 0.0018, "train/step_size": 1.6827570586963603e-11, "rollout/return_std": 13370914.0, "rollout/ep_rew_mean": -7681986.2752815, "rollout/ep_len_mean": 261.25, "time/fps": 2047, "time/time_elapsed": 146, "time/total_timesteps": 300000}
{"rollout/ep_rew_mean": -11374847.82174375, "rollout/ep_len_mean": 382.125, "time/fps": 2043, "time/time_elapsed": 151, "time/total_timesteps": 310000}
{"rollout/ep_rew_mean": -13958420.599255618, "rollout/ep_len_mean": 468.84615384615387, "time/fps": 2041, "time/time_elapsed": 156, "time/total_timesteps": 320000}
{"train/iterations": 8, "train/delta_std": 0.05, "train/learning_rate": 0.0018, "train/step_size": 1.4591624783455437e-11, "rollout/return_std": 15419804.0, "time/fps": 2041, "time/time_elapsed": 161, "time/total_timesteps": 330000}
{"rollout/ep_rew_mean": -12889101.045430142, "rollout/ep_len_mean": 433.57142857142856, "time/fps": 2023, "time/time_elapsed": 168, "time/total_timesteps": 340000}
{"rollout/ep_rew_mean": -15027515.039923102, "rollout/ep_len_mean": 504.4, "time/fps": 2008, "time/time_elapsed": 174, "time/total_timesteps": 350000}
{"rollout/ep_rew_mean": -17171729.598772, "rollout/ep_len_mean": 574.8571428571429, "time/fps": 1992, "time/time_elapsed": 180, "time/total_timesteps": 360000}
{"train/iterations": 9, "train/delta_std": 0.05, "train/learning_rate": 0.0018, "train/step_size": 1.4725916666624705e-11, "rollout/return_std": 15279185.0, "rollout/ep_rew_mean": -10104414.729108667, "rollout/ep_len_mean": 337.0, "time/fps": 1983, "time/time_elapsed": 186, "time/total_timesteps": 370000}
{"rollout/ep_rew_mean": -20040180.517418332, "rollout/ep_len_mean": 668.5, "time/fps": 1972, "time/time_elapsed": 192, "time/total_timesteps": 380000}
{"rollout/ep_rew_mean": -20051457.864928443, "rollout/ep_len_mean": 668.5555555555555, "time/fps": 1957, "time/time_elapsed": 199, "time/total_timesteps": 390000}
{"train/iterations": 10, "train/delta_std": 0.05, "train/learning_rate": 0.0018, "train/step_size": 1.4685934759950392e-11, "rollout/return_std": 15320780.0, "time/fps": 1952, "time/time_elapsed": 204, "time/total_timesteps": 400000}
{"rollout/ep_rew_mean": -15129446.323865999, "rollout/ep_len_mean": 504.5, "time/fps": 1942, "time/time_elapsed": 211, "time/total_timesteps": 410000}
{"rollout/ep_rew_mean": -13803503.12992518, "rollout/ep_len_mean": 463.54545454545456, "time/fps": 1931, "time/time_elapsed": 217, "time/total_timesteps": 420000}
