{"rollout/ep_rew_mean": -15237246.43692025, "rollout/ep_len_mean": 523.75, "time/fps": 3392, "time/time_elapsed": 2, "time/total_timesteps": 10000}
{"rollout/ep_rew_mean": -20079105.557360332, "rollout/ep_len_mean": 682.5, "time/fps": 3400, "time/time_elapsed": 5, "time/total_timesteps": 20000}
{"rollout/ep_rew_mean": -23339134.959552333, "rollout/ep_len_mean": 788.3333333333334, "time/fps": 3404, "time/time_elapsed": 8, "time/total_timesteps": 30000}
{"rollout/ep_rew_mean": -24529227.54215409, "rollout/ep_len_mean": 826.8181818181819, "time/fps": 3407, "time/time_elapsed": 11, "time/total_timesteps": 40000}
{"rollout/ep_rew_mean": -25670890.142247498, "rollout/ep_len_mean": 863.9285714285714, "time/fps": 3411, "time/time_elapsed": 14, "time/total_timesteps": 50000}
{"train/iterations": 0, "train/delta_std": 0.05, "train/learning_rate": 0.02, "train/step_size": 2.5107249612688065e-10, "rollout/return_std": 9957283.0, "time/fps": 3410, "time/time_elapsed": 17, "time/total_timesteps": 60000}
{"rollout/ep_rew_mean": -29619000.329231333, "rollout/ep_len_mean": 1000.0, "time/fps": 3413, "time/time_elapsed": 20, "time/total_timesteps": 70000}
{"rollout/ep_rew_mean": -24825365.559802163, "rollout/ep_len_mean": 835.6666666666666, "time/fps": 3373, "time/time_elapsed": 23, "time/total_timesteps": 80000}
{"rollout/ep_rew_mean": -19928449.66104958, "rollout/ep_len_mean": 673.0, "time/fps": 3378, "time/time_elapsed": 26, "time/total_timesteps": 90000}
{"rollout/ep_rew_mean": -21344786.82234914, "rollout/ep_len_mean": 719.7142857142857, "time/fps": 3382, "time/time_elapsed": 29, "time/total_timesteps": 100000}
{"train/iterations": 1, "train/delta_std": 0.05, "train/learning_rate": 0.02, "train/step_size": 1.8913577648493884e-10, "rollout/return_std": 13218017.0, "rollout/ep_rew_mean": -15086067.756980501, "rollout/ep_len_mean": 506.0, "time/fps": 3385, "time/time_elapsed": 32, "time/total_timesteps": 110000}
{"rollout/ep_rew_mean": -22432565.64761925, "rollout/ep_len_mean": 753.0, "time/fps": 3387, "time/time_elapsed": 35, "time/total_timesteps": 120000}
{"rollout/ep_rew_mean": -25456201.851349145, "rollout/ep_len_mean": 858.8571428571429, "time/fps": 3390, "time/time_elapsed": 38, "time/total_timesteps": 130000}
{"rollout/ep_rew_mean": -23815067.640089, "rollout/ep_len_mean": 802.2, "time/fps": 3392, "time/time_elapsed": 41, "time/total_timesteps": 140000}
{"rollout/ep_rew_mean": -23419187.190819714, "rollout/ep_len_mean": 788.0, "time/fps": 3393, "time/time_elapsed": 44, "time/total_timesteps": 150000}
{"train/iterations": 2, "train/delta_std": 0.05, "train/learning_rate": 0.02, "train/step_size": 2.0896832875205718e-10, "rollout/return_std": 11963535.0, "time/fps": 3399, "time/time_elapsed": 47, "time/total_timesteps": 160000}
{"rollout/ep_rew_mean": -22492491.2600415, "rollout/ep_len_mean": 755.75, "time/fps": 3401, "time/time_elapsed": 49, "time/total_timesteps": 170000}
{"rollout/ep_rew_mean": -16699971.955315556, "rollout/ep_len_mean": 563.5555555555555, "time/fps": 3401, "time/time_elapsed": 52, "time/total_timesteps": 180000}
{"rollout/ep_rew_mean": -19930125.676466916, "rollout/ep_len_mean": 672.6666666666666, "time/fps": 3402, "time/time_elapsed": 55, "time/total_timesteps": 190000}
{"rollout/ep_rew_mean": -21352423.591279, "rollout/ep_len_mean": 719.4285714285714, "time/fps": 3403, "time/time_elapsed": 58, "time/total_timesteps": 200000}
{"train/iterations": 3, "train/delta_std": 0.05, "train/learning_rate": 0.02, "train/step_size": 1.8861620598720208e-10, "rollout/return_std": 13254428.0, "rollout/ep_rew_mean": -14901630.2516715, "rollout/ep_len_mean": 506.5, "time/fps": 3404, "time/time_elapsed": 61, "time/total_timesteps": 210000}
{"rollout/ep_rew_mean": -17866100.8003034, "rollout/ep_len_mean": 605.2, "time/fps": 3404, "time/time_elapsed": 64, "time/total_timesteps": 220000}
{"rollout/ep_rew_mean": -17886078.1781277, "rollout/ep_len_mean": 604.2, "time/fps": 3409, "time/time_elapsed": 67, "time/total_timesteps": 230000}
{"rollout/ep_rew_mean": -19876597.983936332, "rollout/ep_len_mean": 670.1666666666666, "time/fps": 3409, "time/time_elapsed": 70, "time/total_timesteps": 240000}
{"train/iterations": 4, "train/delta_std": 0.05, "train/learning_rate": 0.02, "train/step_size": 1.7664936180494806e-10, "rollout/return_std": 14152330.0, "time/fps": 3409, "time/time_elapsed": 73, "time/total_timesteps": 250000}
{"rollout/ep_rew_mean": -29815608.420997, "rollout/ep_len_mean": 1000.0, "time/fps": 3409, "time/time_elapsed": 76, "time/total_timesteps": 260000}
{"rollout/ep_rew_mean": -21332271.865728576, "rollout/ep_len_mean": 717.4285714285714, "time/fps": 3409, "time/time_elapsed": 79, "time/total_timesteps": 270000}
{"rollout/ep_rew_mean": -17463584.840386916, "rollout/ep_len_mean": 589.25, "time/fps": 3409, "time/time_elapsed": 82, "time/total_timesteps": 280000}
{"rollout/ep_rew_mean": -19933111.89213093, "rollout/ep_len_mean": 671.4, "time/fps": 3396, "time/time_elapsed": 85, "time/total_timesteps": 290000}
{"train/iterations": 5, "train/delta_std": 0.05, "train/learning_rate": 0.02, "train/step_size": 1.7609648461647254e-10, "rollout/return_std": 14196762.0, "rollout/ep_rew_mean": -29945288.429942, "rollout/ep_len_mean": 1000.0, "time/fps": 3397, "time/time_elapsed": 88, "time/total_timesteps": 300000}
{"rollout/ep_rew_mean": -24005084.467211604, "rollout/ep_len_mean": 805.6, "time/fps": 3397, "time/time_elapsed": 91, "time/total_timesteps": 310000}
{"rollout/ep_rew_mean": -25697114.47705443, "rollout/ep_len_mean": 861.1428571428571, "time/fps": 3397, "time/time_elapsed": 94, "time/total_timesteps": 320000}
{"rollout/ep_rew_mean": -20753573.56214708, "rollout/ep_len_mean": 696.3076923076923, "time/fps": 3397, "time/time_elapsed": 97, "time/total_timesteps": 330000}
{"train/iterations": 6, "train/delta_std": 0.05, "train/learning_rate": 0.02, "train/step_size": 1.7546498976006575e-10, "rollout/return_std": 14247856.0, "time/fps": 3398, "time/time_elapsed": 100, "time/total_timesteps": 340000}
{"rollout/ep_rew_mean": -29862353.048723, "rollout/ep_len_mean": 1000.0, "time/fps": 3398, "time/time_elapsed": 102, "time/total_timesteps": 350000}
{"rollout/ep_rew_mean": -29917878.6503086, "rollout/ep_len_mean": 1000.0, "time/fps": 3399, "time/time_elapsed": 105, "time/total_timesteps": 360000}
{"rollout/ep_rew_mean": -29932703.678158373, "rollout/ep_len_mean": 1000.0, "time/fps": 3400, "time/time_elapsed": 108, "time/total_timesteps": 370000}
{"rollout/ep_rew_mean": -25010583.767855246, "rollout/ep_len_mean": 837.8333333333334, "time/fps": 3403, "time/time_elapsed": 111, "time/total_timesteps": 380000}
{"rollout/ep_rew_mean": -25652954.537615925, "rollout/ep_len_mean": 861.0, "time/fps": 3405, "time/time_elapsed": 114, "time/total_timesteps": 390000}
{"train/iterations": 7, "train/delta_std": 0.05, "train/learning_rate": 0.02, "train/step_size": 2.485470440571902e-10, "rollout/return_std": 10058458.0, "rollout/ep_rew_mean": -15042808.448706001, "rollout/ep_len_mean": 505.5, "time/fps": 3405, "time/time_elapsed": 117, "time/total_timesteps": 400000}
{"rollout/ep_rew_mean": -18021223.5457804, "rollout/ep_len_mean": 606.6, "time/fps": 3403, "time/time_elapsed": 120, "time/total_timesteps": 410000}
{"rollout/ep_rew_mean": -22310659.880089875, "rollout/ep_len_mean": 754.125, "time/fps": 3405, "time/time_elapsed": 123, "time/total_timesteps": 420000}
{"rollout/ep_rew_mean": -19872543.936145417, "rollout/ep_len_mean": 670.75, "time/fps": 3405, "time/time_elapsed": 126, "time/total_timesteps": 430000}
{"rollout/ep_rew_mean": -21888678.586083468, "rollout/ep_len_mean": 736.6, "time/fps": 3406, "time/time_elapsed": 129, "time/total_timesteps": 440000}
{"train/iterations": 8, "train/delta_std": 0.05, "train/learning_rate": 0.02, "train/step_size": 1.886597683631308e-10, "rollout/return_std": 13251368.0, "rollout/ep_rew_mean": -7610554.83763675, "rollout/ep_len_mean": 259.0, "time/fps": 3408, "time/time_elapsed": 132,