{"rollout/ep_rew_mean": -39939770.089366004, "rollout/ep_len_mean": 1000.0, "time/fps": 1367, "time/time_elapsed": 7, "time/total_timesteps": 10000}
{"rollout/ep_rew_mean": -39977725.721532255, "rollout/ep_len_mean": 1000.0, "time/fps": 1401, "time/time_elapsed": 14, "time/total_timesteps": 20000}
{"rollout/ep_rew_mean": -39961263.93891786, "rollout/ep_len_mean": 1000.0, "time/fps": 1413, "time/time_elapsed": 21, "time/total_timesteps": 30000}
{"rollout/ep_rew_mean": -35982172.464159705, "rollout/ep_len_mean": 901.2, "time/fps": 1420, "time/time_elapsed": 28, "time/total_timesteps": 40000}
{"rollout/ep_rew_mean": -34261861.291145645, "rollout/ep_len_mean": 858.7142857142857, "time/fps": 1422, "time/time_elapsed": 35, "time/total_timesteps": 50000}
{"train/iterations": 0, "train/delta_std": 0.05, "train/learning_rate": 0.02, "train/step_size": 1.5618302484643465e-10, "rollout/return_std": 16006860.0, "rollout/ep_rew_mean": -20087055.910928, "rollout/ep_len_mean": 503.5, "time/fps": 1420, "time/time_elapsed": 42, "time/total_timesteps": 60000}
{"rollout/ep_rew_mean": -23010778.234817144, "rollout/ep_len_mean": 578.5714285714286, "time/fps": 1423, "time/time_elapsed": 49, "time/total_timesteps": 70000}
{"rollout/ep_rew_mean": -26777857.137460336, "rollout/ep_len_mean": 672.2222222222222, "time/fps": 1425, "time/time_elapsed": 56, "time/total_timesteps": 80000}
{"rollout/ep_rew_mean": -30041997.2252155, "rollout/ep_len_mean": 754.1666666666666, "time/fps": 1428, "time/time_elapsed": 63, "time/total_timesteps": 90000}
{"rollout/ep_rew_mean": -31474293.925168574, "rollout/ep_len_mean": 789.2857142857143, "time/fps": 1427, "time/time_elapsed": 70, "time/total_timesteps": 100000}
{"train/iterations": 1, "train/delta_std": 0.05, "train/learning_rate": 0.02, "train/step_size": 1.5697275423942614e-10, "rollout/return_std": 15926329.0, "rollout/ep_rew_mean": -39563220.182018, "rollout/ep_len_mean": 1000.0, "time/fps": 1428, "time/time_elapsed": 77, "time/total_timesteps": 110000}
{"rollout/ep_rew_mean": -39892948.388790004, "rollout/ep_len_mean": 1000.0, "time/fps": 1429, "time/time_elapsed": 83, "time/total_timesteps": 120000}
{"rollout/ep_rew_mean": -39979165.14672317, "rollout/ep_len_mean": 1000.0, "time/fps": 1430, "time/time_elapsed": 90, "time/total_timesteps": 130000}
{"rollout/ep_rew_mean": -35577864.838430785, "rollout/ep_len_mean": 890.6666666666666, "time/fps": 1430, "time/time_elapsed": 97, "time/total_timesteps": 140000}
{"rollout/ep_rew_mean": -31488483.68122629, "rollout/ep_len_mean": 789.5714285714286, "time/fps": 1430, "time/time_elapsed": 104, "time/total_timesteps": 150000}
{"train/iterations": 2, "train/delta_std": 0.05, "train/learning_rate": 0.02, "train/step_size": 1.4110736190620088e-10, "rollout/return_std": 17717006.0, "rollout/ep_rew_mean": -40064657.618723, "rollout/ep_len_mean": 1000.0, "time/fps": 1431, "time/time_elapsed": 111, "time/total_timesteps": 160000}
{"rollout/ep_rew_mean": -39950360.4473015, "rollout/ep_len_mean": 1000.0, "time/fps": 1431, "time/time_elapsed": 118, "time/total_timesteps": 170000}
{"rollout/ep_rew_mean": -39975067.638228334, "rollout/ep_len_mean": 1000.0, "time/fps": 1432, "time/time_elapsed": 125, "time/total_timesteps": 180000}
{"rollout/ep_rew_mean": -35947324.9259053, "rollout/ep_len_mean": 900.9, "time/fps": 1432, "time/time_elapsed": 132, "time/total_timesteps": 190000}
{"rollout/ep_rew_mean": -33832870.269810155, "rollout/ep_len_mean": 847.3846153846154, "time/fps": 1433, "time/time_elapsed": 139, "time/total_timesteps": 200000}
{"train/iterations": 3, "train/delta_std": 0.05, "train/learning_rate": 0.02, "train/step_size": 1.5600315483865757e-10, "rollout/return_std": 16025317.0, "rollout/ep_rew_mean": -40121468.891443, "rollout/ep_len_mean": 1000.0, "time/fps": 1433, "time/time_elapsed": 146, "time/total_timesteps": 210000}
{"rollout/ep_rew_mean": -30061119.38455775, "rollout/ep_len_mean": 758.0, "time/fps": 1433, "time/time_elapsed": 153, "time/total_timesteps": 220000}
{"rollout/ep_rew_mean": -30076652.808521125, "rollout/ep_len_mean": 756.125, "time/fps": 1433, "time/time_elapsed": 160, "time/total_timesteps": 230000}
{"rollout/ep_rew_mean": -29215410.61429991, "rollout/ep_len_mean": 733.9090909090909, "time/fps": 1434, "time/time_elapsed": 167, "time/total_timesteps": 240000}
{"rollout/ep_rew_mean": -29433367.472411532, "rollout/ep_len_mean": 739.3333333333334, "time/fps": 1434, "time/time_elapsed": 174, "time/total_timesteps": 250000}
{"train/iterations": 4, "train/delta_std": 0.05, "train/learning_rate": 0.02, "train/step_size": 1.4166352813038685e-10, "rollout/return_std": 17647450.0, "rollout/ep_rew_mean": -39888840.051059, "rollout/ep_len_mean": 1000.0, "time/fps": 1433, "time/time_elapsed": 181, "time/total_timesteps": 260000}
{"rollout/ep_rew_mean": -39757835.943267494, "rollout/ep_len_mean": 1000.0, "time/fps": 1433, "time/time_elapsed": 188, "time/total_timesteps": 270000}
{"rollout/ep_rew_mean": -39875284.286067665, "rollout/ep_len_mean": 1000.0, "time/fps": 1433, "time/time_elapsed": 195, "time/total_timesteps": 280000}
{"rollout/ep_rew_mean": -39926346.92386866, "rollout/ep_len_mean": 1000.0, "time/fps": 1433, "time/time_elapsed": 202, "time/total_timesteps": 290000}
{"rollout/ep_rew_mean": -36620233.958569326, "rollout/ep_len_mean": 917.25, "time/fps": 1434, "time/time_elapsed": 209, "time/total_timesteps": 300000}
{"train/iterations": 5, "train/delta_std": 0.05, "train/learning_rate": 0.02, "train/step_size": 1.5725802604560357e-10, "rollout/return_std": 15897439.0, "rollout/ep_rew_mean": -40200286.684099, "rollout/ep_len_mean": 1000.0, "time/fps": 1434, "time/time_elapsed": 216, "time/total_timesteps": 310000}
{"rollout/ep_rew_mean": -40007953.32653666, "rollout/ep_len_mean": 1000.0, "time/fps": 1435, "time/time_elapsed": 222, "time/total_timesteps": 320000}
{"rollout/ep_rew_mean": -40029013.575727, "rollout/ep_len_mean": 1000.0, "time/fps": 1435, "time/time_elapsed": 229, "time/total_timesteps": 330000}
{"rollout/ep_rew_mean": -35593265.95446844, "rollout/ep_len_mean": 889.6666666666666, "time/fps": 1435, "time/time_elapsed": 236, "time/total_timesteps": 340000}
{"rollout/ep_rew_mean": -33854562.23743208, "rollout/ep_len_mean": 847.2307692307693, "time/fps": 1434, "time/time_elapsed": 243, "time/total_timesteps": 350000}
{"train/iterations": 6, "train/delta_std": 0.05, "train/learning_rate": 0.02, "train/step_size": 1.5606101133602834e-10, "rollout/return_std": 16019376.0, "time/fps": 1434, "time/time_elapsed": 250, "time/total_timesteps": 360000}
{"rollout/ep_rew_mean": -39949232.91744467, "rollout/ep_len_mean": 1000.0, "time/fps": 1435, "time/time_elapsed": 257, "time/total_timesteps": 370000}
{"rollout/ep_rew_mean": -39960396.0718594, "rollout/ep_len_mean": 1000.0, "time/fps": 1435, "time/time_elapsed": 264, "time/total_timesteps": 380000}
{"rollout/ep_rew_mean": -39969075.565007, "rollout/ep_len_mean": 1000.0, "time/fps": 1435, "time/time_elapsed": 271, "time/total_timesteps": 390000}
{"rollout/ep_rew_mean": -39969929.011714205, "rollout/ep_len_mean": 1000.0, "time/fps": 1435, "time/time_elapsed": 278, "time/total_timesteps": 400000}
{"rollout/ep_rew_mean": -37171743.040454, "rollout/ep_len_mean": 929.5, "time/fps": 1436, "time/time_elapsed": 285, "time/total_timesteps": 410000}
{"train/iterations": 7, "train/delta_std": 0.05, "train/learning_rate": 0.02, "train/step_size": 2.516474251201828e-10, "rollout/return_std": 9934534.0, "time/fps": 1436, "time/time_elapsed": 292, "time/total_timesteps": 420000}
{"rollout/ep_rew_mean": -39989081.15540134, "rollout/ep_len_mean": 1000.0, "time/fps": 1436, "time/time_elapsed": 299, "time/total_timesteps": 430000}
{"rollout/ep_rew_mean": -39969961.733997405, "rollout/ep_len_mean": 1000.0, "time/fps": 1436, "time/time_elapsed": 306, "time/total_timesteps": 440000}
{"rollout/ep_rew_mean": -39896455.9902145, "rollout/ep_len_mean": 1000.0, "time/fps": 1437, "time/time_elapsed": 313,