{"rollout/ep_rew_mean": -13272588.622304, "rollout/ep_len_mean": 342.5, "time/fps": 2050, "time/time_elapsed": 4, "time/total_timesteps": 10000}
{"rollout/ep_rew_mean": -19846285.208490126, "rollout/ep_len_mean": 506.875, "time/fps": 2050, "time/time_elapsed": 9, "time/total_timesteps": 20000}
{"rollout/ep_rew_mean": -21444846.13032677, "rollout/ep_len_mean": 547.9230769230769, "time/fps": 2048, "time/time_elapsed": 14, "time/total_timesteps": 30000}
{"rollout/ep_rew_mean": -23909795.943664603, "rollout/ep_len_mean": 608.2, "time/fps": 2050, "time/time_elapsed": 19, "time/total_timesteps": 40000}
{"train/iterations": 0, "train/delta_std": 0.05, "train/learning_rate": 0.0018, "train/step_size": 1.1459141795178152e-11, "rollout/return_std": 19634978.0, "rollout/ep_rew_mean": -26525261.903820336, "rollout/ep_len_mean": 669.6666666666666, "time/fps": 2049, "time/time_elapsed": 24, "time/total_timesteps": 50000}
{"rollout/ep_rew_mean": -31882592.301160205, "rollout/ep_len_mean": 801.8, "time/fps": 2049, "time/time_elapsed": 29, "time/total_timesteps": 60000}
{"rollout/ep_rew_mean": -27959137.492983002, "rollout/ep_len_mean": 704.9, "time/fps": 2049, "time/time_elapsed": 34, "time/total_timesteps": 70000}
{"rollout/ep_rew_mean": -27651003.341409463, "rollout/ep_len_mean": 696.6923076923077, "time/fps": 2050, "time/time_elapsed": 39, "time/total_timesteps": 80000}
{"train/iterations": 1, "train/delta_std": 0.05, "train/learning_rate": 0.0018, "train/step_size": 1.1883054436279128e-11, "rollout/return_std": 18934526.0, "rollout/ep_rew_mean": -39824100.311375, "rollout/ep_len_mean": 1000.0, "time/fps": 2051, "time/time_elapsed": 43, "time/total_timesteps": 90000}
{"rollout/ep_rew_mean": -29713374.2285635, "rollout/ep_len_mean": 754.0, "time/fps": 2051, "time/time_elapsed": 48, "time/total_timesteps": 100000}
{"rollout/ep_rew_mean": -21804546.719365086, "rollout/ep_len_mean": 551.9090909090909, "time/fps": 2051, "time/time_elapsed": 53, "time/total_timesteps": 110000}
{"rollout/ep_rew_mean": -21360706.424695928, "rollout/ep_len_mean": 541.0, "time/fps": 2050, "time/time_elapsed": 58, "time/total_timesteps": 120000}
{"train/iterations": 2, "train/delta_std": 0.05, "train/learning_rate": 0.0018, "train/step_size": 1.1118869713833135e-11, "rollout/return_std": 20235870.0, "rollout/ep_rew_mean": -19988338.803977747, "rollout/ep_len_mean": 507.75, "time/fps": 2050, "time/time_elapsed": 63, "time/total_timesteps": 130000}
{"rollout/ep_rew_mean": -26627535.418802496, "rollout/ep_len_mean": 671.8333333333334, "time/fps": 2050, "time/time_elapsed": 68, "time/total_timesteps": 140000}
{"rollout/ep_rew_mean": -25500338.289034452, "rollout/ep_len_mean": 647.5454545454545, "time/fps": 2050, "time/time_elapsed": 73, "time/total_timesteps": 150000}
{"rollout/ep_rew_mean": -27713973.69476054, "rollout/ep_len_mean": 701.7692307692307, "time/fps": 2051, "time/time_elapsed": 78, "time/total_timesteps": 160000}
{"train/iterations": 3, "train/delta_std": 0.05, "train/learning_rate": 0.0018, "train/step_size": 1.1416197848168608e-11, "rollout/return_std": 19708838.0, "rollout/ep_rew_mean": -39705859.6185915, "rollout/ep_len_mean": 1000.0, "time/fps": 2050, "time/time_elapsed": 82, "time/total_timesteps": 170000}
{"rollout/ep_rew_mean": -39618522.296290755, "rollout/ep_len_mean": 1000.0, "time/fps": 2050, "time/time_elapsed": 87, "time/total_timesteps": 180000}
{"rollout/ep_rew_mean": -34763661.64439563, "rollout/ep_len_mean": 877.0, "time/fps": 2050, "time/time_elapsed": 92, "time/total_timesteps": 190000}
{"rollout/ep_rew_mean": -32540979.196530458, "rollout/ep_len_mean": 821.4545454545455, "time/fps": 2051, "time/time_elapsed": 97, "time/total_timesteps": 200000}
{"rollout/ep_rew_mean": -29274815.380243532, "rollout/ep_len_mean": 740.6, "time/fps": 2051, "time/time_elapsed": 102, "time/total_timesteps": 210000}
{"train/iterations": 4, "train/delta_std": 0.05, "train/learning_rate": 0.0018, "train/step_size": 1.2866659127031e-11, "rollout/return_std": 17487056.0, "rollout/ep_rew_mean": -19973329.903330997, "rollout/ep_len_mean": 508.0, "time/fps": 2051, "time/time_elapsed": 107, "time/total_timesteps": 220000}
{"rollout/ep_rew_mean": -26578511.702957828, "rollout/ep_len_mean": 672.0, "time/fps": 2051, "time/time_elapsed": 112, "time/total_timesteps": 230000}
{"rollout/ep_rew_mean": -25474355.993858542, "rollout/ep_len_mean": 643.6363636363636, "time/fps": 2050, "time/time_elapsed": 117, "time/total_timesteps": 240000}
{"rollout/ep_rew_mean": -27651075.701970305, "rollout/ep_len_mean": 698.4615384615385, "time/fps": 2051, "time/time_elapsed": 121, "time/total_timesteps": 250000}
{"train/iterations": 5, "train/delta_std": 0.05, "train/learning_rate": 0.0018, "train/step_size": 1.2746356053972008e-11, "rollout/return_std": 17652104.0, "time/fps": 2051, "time/time_elapsed": 126, "time/total_timesteps": 260000}
{"rollout/ep_rew_mean": -39702736.973858505, "rollout/ep_len_mean": 1000.0, "time/fps": 2050, "time/time_elapsed": 131, "time/total_timesteps": 270000}
{"rollout/ep_rew_mean": -39688336.831571005, "rollout/ep_len_mean": 1000.0, "time/fps": 2050, "time/time_elapsed": 136, "time/total_timesteps": 280000}
{"rollout/ep_rew_mean": -30953598.163725667, "rollout/ep_len_mean": 780.6666666666666, "time/fps": 2050, "time/time_elapsed": 141, "time/total_timesteps": 290000}
{"rollout/ep_rew_mean": -33159679.827192422, "rollout/ep_len_mean": 835.5, "time/fps": 2050, "time/time_elapsed": 146, "time/total_timesteps": 300000}
{"rollout/ep_rew_mean": -31857645.74943594, "rollout/ep_len_mean": 802.6666666666666, "time/fps": 2050, "time/time_elapsed": 151, "time/total_timesteps": 310000}
{"train/iterations": 6, "train/delta_std": 0.05, "train/learning_rate": 0.0018, "train/step_size": 1.4103065937298709e-11, "rollout/return_std": 15953977.0, "rollout/ep_rew_mean": -16189324.641973, "rollout/ep_len_mean": 410.0, "time/fps": 2050, "time/time_elapsed": 156, "time/total_timesteps": 320000}
{"rollout/ep_rew_mean": -22922904.354762144, "rollout/ep_len_mean": 578.5714285714286, "time/fps": 2050, "time/time_elapsed": 160, "time/total_timesteps": 330000}
{"rollout/ep_rew_mean": -25469408.079490546, "rollout/ep_len_mean": 641.7272727272727, "time/fps": 2050, "time/time_elapsed": 165, "time/total_timesteps": 340000}
{"rollout/ep_rew_mean": -24008101.854670268, "rollout/ep_len_mean": 605.9333333333333, "time/fps": 2050, "time/time_elapsed": 170, "time/total_timesteps": 350000}
{"train/iterations": 7, "train/delta_std": 0.05, "train/learning_rate": 0.0018, "train/step_size": 1.136414486818671e-11, "rollout/return_std": 19799114.0, "rollout/ep_rew_mean": -20142417.318442002, "rollout/ep_len_mean": 511.5, "time/fps": 2050, "time/time_elapsed": 175, "time/total_timesteps": 360000}
{"rollout/ep_rew_mean": -26566773.086337168, "rollout/ep_len_mean": 674.3333333333334, "time/fps": 2050, "time/time_elapsed": 180, "time/total_timesteps": 370000}
{"rollout/ep_rew_mean": -30959200.17727256, "rollout/ep_len_mean": 782.8888888888889, "time/fps": 2050, "time/time_elapsed": 185, "time/total_timesteps": 380000}
{"rollout/ep_rew_mean": -29927933.446503002, "rollout/ep_len_mean": 755.9166666666666, "time/fps": 2050, "time/time_elapsed": 190, "time/total_timesteps": 390000}
{"rollout/ep_rew_mean": -31906391.24685274, "rollout/ep_len_mean": 804.7333333333333, "time/fps": 2050, "time/time_elapsed": 195, "time/total_timesteps": 400000}
{"train/iterations": 8, "train/delta_std": 0.05, "train/learning_rate": 0.0018, "train/step_size": 1.4174690067536577e-11, "rollout/return_std": 15873363.0, "rollout/ep_rew_mean": -19554181.892298, "rollout/ep_len_mean": 506.0, "time/fps": 2050, "time/time_elapsed": 199, "time/total_timesteps": 410000}
{"rollout/ep_rew_mean": -26529595.229255166, "rollout/ep_len_mean": 676.8333333333334, "time/fps": 2050, "time/time_elapsed": 204, "time/total_timesteps": 420000}
{"rollout/ep_rew_mean": -26600324.585699446, "rollout/ep_len_mean": 676.6666666666666, "time/fps": 2050, "time/time_elapsed": 209,