{"rollout/ep_rew_mean": -19849134.701074, "rollout/ep_len_mean": 670.6666666666666, "time/fps": 1974, "time/time_elapsed": 5, "time/total_timesteps": 10000}
{"rollout/ep_rew_mean": -23716869.944058597, "rollout/ep_len_mean": 802.4, "time/fps": 2055, "time/time_elapsed": 9, "time/total_timesteps": 20000}
{"rollout/ep_rew_mean": -26002998.616585247, "rollout/ep_len_mean": 876.5, "time/fps": 2087, "time/time_elapsed": 14, "time/total_timesteps": 30000}
{"rollout/ep_rew_mean": -24326655.95502427, "rollout/ep_len_mean": 820.8181818181819, "time/fps": 2092, "time/time_elapsed": 19, "time/total_timesteps": 40000}
{"rollout/ep_rew_mean": -25492544.384881143, "rollout/ep_len_mean": 859.2142857142857, "time/fps": 2093, "time/time_elapsed": 23, "time/total_timesteps": 50000}
{"train/iterations": 0, "train/delta_std": 0.05, "train/learning_rate": 0.0018, "train/step_size": 2.2252989381743582e-11, "rollout/return_std": 10111001.0, "time/fps": 2094, "time/time_elapsed": 28, "time/total_timesteps": 60000}
{"rollout/ep_rew_mean": -22182759.870632, "rollout/ep_len_mean": 761.75, "time/fps": 2089, "time/time_elapsed": 33, "time/total_timesteps": 70000}
{"rollout/ep_rew_mean": -24686162.036499005, "rollout/ep_len_mean": 841.1666666666666, "time/fps": 2090, "time/time_elapsed": 38, "time/total_timesteps": 80000}
{"rollout/ep_rew_mean": -26228955.684493225, "rollout/ep_len_mean": 894.1111111111111, "time/fps": 2093, "time/time_elapsed": 42, "time/total_timesteps": 90000}
{"rollout/ep_rew_mean": -24617262.85702267, "rollout/ep_len_mean": 838.4166666666666, "time/fps": 2095, "time/time_elapsed": 47, "time/total_timesteps": 100000}
{"train/iterations": 1, "train/delta_std": 0.05, "train/learning_rate": 0.0018, "train/step_size": 1.91052590414742e-11, "rollout/return_std": 11776862.0, "time/fps": 2096, "time/time_elapsed": 52, "time/total_timesteps": 110000}
{"rollout/ep_rew_mean": -29820342.495523, "rollout/ep_len_mean": 1000.0, "time/fps": 2097, "time/time_elapsed": 57, "time/total_timesteps": 120000}
{"rollout/ep_rew_mean": -24816826.136552166, "rollout/ep_len_mean": 839.3333333333334, "time/fps": 2096, "time/time_elapsed": 61, "time/total_timesteps": 130000}
{"rollout/ep_rew_mean": -23153004.767257556, "rollout/ep_len_mean": 783.0, "time/fps": 2095, "time/time_elapsed": 66, "time/total_timesteps": 140000}
{"rollout/ep_rew_mean": -24789672.527865753, "rollout/ep_len_mean": 837.25, "time/fps": 2095, "time/time_elapsed": 71, "time/total_timesteps": 150000}
{"rollout/ep_rew_mean": -25507214.766362287, "rollout/ep_len_mean": 860.5, "time/fps": 2091, "time/time_elapsed": 76, "time/total_timesteps": 160000}
{"train/iterations": 2, "train/delta_std": 0.05, "train/learning_rate": 0.0018, "train/step_size": 2.2265245203101358e-11, "rollout/return_std": 10105435.0, "rollout/ep_rew_mean": -14920105.033224499, "rollout/ep_len_mean": 512.0, "time/fps": 2091, "time/time_elapsed": 81, "time/total_timesteps": 170000}
{"rollout/ep_rew_mean": -22277415.560010247, "rollout/ep_len_mean": 756.0, "time/fps": 2091, "time/time_elapsed": 86, "time/total_timesteps": 180000}
{"rollout/ep_rew_mean": -25336269.330706857, "rollout/ep_len_mean": 860.5714285714286, "time/fps": 2093, "time/time_elapsed": 90, "time/total_timesteps": 190000}
{"rollout/ep_rew_mean": -26321990.009427335, "rollout/ep_len_mean": 891.5555555555555, "time/fps": 2094, "time/time_elapsed": 95, "time/total_timesteps": 200000}
{"rollout/ep_rew_mean": -27160240.6688235, "rollout/ep_len_mean": 918.6666666666666, "time/fps": 2094, "time/time_elapsed": 100, "time/total_timesteps": 210000}
{"rollout/ep_rew_mean": -27530869.062186144, "rollout/ep_len_mean": 930.2857142857143, "time/fps": 2096, "time/time_elapsed": 104, "time/total_timesteps": 220000}
{"train/iterations": 3, "train/delta_std": 0.05, "train/learning_rate": 0.0018, "train/step_size": 3.0641343629067563e-11, "rollout/return_std": 7343019.5, "rollout/ep_rew_mean": -14848524.0560005, "rollout/ep_len_mean": 506.5, "time/fps": 2097, "time/time_elapsed": 109, "time/total_timesteps": 230000}
{"rollout/ep_rew_mean": -22376123.325822, "rollout/ep_len_mean": 753.25, "time/fps": 2097, "time/time_elapsed": 114, "time/total_timesteps": 240000}
{"rollout/ep_rew_mean": -17944031.9453563, "rollout/ep_len_mean": 607.2, "time/fps": 2098, "time/time_elapsed": 119, "time/total_timesteps": 250000}
{"rollout/ep_rew_mean": -18366584.358874768, "rollout/ep_len_mean": 621.7692307692307, "time/fps": 2097, "time/time_elapsed": 123, "time/total_timesteps": 260000}
{"train/iterations": 4, "train/delta_std": 0.05, "train/learning_rate": 0.0018, "train/step_size": 1.5920171431149654e-11, "rollout/return_std": 14133013.0, "time/fps": 2097, "time/time_elapsed": 128, "time/total_timesteps": 270000}
{"rollout/ep_rew_mean": -29764320.0, "rollout/ep_len_mean": 1000.0, "time/fps": 2097, "time/time_elapsed": 133, "time/total_timesteps": 280000}
{"rollout/ep_rew_mean": -29632867.181563605, "rollout/ep_len_mean": 1000.0, "time/fps": 2097, "time/time_elapsed": 138, "time/total_timesteps": 290000}
{"rollout/ep_rew_mean": -29611847.352172285, "rollout/ep_len_mean": 1000.0, "time/fps": 2095, "time/time_elapsed": 143, "time/total_timesteps": 300000}
{"rollout/ep_rew_mean": -29526011.428648703, "rollout/ep_len_mean": 1000.0, "time/fps": 2094, "time/time_elapsed": 148, "time/total_timesteps": 310000}
{"rollout/ep_rew_mean": -29559850.409301087, "rollout/ep_len_mean": 1000.0, "time/fps": 2090, "time/time_elapsed": 153, "time/total_timesteps": 320000}
{"train/iterations": 5, "train/delta_std": 0.05, "train/learning_rate": 0.0018, "train/step_size": 3.04933023276277e-11, "rollout/return_std": 7378669.0, "rollout/ep_rew_mean": -124464.2498015, "rollout/ep_len_mean": 15.0, "time/fps": 2085, "time/time_elapsed": 158, "time/total_timesteps": 330000}
{"rollout/ep_rew_mean": -11963395.9087184, "rollout/ep_len_mean": 409.8, "time/fps": 2083, "time/time_elapsed": 163, "time/total_timesteps": 340000}
{"rollout/ep_rew_mean": -16574490.77104389, "rollout/ep_len_mean": 564.6666666666666, "time/fps": 2078, "time/time_elapsed": 168, "time/total_timesteps": 350000}
{"rollout/ep_rew_mean": -18934257.29531891, "rollout/ep_len_mean": 643.8181818181819, "time/fps": 2077, "time/time_elapsed": 173, "time/total_timesteps": 360000}
{"train/iterations": 6, "train/delta_std": 0.05, "train/learning_rate": 0.0018, "train/step_size": 1.524812567876843e-11, "rollout/return_std": 14755912.0, "time/fps": 2075, "time/time_elapsed": 178, "time/total_timesteps": 370000}
{"rollout/ep_rew_mean": -29542866.585759, "rollout/ep_len_mean": 1000.0, "time/fps": 2073, "time/time_elapsed": 183, "time/total_timesteps": 380000}
{"rollout/ep_rew_mean": -29750162.6938846, "rollout/ep_len_mean": 1000.0, "time/fps": 2071, "time/time_elapsed": 188, "time/total_timesteps": 390000}
{"rollout/ep_rew_mean": -29726274.781346142, "rollout/ep_len_mean": 1000.0, "time/fps": 2069, "time/time_elapsed": 193, "time/total_timesteps": 400000}
{"rollout/ep_rew_mean": -24773752.467593748, "rollout/ep_len_mean": 836.0833333333334, "time/fps": 2063, "time/time_elapsed": 198, "time/total_timesteps": 410000}
{"rollout/ep_rew_mean": -23766412.397273265, "rollout/ep_len_mean": 802.8, "time/fps": 2062, "time/time_elapsed": 203, "time/total_timesteps": 420000}
{"train/iterations": 7, "train/delta_std": 0.05, "train/learning_rate": 0.0018, "train/step_size": 1.8914977223394303e-11, "rollout/return_std": 11895336.0, "rollout/ep_rew_mean": -29280281.9307555, "rollout/ep_len_mean": 1000.0, "time/fps": 2061, "time/time_elapsed": 208, "time/total_timesteps": 430000}
{"rollout/ep_rew_mean": -29502710.965377748, "rollout/ep_len_mean": 1000.0, "time/fps": 2057, "time/time_elapsed": 213, "time/total_timesteps": 440000}
{"rollout/ep_rew_mean": -29546849.173335575, "rollout/ep_len_mean": 1000.0, "time/fps": 2054, "time/time_elapsed": 219, "time/total_timesteps": 450000}
