{"train/learning_rate": 0.0064, "train/n_updates": 2474, "train/ent_coef": 42.3367919921875, "train/actor_loss": 32543.19140625, "train/critic_loss": 6182.0625, "train/ent_coef_loss": -1.0395541191101074, "time/episodes": 258, "rollout/ep_rew_mean": -117799.78674518998, "rollout/ep_len_mean": 32.51, "time/fps": 273, "time/time_elapsed": 36, "time/total_timesteps": 10000}
{"train/learning_rate": 0.0064, "train/n_updates": 4974, "train/ent_coef": 28.765907287597656, "train/actor_loss": 20976.2421875, "train/critic_loss": 3055.219482421875, "train/ent_coef_loss": 0.9691002368927002, "time/episodes": 290, "rollout/ep_rew_mean": -138733.4516122, "rollout/ep_len_mean": 112.57, "time/fps": 269, "time/time_elapsed": 74, "time/total_timesteps": 20000}
{"train/learning_rate": 0.0064, "train/n_updates": 7474, "train/ent_coef": 18.182100296020508, "train/actor_loss": 11185.794921875, "train/critic_loss": 2334.604248046875, "train/ent_coef_loss": 0.7067275047302246, "time/episodes": 300, "rollout/ep_rew_mean": -137657.69802387, "rollout/ep_len_mean": 211.46, "time/fps": 270, "time/time_elapsed": 111, "time/total_timesteps": 30000}
{"train/learning_rate": 0.0064, "train/n_updates": 9974, "train/ent_coef": 10.472996711730957, "train/actor_loss": 5004.83349609375, "train/critic_loss": 1261.06494140625, "train/ent_coef_loss": -0.7082357406616211, "time/episodes": 310, "rollout/ep_rew_mean": -140460.20327077003, "rollout/ep_len_mean": 308.93, "time/fps": 267, "time/time_elapsed": 149, "time/total_timesteps": 40000}
{"train/learning_rate": 0.0064, "train/n_updates": 12474, "train/ent_coef": 4.903414249420166, "train/actor_loss": 3968.32763671875, "train/critic_loss": 766.9576416015625, "train/ent_coef_loss": -0.22638863325119019, "time/episodes": 320, "rollout/ep_rew_mean": -129829.55835368998, "rollout/ep_len_mean": 402.56, "time/fps": 267, "time/time_elapsed": 186, "time/total_timesteps": 50000}
{"train/learning_rate": 0.0064, "train/n_updates": 14974, "train/ent_coef": 3.406134605407715, "train/actor_loss": 3117.630126953125, "train/critic_loss": 707.0858154296875, "train/ent_coef_loss": -0.05695509910583496, "time/episodes": 335, "rollout/ep_rew_mean": -120032.79349189, "rollout/ep_len_mean": 497.03, "time/fps": 267, "time/time_elapsed": 224, "time/total_timesteps": 60000}
{"train/learning_rate": 0.0064, "train/n_updates": 17474, "train/ent_coef": 3.0410475730895996, "train/actor_loss": 2128.133056640625, "train/critic_loss": 693.0759887695312, "train/ent_coef_loss": -0.5118510127067566, "time/episodes": 359, "rollout/ep_rew_mean": -115148.14604217, "rollout/ep_len_mean": 586.0, "time/fps": 267, "time/time_elapsed": 261, "time/total_timesteps": 70000}
{"train/learning_rate": 0.0064, "train/n_updates": 19974, "train/ent_coef": 1.3856602907180786, "train/actor_loss": 1142.7069091796875, "train/critic_loss": 278.5462951660156, "train/ent_coef_loss": 0.10623051226139069, "time/episodes": 409, "rollout/ep_rew_mean": -91446.07765669002, "rollout/ep_len_mean": 419.32, "time/fps": 267, "time/time_elapsed": 299, "time/total_timesteps": 80000}
{"train/learning_rate": 0.0064, "train/n_updates": 22474, "train/ent_coef": 1.3241583108901978, "train/actor_loss": 1123.722900390625, "train/critic_loss": 349.9849548339844, "train/ent_coef_loss": -0.7093838453292847, "time/episodes": 438, "rollout/ep_rew_mean": -111188.31021086, "rollout/ep_len_mean": 277.29, "time/fps": 267, "time/time_elapsed": 336, "time/total_timesteps": 90000}
