{"train/learning_rate": 0.0013, "train/policy_objective": 0.0577860102057457, "train/value_loss": 8104124125.6, "train/kl_divergence_loss": 0.006091044284403324, "train/explained_variance": -3.5762786865234375e-07, "train/is_line_search_success": 1.0, "train/std": 0.9944673180580139, "train/n_updates": 1, "rollout/ep_rew_mean": -229166.21720193996, "rollout/ep_len_mean": 35.98, "time/fps": 1386, "time/time_elapsed": 7, "time/total_timesteps": 10000}
{"train/learning_rate": 0.0013, "train/policy_objective": 0.03844673931598663, "train/value_loss": 6157085876.8, "train/kl_divergence_loss": 0.004951396957039833, "train/explained_variance": 0.0, "train/is_line_search_success": 1.0, "train/std": 0.9977678656578064, "train/n_updates": 2, "rollout/ep_rew_mean": -201192.89033142998, "rollout/ep_len_mean": 37.65, "time/fps": 1381, "time/time_elapsed": 14, "time/total_timesteps": 20000}
{"train/learning_rate": 0.0013, "train/policy_objective": 0.044739704579114914, "train/value_loss": 5624506324.0, "train/kl_divergence_loss": 0.006345822475850582, "train/explained_variance": 0.0, "train/is_line_search_success": 1.0, "train/std": 0.9983359575271606, "train/n_updates": 3, "rollout/ep_rew_mean": -172195.56707045998, "rollout/ep_len_mean": 31.08, "time/fps": 1375, "time/time_elapsed": 21, "time/total_timesteps": 30000}
{"train/learning_rate": 0.0013, "train/policy_objective": 0.03725121542811394, "train/value_loss": 5220976857.6, "train/kl_divergence_loss": 0.005904422141611576, "train/explained_variance": 0.0, "train/is_line_search_success": 1.0, "train/std": 0.9856449961662292, "train/n_updates": 4, "rollout/ep_rew_mean": -166362.68150590998, "rollout/ep_len_mean": 30.83, "time/fps": 1371, "time/time_elapsed": 29, "time/total_timesteps": 40000}
{"train/learning_rate": 0.0013, "train/policy_objective": 0.037759460508823395, "train/value_loss": 4716372281.6, "train/kl_divergence_loss": 0.004627805203199387, "train/explained_variance": 0.0, "train/is_line_search_success": 1.0, "train/std": 0.986060380935669, "train/n_updates": 6, "rollout/ep_rew_mean": -171476.03630128002, "rollout/ep_len_mean": 35.25, "time/fps": 1312, "time/time_elapsed": 38, "time/total_timesteps": 50000}
{"train/learning_rate": 0.0013, "train/policy_objective": 0.04532512277364731, "train/value_loss": 4671747477.2, "train/kl_divergence_loss": 0.005178916268050671, "train/explained_variance": 1.7881393432617188e-07, "train/is_line_search_success": 1.0, "train/std": 0.9732765555381775, "train/n_updates": 7, "rollout/ep_rew_mean": -142994.19646240002, "rollout/ep_len_mean": 28.03, "time/fps": 1318, "time/time_elapsed": 45, "time/total_timesteps": 60000}
{"train/learning_rate": 0.0013, "train/policy_objective": 0.04242571443319321, "train/value_loss": 4631546754.0, "train/kl_divergence_loss": 0.005734196398407221, "train/explained_variance": -1.1920928955078125e-07, "train/is_line_search_success": 1.0, "train/std": 0.9781624674797058, "train/n_updates": 8, "rollout/ep_rew_mean": -154139.70484196, "rollout/ep_len_mean": 33.26, "time/fps": 1322, "time/time_elapsed": 52, "time/total_timesteps": 70000}
{"train/learning_rate": 0.0013, "train/policy_objective": 0.04060020297765732, "train/value_loss": 4314140564.4, "train/kl_divergence_loss": 0.005229768808931112, "train/explained_variance": 0.0, "train/is_line_search_success": 1.0, "train/std": 0.9731457829475403, "train/n_updates": 9, "rollout/ep_rew_mean": -145463.89630872, "rollout/ep_len_mean": 33.07, "time/fps": 1324, "time/time_elapsed": 60, "time/total_timesteps": 80000}
{"train/learning_rate": 0.0013, "train/policy_objective": 0.04973408207297325, "train/value_loss": 4383680298.0, "train/kl_divergence_loss": 0.005554536357522011, "train/explained_variance": -1.1920928955078125e-07, "train/is_line_search_success": 1.0, "train/std": 0.9710263013839722, "train/n_updates": 10, "rollout/ep_rew_mean": -137694.78512903, "rollout/ep_len_mean": 28.81, "time/fps": 1325, "time/time_elapsed": 67, "time/total_timesteps": 90000}
{"train/learning_rate": 0.0013, "train/policy_objective": 0.046533938497304916, "train/value_loss": 4279027138.8, "train/kl_divergence_loss": 0.005750875920057297, "train/explained_variance": 0.0, "train/is_line_search_success": 1.0, "train/std": 0.9580636620521545, "train/n_updates": 12, "rollout/ep_rew_mean": -128246.36087290998, "rollout/ep_len_mean": 28.37, "time/fps": 1296, "time/time_elapsed": 77, "time/total_timesteps": 100000}
{"train/learning_rate": 0.0013, "train/policy_objective": 0.048737138509750366, "train/value_loss": 3900142938.0, "train/kl_divergence_loss": 0.005362345837056637, "train/explained_variance": 0.0, "train/is_line_search_success": 1.0, "train/std": 0.9505044221878052, "train/n_updates": 13, "rollout/ep_rew_mean": -134371.91073536, "rollout/ep_len_mean": 33.87, "time/fps": 1300, "time/time_elapsed": 84, "time/total_timesteps": 110000}
{"train/learning_rate": 0.0013, "train/policy_objective": 0.04214315116405487, "train/value_loss": 3715071108.4, "train/kl_divergence_loss": 0.005328839644789696, "train/explained_variance": 0.0, "train/is_line_search_success": 1.0, "train/std": 0.94846111536026, "train/n_updates": 14, "rollout/ep_rew_mean": -134963.70473767002, "rollout/ep_len_mean": 35.15, "time/fps": 1298, "time/time_elapsed": 92, "time/total_timesteps": 120000}
{"train/learning_rate": 0.0013, "train/policy_objective": 0.054039116948843, "train/value_loss": 3793205978.8, "train/kl_divergence_loss": 0.006146985571831465, "train/explained_variance": 0.0, "train/is_line_search_success": 1.0, "train/std": 0.9437595009803772, "train/n_updates": 15, "rollout/ep_rew_mean": -132828.749033, "rollout/ep_len_mean": 36.32, "time/fps": 1295, "time/time_elapsed": 100, "time/total_timesteps": 130000}
{"train/learning_rate": 0.0013, "train/policy_objective": 0.04987603425979614, "train/value_loss": 3388716286.4, "train/kl_divergence_loss": 0.006947128102183342, "train/explained_variance": 0.0, "train/is_line_search_success": 1.0, "train/std": 0.94624263048172, "train/n_updates": 17, "rollout/ep_rew_mean": -127709.7293014, "rollout/ep_len_mean": 42.05, "time/fps": 1274, "time/time_elapsed": 109, "time/total_timesteps": 140000}
{"train/learning_rate": 0.0013, "train/policy_objective": 0.047798458486795425, "train/value_loss": 3125253400.4, "train/kl_divergence_loss": 0.0068357596173882484, "train/explained_variance": 0.0, "train/is_line_search_success": 1.0, "train/std": 0.9400448203086853, "train/n_updates": 18, "rollout/ep_rew_mean": -128247.46759338999, "rollout/ep_len_mean": 44.93, "time/fps": 1271, "time/time_elapsed": 117, "time/total_timesteps": 150000}
{"train/learning_rate": 0.0013, "train/policy_objective": 0.049608998000621796, "train/value_loss": 3169910373.2, "train/kl_divergence_loss": 0.006294833030551672, "train/explained_variance": 0.0, "train/is_line_search_success": 1.0, "train/std": 0.9273257851600647, "train/n_updates": 19, "rollout/ep_rew_mean": -91311.88800961, "rollout/ep_len_mean": 43.97, "time/fps": 1268, "time/time_elapsed": 126, "time/total_timesteps": 160000}
{"train/learning_rate": 0.0013, "train/policy_objective": 0.05213199555873871, "train/value_loss": 2581960640.2, "train/kl_divergence_loss": 0.006685357540845871, "train/explained_variance": 0.0, "train/is_line_search_success": 1.0, "train/std": 0.9072843194007874, "train/n_updates": 20, "rollout/ep_rew_mean": -52613.36918505999, "rollout/ep_len_mean": 44.89, "time/fps": 1263, "time/time_elapsed": 134, "time/total_timesteps": 170000}
{"train/learning_rate": 0.0013, "train/policy_objective": 0.051804229617118835, "train/value_loss": 2413464025.6, "train/kl_divergence_loss": 0.007081215735524893, "train/explained_variance": 0.0, "train/is_line_search_success": 1.0, "train/std": 0.9095619916915894, "train/n_updates": 21, "rollout/ep_rew_mean": -35065.36511855, "rollout/ep_len_mean": 49.71, "time/fps": 1262, "time/time_elapsed": 142, "time/total_timesteps": 180000}
{"train/learning_rate": 0.0013, "train/policy_objective": 0.04867662861943245,