{"rollout/ep_rew_mean": -26665405.022999663, "rollout/ep_len_mean": 671.6666666666666, "time/fps": 2000, "time/time_elapsed": 4, "time/total_timesteps": 10000}
{"rollout/ep_rew_mean": -26641636.595616996, "rollout/ep_len_mean": 671.8333333333334, "time/fps": 1982, "time/time_elapsed": 10, "time/total_timesteps": 20000}
{"rollout/ep_rew_mean": -25438891.44930837, "rollout/ep_len_mean": 641.8181818181819, "time/fps": 2002, "time/time_elapsed": 14, "time/total_timesteps": 30000}
{"rollout/ep_rew_mean": -25676820.627437647, "rollout/ep_len_mean": 648.1428571428571, "time/fps": 2021, "time/time_elapsed": 19, "time/total_timesteps": 40000}
{"train/iterations": 0, "train/delta_std": 0.05, "train/learning_rate": 0.0018, "train/step_size": 1.186355094023872e-11, "rollout/return_std": 18965654.0, "rollout/ep_rew_mean": -39936040.0, "rollout/ep_len_mean": 1000.0, "time/fps": 2034, "time/time_elapsed": 24, "time/total_timesteps": 50000}
{"rollout/ep_rew_mean": -39939860.74420533, "rollout/ep_len_mean": 1000.0, "time/fps": 2040, "time/time_elapsed": 29, "time/total_timesteps": 60000}
{"rollout/ep_rew_mean": -26779311.227631222, "rollout/ep_len_mean": 674.7777777777778, "time/fps": 2046, "time/time_elapsed": 34, "time/total_timesteps": 70000}
{"rollout/ep_rew_mean": -24807332.258836232, "rollout/ep_len_mean": 627.1538461538462, "time/fps": 2051, "time/time_elapsed": 38, "time/total_timesteps": 80000}
{"train/iterations": 1, "train/delta_std": 0.05, "train/learning_rate": 0.0018, "train/step_size": 1.2000573278159177e-11, "rollout/return_std": 18749104.0, "time/fps": 2055, "time/time_elapsed": 43, "time/total_timesteps": 90000}
{"rollout/ep_rew_mean": -20196321.2611245, "rollout/ep_len_mean": 511.5, "time/fps": 2058, "time/time_elapsed": 48, "time/total_timesteps": 100000}
{"rollout/ep_rew_mean": -25217562.124874376, "rollout/ep_len_mean": 635.625, "time/fps": 2060, "time/time_elapsed": 53, "time/total_timesteps": 110000}
{"rollout/ep_rew_mean": -23428212.547699, "rollout/ep_len_mean": 593.9166666666666, "time/fps": 2061, "time/time_elapsed": 58, "time/total_timesteps": 120000}
{"train/iterations": 2, "train/delta_std": 0.05, "train/learning_rate": 0.0018, "train/step_size": 1.1457889324828496e-11, "rollout/return_std": 19637124.0, "time/fps": 2062, "time/time_elapsed": 63, "time/total_timesteps": 130000}
{"rollout/ep_rew_mean": -39698693.191622496, "rollout/ep_len_mean": 1000.0, "time/fps": 2063, "time/time_elapsed": 67, "time/total_timesteps": 140000}
{"rollout/ep_rew_mean": -39857560.3794304, "rollout/ep_len_mean": 1000.0, "time/fps": 2064, "time/time_elapsed": 72, "time/total_timesteps": 150000}
{"rollout/ep_rew_mean": -39667203.43363086, "rollout/ep_len_mean": 1000.0, "time/fps": 2065, "time/time_elapsed": 77, "time/total_timesteps": 160000}
{"rollout/ep_rew_mean": -36161754.84103737, "rollout/ep_len_mean": 914.0909090909091, "time/fps": 2066, "time/time_elapsed": 82, "time/total_timesteps": 170000}
{"rollout/ep_rew_mean": -36711117.73801555, "rollout/ep_len_mean": 927.3076923076923, "time/fps": 2066, "time/time_elapsed": 87, "time/total_timesteps": 180000}
{"train/iterations": 3, "train/delta_std": 0.05, "train/learning_rate": 0.0018, "train/step_size": 2.30734927691989e-11, "rollout/return_std": 9751449.0, "rollout/ep_rew_mean": -162653.14895, "rollout/ep_len_mean": 12.0, "time/fps": 2067, "time/time_elapsed": 91, "time/total_timesteps": 190000}
{"rollout/ep_rew_mean": -19881708.49556975, "rollout/ep_len_mean": 504.5, "time/fps": 2069, "time/time_elapsed": 96, "time/total_timesteps": 200000}
{"rollout/ep_rew_mean": -28381654.36297328, "rollout/ep_len_mean": 716.8571428571429, "time/fps": 2070, "time/time_elapsed": 101, "time/total_timesteps": 210000}
{"rollout/ep_rew_mean": -25245617.153629635, "rollout/ep_len_mean": 640.4545454545455, "time/fps": 2071, "time/time_elapsed": 106, "time/total_timesteps": 220000}
{"rollout/ep_rew_mean": -28370913.487232786, "rollout/ep_len_mean": 717.5, "time/fps": 2072, "time/time_elapsed": 110, "time/total_timesteps": 230000}
{"train/iterations": 4, "train/delta_std": 0.05, "train/learning_rate": 0.0018, "train/step_size": 1.1889095610784217e-11, "rollout/return_std": 18924904.0, "rollout/ep_rew_mean": -39542530.0, "rollout/ep_len_mean": 1000.0, "time/fps": 2072, "time/time_elapsed": 115, "time/total_timesteps": 240000}
{"rollout/ep_rew_mean": -29899074.532987, "rollout/ep_len_mean": 757.5, "time/fps": 2072, "time/time_elapsed": 120, "time/total_timesteps": 250000}
{"rollout/ep_rew_mean": -34144624.91720385, "rollout/ep_len_mean": 861.4285714285714, "time/fps": 2073, "time/time_elapsed": 125, "time/total_timesteps": 260000}
{"rollout/ep_rew_mean": -28992488.701709997, "rollout/ep_len_mean": 731.6363636363636, "time/fps": 2073, "time/time_elapsed": 130, "time/total_timesteps": 270000}
{"train/iterations": 5, "train/delta_std": 0.05, "train/learning_rate": 0.0018, "train/step_size": 1.188412736274902e-11, "rollout/return_std": 18932816.0, "time/fps": 2074, "time/time_elapsed": 134, "time/total_timesteps": 280000}
{"rollout/ep_rew_mean": -26759376.490332335, "rollout/ep_len_mean": 675.6666666666666, "time/fps": 2074, "time/time_elapsed": 139, "time/total_timesteps": 290000}
{"rollout/ep_rew_mean": -28567188.83329429, "rollout/ep_len_mean": 722.1428571428571, "time/fps": 2074, "time/time_elapsed": 144, "time/total_timesteps": 300000}
{"rollout/ep_rew_mean": -31096886.392913327, "rollout/ep_len_mean": 783.8888888888889, "time/fps": 2074, "time/time_elapsed": 149, "time/total_timesteps": 310000}
{"rollout/ep_rew_mean": -33143573.392934665, "rollout/ep_len_mean": 837.9166666666666, "time/fps": 2074, "time/time_elapsed": 154, "time/total_timesteps": 320000}
{"rollout/ep_rew_mean": -31861855.244872466, "rollout/ep_len_mean": 804.5333333333333, "time/fps": 2075, "time/time_elapsed": 158, "time/total_timesteps": 330000}
{"train/iterations": 6, "train/delta_std": 0.05, "train/learning_rate": 0.0018, "train/step_size": 1.4200652806439784e-11, "rollout/return_std": 15844342.0, "rollout/ep_rew_mean": -39776586.4935935, "rollout/ep_len_mean": 1000.0, "time/fps": 2075, "time/time_elapsed": 163, "time/total_timesteps": 340000}
{"rollout/ep_rew_mean": -39773840.88757925, "rollout/ep_len_mean": 1000.0, "time/fps": 2075, "time/time_elapsed": 168, "time/total_timesteps": 350000}
{"rollout/ep_rew_mean": -28087310.289961196, "rollout/ep_len_mean": 710.6, "time/fps": 2076, "time/time_elapsed": 173, "time/total_timesteps": 360000}
{"rollout/ep_rew_mean": -30055529.40583408, "rollout/ep_len_mean": 758.8333333333334, "time/fps": 2075, "time/time_elapsed": 178, "time/total_timesteps": 370000}
{"train/iterations": 7, "train/delta_std": 0.05, "train/learning_rate": 0.0018, "train/step_size": 1.2808787884510675e-11, "rollout/return_std": 17566064.0, "time/fps": 2075, "time/time_elapsed": 183, "time/total_timesteps": 380000}
{"rollout/ep_rew_mean": -39957289.3243465, "rollout/ep_len_mean": 1000.0, "time/fps": 2075, "time/time_elapsed": 187, "time/total_timesteps": 390000}
{"rollout/ep_rew_mean": -39877759.402496204, "rollout/ep_len_mean": 1000.0, "time/fps": 2076, "time/time_elapsed": 192, "time/total_timesteps": 400000}
{"rollout/ep_rew_mean": -34881657.565928504, "rollout/ep_len_mean": 876.25, "time/fps": 2076, "time/time_elapsed": 197, "time/total_timesteps": 410000}
{"rollout/ep_rew_mean": -30626826.56844439, "rollout/ep_len_mean": 771.9230769230769, "time/fps": 2076, "time/time_elapsed": 202, "time/total_timesteps": 420000}
{"rollout/ep_rew_mean": -31872655.102179408, "rollout/ep_len_mean": 802.3333333333334, "time/fps": 2076, "time/time_elapsed": 207, "time/total_timesteps": 430000}
{"train/iterations": 8, "train/delta_std": 0.05, "train/learning_rate": 0.0018, "train/step_size": 1.4071203403853705e-11, "rollout/return_std": 15990104.0, "rollout/ep_rew_mean": -26649483.79223433, "rollout/ep_len_mean": 670.6666666666666, "time/fps": 2076, "time/time_elapsed": 211, "time/total_timesteps": 440000}
{"rollout/ep_rew_mean": -31959098.294962,