{"train/learning_rate": 0.0064, "train/n_updates": 2474, "train/ent_coef": 65.64486694335938, "train/actor_loss": 88571.75, "train/critic_loss": 4232.67822265625, "train/ent_coef_loss": -0.2836623191833496, "time/episodes": 139, "rollout/ep_rew_mean": -267746.06025012, "rollout/ep_len_mean": 37.78, "time/fps": 132, "time/time_elapsed": 75, "time/total_timesteps": 10000}
{"train/learning_rate": 0.0064, "train/n_updates": 4974, "train/ent_coef": 41.7440185546875, "train/actor_loss": 44185.50390625, "train/critic_loss": 4659.787109375, "train/ent_coef_loss": 1.9003574848175049, "time/episodes": 330, "rollout/ep_rew_mean": -96394.03571900999, "rollout/ep_len_mean": 54.49, "time/fps": 131, "time/time_elapsed": 152, "time/total_timesteps": 20000}
