{"train/learning_rate": 0.0064, "train/n_updates": 2474, "train/ent_coef": 50.71852493286133, "train/actor_loss": 40393.19921875, "train/critic_loss": 6750.0615234375, "train/ent_coef_loss": -2.789095401763916, "time/episodes": 254, "rollout/ep_rew_mean": -119054.06549154001, "rollout/ep_len_mean": 38.08, "time/fps": 145, "time/time_elapsed": 68, "time/total_timesteps": 10000}
{"train/learning_rate": 0.0064, "train/n_updates": 4974, "train/ent_coef": 38.16444778442383, "train/actor_loss": 28010.009765625, "train/critic_loss": 4136.126953125, "train/ent_coef_loss": -0.6252065896987915, "time/episodes": 371, "rollout/ep_rew_mean": -96602.98247351003, "rollout/ep_len_mean": 56.31, "time/fps": 145, "time/time_elapsed": 137, "time/total_timesteps": 20000}
{"train/learning_rate": 0.0064, "train/n_updates": 7474, "train/ent_coef": 17.562606811523438, "train/actor_loss": 14584.0078125, "train/critic_loss": 2420.649169921875, "train/ent_coef_loss": 2.1361498832702637, "time/episodes": 407, "rollout/ep_rew_mean": -94478.25334149999, "rollout/ep_len_mean": 168.32, "time/fps": 145, "time/time_elapsed": 206, "time/total_timesteps": 30000}
