{"train/learning_rate": 0.0017, "train/entropy_loss": -12.82054450288415, "train/policy_gradient_loss": -0.007052099307838944, "train/value_loss": 2943001590.3, "train/approx_kl": 0.00569294486194849, "train/clip_fraction": 0.02974853515625, "train/loss": 1450288256.0, "train/explained_variance": -1.9073486328125e-06, "train/std": 1.010414481163025, "train/n_updates": 10, "train/clip_range": 0.2, "rollout/ep_rew_mean": -376383.82880379, "rollout/ep_len_mean": 95.89, "time/fps": 997, "time/time_elapsed": 10, "time/total_timesteps": 10000}
{"train/learning_rate": 0.0017, "train/entropy_loss": -12.919720594584941, "train/policy_gradient_loss": -0.004732820068420551, "train/value_loss": 2780831622.1, "train/approx_kl": 0.004094851203262806, "train/clip_fraction": 0.01507568359375, "train/loss": 1155119104.0, "train/explained_variance": 2.384185791015625e-07, "train/std": 1.0222561359405518, "train/n_updates": 20, "train/clip_range": 0.2, "rollout/ep_rew_mean": -271527.92701662006, "rollout/ep_len_mean": 68.23, "time/fps": 996, "time/time_elapsed": 20, "time/total_timesteps": 20000}
{"train/learning_rate": 0.0017, "train/entropy_loss": -13.013093629479409, "train/policy_gradient_loss": -0.0056431743876601105, "train/value_loss": 2681671857.8, "train/approx_kl": 0.005577379371970892, "train/clip_fraction": 0.03551025390625, "train/loss": 1329442304.0, "train/explained_variance": -1.1920928955078125e-07, "train/std": 1.0314499139785767, "train/n_updates": 30, "train/clip_range": 0.2, "rollout/ep_rew_mean": -283439.56265907997, "rollout/ep_len_mean": 76.75, "time/fps": 996, "time/time_elapsed": 30, "time/total_timesteps": 30000}
{"train/learning_rate": 0.0017, "train/entropy_loss": -13.10096238926053, "train/policy_gradient_loss": -0.003521627165537211, "train/value_loss": 2546699019.3, "train/approx_kl": 0.0036927838809788227, "train/clip_fraction": 0.01143798828125, "train/loss": 1353341056.0, "train/explained_variance": 0.0, "train/std": 1.042636752128601, "train/n_updates": 40, "train/clip_range": 0.2, "rollout/ep_rew_mean": -280155.99975377996, "rollout/ep_len_mean": 84.22, "time/fps": 996, "time/time_elapsed": 40, "time/total_timesteps": 40000}
{"train/learning_rate": 0.0017, "train/entropy_loss": -13.307693951576947, "train/policy_gradient_loss": -0.0036587828950359834, "train/value_loss": 2335422464.6, "train/approx_kl": 0.00415776576846838, "train/clip_fraction": 0.01688232421875, "train/loss": 1054502336.0, "train/explained_variance": 0.0, "train/std": 1.0664479732513428, "train/n_updates": 60, "train/clip_range": 0.2, "rollout/ep_rew_mean": -254615.09303463998, "rollout/ep_len_mean": 73.3, "time/fps": 908, "time/time_elapsed": 55, "time/total_timesteps": 50000}
{"train/learning_rate": 0.0017, "train/entropy_loss": -13.407555095851421, "train/policy_gradient_loss": -0.003311031965313305, "train/value_loss": 2269762632.1, "train/approx_kl": 0.003851444460451603, "train/clip_fraction": 0.01473388671875, "train/loss": 911505088.0, "train/explained_variance": 1.1920928955078125e-07, "train/std": 1.0793215036392212, "train/n_updates": 70, "train/clip_range": 0.2, "rollout/ep_rew_mean": -248051.65919862, "rollout/ep_len_mean": 72.69, "time/fps": 921, "time/time_elapsed": 65, "time/total_timesteps": 60000}
{"train/learning_rate": 0.0017, "train/entropy_loss": -13.497090636193752, "train/policy_gradient_loss": -0.005199736707618285, "train/value_loss": 2295935219.4, "train/approx_kl": 0.005748049821704626, "train/clip_fraction": 0.03087158203125, "train/loss": 1046759040.0, "train/explained_variance": 0.0, "train/std": 1.088072657585144, "train/n_updates": 80, "train/clip_range": 0.2, "rollout/ep_rew_mean": -233052.89916882, "rollout/ep_len_mean": 66.87, "time/fps": 931, "time/time_elapsed": 75, "time/total_timesteps": 70000}
{"train/learning_rate": 0.0017, "train/entropy_loss": -13.58468717560172, "train/policy_gradient_loss": -0.003789430419783457, "train/value_loss": 2250181983.2, "train/approx_kl": 0.004633711650967598, "train/clip_fraction": 0.01845703125, "train/loss": 1000707136.0, "train/explained_variance": -1.1920928955078125e-07, "train/std": 1.1004924774169922, "train/n_updates": 90, "train/clip_range": 0.2, "rollout/ep_rew_mean": -276166.22540786007, "rollout/ep_len_mean": 78.36, "time/fps": 939, "time/time_elapsed": 85, "time/total_timesteps": 80000}
{"train/learning_rate": 0.0017, "train/entropy_loss": -13.678821099549532, "train/policy_gradient_loss": -0.004001836818315496, "train/value_loss": 2339267141.2, "train/approx_kl": 0.004763943143188953, "train/clip_fraction": 0.02109375, "train/loss": 1230316928.0, "train/explained_variance": 0.0, "train/std": 1.1112971305847168, "train/n_updates": 100, "train/clip_range": 0.2, "rollout/ep_rew_mean": -212885.55698353, "rollout/ep_len_mean": 61.25, "time/fps": 944, "time/time_elapsed": 95, "time/total_timesteps": 90000}
{"train/learning_rate": 0.0017, "train/entropy_loss": -13.868971137702465, "train/policy_gradient_loss": -0.00368021132726426, "train/value_loss": 2123366909.6, "train/approx_kl": 0.004724364727735519, "train/clip_fraction": 0.0233154296875, "train/loss": 878017088.0, "train/explained_variance": 1.1920928955078125e-07, "train/std": 1.1353468894958496, "train/n_updates": 120, "train/clip_range": 0.2, "rollout/ep_rew_mean": -223826.20439770006, "rollout/ep_len_mean": 64.84, "time/fps": 905, "time/time_elapsed": 110, "time/total_timesteps": 100000}
{"train/learning_rate": 0.0017, "train/entropy_loss": -13.976636979728937, "train/policy_gradient_loss": -0.004173937043378828, "train/value_loss": 2144276043.5, "train/approx_kl": 0.004854381084442139, "train/clip_fraction": 0.01781005859375, "train/loss": 816254784.0, "train/explained_variance": -2.384185791015625e-07, "train/std": 1.1505802869796753, "train/n_updates": 130, "train/clip_range": 0.2, "rollout/ep_rew_mean": -230518.19636485004, "rollout/ep_len_mean": 67.46, "time/fps": 909, "time/time_elapsed": 120, "time/total_timesteps": 110000}
{"train/learning_rate": 0.0017, "train/entropy_loss": -14.096431995928288, "train/policy_gradient_loss": -0.004566222126595676, "train/value_loss": 2081492627.9, "train/approx_kl": 0.005032092332839966, "train/clip_fraction": 0.02200927734375, "train/loss": 957830080.0, "train/explained_variance": 0.0, "train/std": 1.165886640548706, "train/n_updates": 140, "train/clip_range": 0.2, "rollout/ep_rew_mean": -191987.22860863002, "rollout/ep_len_mean": 55.73, "time/fps": 912, "time/time_elapsed": 131, "time/total_timesteps": 120000}
{"train/learning_rate": 0.0017, "train/entropy_loss": -14.197215092182159, "train/policy_gradient_loss": -0.003881037421524525, "train/value_loss": 2209618251.3, "train/approx_kl": 0.004765268415212631, "train/clip_fraction": 0.01907958984375, "train/loss": 1192576640.0, "train/explained_variance": 0.0, "train/std": 1.1773265600204468, "train/n_updates": 150, "train/clip_range": 0.2, "rollout/ep_rew_mean": -209923.50753769, "rollout/ep_len_mean": 60.15, "time/fps": 917, "time/time_elapsed": 141, "time/total_timesteps": 130000}
{"train/learning_rate": 0.0017, "train/entropy_loss": -14.401282234489917, "train/policy_gradient_loss": -0.0032350882582250053, "train/value_loss": 2181577493.8, "train/approx_kl": 0.004388945642858744, "train/clip_fraction": 0.0145751953125, "train/loss": 1052205632.0, "train/explained_variance": 0.0, "train/std": 1.2065424919128418, "train/n_updates": 170, "train/clip_range": 0.2, "rollout/ep_rew_mean": -199036.01301427, "rollout/ep_len_mean": 59.9, "time/fps": 892, "time/time_elapsed": 156, "time/total_timesteps": 140000}
{"train/learning_rate": 0.0017, "train/entropy_loss": -14.501401174813509, "train/policy_gradient_loss": -0.0031047514186866463, "train/value_loss": 1954741842.5, "train/approx_kl": 0.004269049968570471, "train/clip_fraction": 0.0157470703125, "train/loss": 1240652288.0, "train/explained_variance": 0.0, "train/std": 1.2173542976379395, "train/n_updates": 180, "train/clip_range": 0.2, "rollout/ep_rew_mean": -186507.61896539998,