{"rollout/ep_rew_mean": -12052050.1990944, "rollout/ep_len_mean": 407.6, "time/fps": 2073, "time/time_elapsed": 4, "time/total_timesteps": 10000}
{"rollout/ep_rew_mean": -13412981.322772333, "rollout/ep_len_mean": 450.1111111111111, "time/fps": 2170, "time/time_elapsed": 9, "time/total_timesteps": 20000}
{"rollout/ep_rew_mean": -16206849.64669108, "rollout/ep_len_mean": 543.1538461538462, "time/fps": 2208, "time/time_elapsed": 13, "time/total_timesteps": 30000}
{"rollout/ep_rew_mean": -18042414.223298535, "rollout/ep_len_mean": 604.0666666666667, "time/fps": 2218, "time/time_elapsed": 18, "time/total_timesteps": 40000}
{"train/iterations": 0, "train/delta_std": 0.05, "train/learning_rate": 0.0018, "train/step_size": 1.507893115926251e-11, "rollout/return_std": 14921481.0, "rollout/ep_rew_mean": -8635194.039717857, "rollout/ep_len_mean": 290.0, "time/fps": 2223, "time/time_elapsed": 22, "time/total_timesteps": 50000}
{"rollout/ep_rew_mean": -13344356.22646233, "rollout/ep_len_mean": 447.77777777777777, "time/fps": 2228, "time/time_elapsed": 26, "time/total_timesteps": 60000}
{"rollout/ep_rew_mean": -17523907.2815455, "rollout/ep_len_mean": 585.8333333333334, "time/fps": 2229, "time/time_elapsed": 31, "time/total_timesteps": 70000}
{"rollout/ep_rew_mean": -19299999.736674998, "rollout/ep_len_mean": 645.0, "time/fps": 2232, "time/time_elapsed": 35, "time/total_timesteps": 80000}
{"train/iterations": 1, "train/delta_std": 0.05, "train/learning_rate": 0.0018, "train/step_size": 1.5731397087770382e-11, "rollout/return_std": 14302608.0, "rollout/ep_rew_mean": -14940242.9841585, "rollout/ep_len_mean": 503.5, "time/fps": 2233, "time/time_elapsed": 40, "time/total_timesteps": 90000}
{"rollout/ep_rew_mean": -15005316.4207915, "rollout/ep_len_mean": 503.8333333333333, "time/fps": 2233, "time/time_elapsed": 44, "time/total_timesteps": 100000}
{"rollout/ep_rew_mean": -20021146.272423666, "rollout/ep_len_mean": 669.2222222222222, "time/fps": 2234, "time/time_elapsed": 49, "time/total_timesteps": 110000}
{"rollout/ep_rew_mean": -20036543.24932083, "rollout/ep_len_mean": 669.1666666666666, "time/fps": 2235, "time/time_elapsed": 53, "time/total_timesteps": 120000}
{"train/iterations": 2, "train/delta_std": 0.05, "train/learning_rate": 0.0018, "train/step_size": 1.505980409821639e-11, "rollout/return_std": 14940433.0, "rollout/ep_rew_mean": -30064571.846389, "rollout/ep_len_mean": 1000.0, "time/fps": 2237, "time/time_elapsed": 58, "time/total_timesteps": 130000}
{"rollout/ep_rew_mean": -22504587.61155275, "rollout/ep_len_mean": 751.5, "time/fps": 2236, "time/time_elapsed": 62, "time/total_timesteps": 140000}
{"rollout/ep_rew_mean": -16411817.362492727, "rollout/ep_len_mean": 549.6363636363636, "time/fps": 2236, "time/time_elapsed": 67, "time/total_timesteps": 150000}
{"rollout/ep_rew_mean": -17198492.885998428, "rollout/ep_len_mean": 575.0714285714286, "time/fps": 2237, "time/time_elapsed": 71, "time/total_timesteps": 160000}
{"train/iterations": 3, "train/delta_std": 0.05, "train/learning_rate": 0.0018, "train/step_size": 1.5072483192102304e-11, "rollout/return_std": 14927864.0, "rollout/ep_rew_mean": -29697600.148461, "rollout/ep_len_mean": 1000.0, "time/fps": 2238, "time/time_elapsed": 75, "time/total_timesteps": 170000}
{"rollout/ep_rew_mean": -29888542.373561997, "rollout/ep_len_mean": 1000.0, "time/fps": 2239, "time/time_elapsed": 80, "time/total_timesteps": 180000}
{"rollout/ep_rew_mean": -17998870.786574297, "rollout/ep_len_mean": 604.2, "time/fps": 2239, "time/time_elapsed": 84, "time/total_timesteps": 190000}
{"rollout/ep_rew_mean": -20004275.407150082, "rollout/ep_len_mean": 670.1666666666666, "time/fps": 2239, "time/time_elapsed": 89, "time/total_timesteps": 200000}
{"train/iterations": 4, "train/delta_std": 0.05, "train/learning_rate": 0.0018, "train/step_size": 1.5087854576822934e-11, "rollout/return_std": 14912657.0, "rollout/ep_rew_mean": -7634763.566432751, "rollout/ep_len_mean": 262.0, "time/fps": 2240, "time/time_elapsed": 93, "time/total_timesteps": 210000}
{"rollout/ep_rew_mean": -12969806.734765857, "rollout/ep_len_mean": 436.7142857142857, "time/fps": 2240, "time/time_elapsed": 98, "time/total_timesteps": 220000}
{"rollout/ep_rew_mean": -16438333.957467638, "rollout/ep_len_mean": 551.8181818181819, "time/fps": 2240, "time/time_elapsed": 102, "time/total_timesteps": 230000}
{"train/iterations": 5, "train/delta_std": 0.05, "train/learning_rate": 0.0018, "train/step_size": 1.461151859227794e-11, "rollout/return_std": 15398810.0, "time/fps": 2240, "time/time_elapsed": 107, "time/total_timesteps": 240000}
{"rollout/ep_rew_mean": -22473166.009497248, "rollout/ep_len_mean": 753.0, "time/fps": 2241, "time/time_elapsed": 111, "time/total_timesteps": 250000}
{"rollout/ep_rew_mean": -21422916.78641357, "rollout/ep_len_mean": 717.4285714285714, "time/fps": 2241, "time/time_elapsed": 116, "time/total_timesteps": 260000}
{"rollout/ep_rew_mean": -21853480.560052454, "rollout/ep_len_mean": 730.0, "time/fps": 2240, "time/time_elapsed": 120, "time/total_timesteps": 270000}
{"rollout/ep_rew_mean": -21469908.598407358, "rollout/ep_len_mean": 716.7857142857143, "time/fps": 2240, "time/time_elapsed": 124, "time/total_timesteps": 280000}
{"train/iterations": 6, "train/delta_std": 0.05, "train/learning_rate": 0.0018, "train/step_size": 1.572465942178969e-11, "rollout/return_std": 14308735.0, "rollout/ep_rew_mean": -20018871.664496, "rollout/ep_len_mean": 668.6666666666666, "time/fps": 2240, "time/time_elapsed": 129, "time/total_timesteps": 290000}
{"rollout/ep_rew_mean": -24038170.3555848, "rollout/ep_len_mean": 801.2, "time/fps": 2241, "time/time_elapsed": 133, "time/total_timesteps": 300000}
{"rollout/ep_rew_mean": -19127530.715135273, "rollout/ep_len_mean": 639.7272727272727, "time/fps": 2241, "time/time_elapsed": 138, "time/total_timesteps": 310000}
{"rollout/ep_rew_mean": -19330000.038678575, "rollout/ep_len_mean": 646.3571428571429, "time/fps": 2239, "time/time_elapsed": 142, "time/total_timesteps": 320000}
{"train/iterations": 7, "train/delta_std": 0.05, "train/learning_rate": 0.0018, "train/step_size": 1.5083172558161273e-11, "rollout/return_std": 14917286.0, "rollout/ep_rew_mean": -10069398.775817335, "rollout/ep_len_mean": 339.0, "time/fps": 2239, "time/time_elapsed": 147, "time/total_timesteps": 330000}
{"rollout/ep_rew_mean": -15060185.040809251, "rollout/ep_len_mean": 504.25, "time/fps": 2232, "time/time_elapsed": 152, "time/total_timesteps": 340000}
{"rollout/ep_rew_mean": -19137267.506056454, "rollout/ep_len_mean": 639.4545454545455, "time/fps": 2225, "time/time_elapsed": 157, "time/total_timesteps": 350000}
{"rollout/ep_rew_mean": -19329716.636962857, "rollout/ep_len_mean": 645.8571428571429, "time/fps": 2223, "time/time_elapsed": 161, "time/total_timesteps": 360000}
{"train/iterations": 8, "train/delta_std": 0.05, "train/learning_rate": 0.0018, "train/step_size": 1.5759199500919863e-11, "rollout/return_std": 14277374.0, "rollout/ep_rew_mean": -15076984.899919, "rollout/ep_len_mean": 503.0, "time/fps": 2218, "time/time_elapsed": 166, "time/total_timesteps": 370000}
{"rollout/ep_rew_mean": -22594623.93020825, "rollout/ep_len_mean": 751.5, "time/fps": 2213, "time/time_elapsed": 171, "time/total_timesteps": 380000}
{"rollout/ep_rew_mean": -25746574.735638287, "rollout/ep_len_mean": 858.0, "time/fps": 2210, "time/time_elapsed": 176, "time/total_timesteps": 390000}
{"rollout/ep_rew_mean": -24028627.546208404, "rollout/ep_len_mean": 801.2, "time/fps": 2203, "time/time_elapsed": 181, "time/total_timesteps": 400000}
{"rollout/ep_rew_mean": -20040179.10133187, "rollout/ep_len_mean": 668.8666666666667, "time/fps": 2200, "time/time_elapsed": 186, "time/total_timesteps": 410000}
{"train/iterations": 9, "train/delta_std": 0.05, "train/learning_rate": 0.0018, "train/step_size": 1.5727705596213504e-11, "rollout/return_std": 14305965.0, "rollout/ep_rew_mean": -12099839.0031888, "rollout/ep_len_mean": 403.8, "time/fps": 2198, "time/time_elapsed": 191,