{"train/learning_rate": 0.0001, "train/n_updates": 124, "train/explained_variance": 5.9604644775390625e-06, "train/entropy_loss": -12.781437873840332, "train/policy_loss": -412100.15625, "train/value_loss": 2696911360.0, "train/std": 1.0012322664260864, "rollout/ep_rew_mean": -132241.20120009, "rollout/ep_len_mean": 16.08, "time/fps": 1787, "time/time_elapsed": 5, "time/total_timesteps": 10000}
{"train/learning_rate": 0.0001, "train/n_updates": 249, "train/explained_variance": -1.1920928955078125e-07, "train/entropy_loss": -12.783820152282715, "train/policy_loss": -734446.0, "train/value_loss": 3918385664.0, "train/std": 1.0014320611953735, "rollout/ep_rew_mean": -138153.410759, "rollout/ep_len_mean": 15.96, "time/fps": 1786, "time/time_elapsed": 11, "time/total_timesteps": 20000}
{"train/learning_rate": 0.0001, "train/n_updates": 374, "train/explained_variance": -1.1920928955078125e-07, "train/entropy_loss": -12.782963752746582, "train/policy_loss": -542854.4375, "train/value_loss": 3015448064.0, "train/std": 1.001418113708496, "rollout/ep_rew_mean": -135696.97959163, "rollout/ep_len_mean": 15.68, "time/fps": 1782, "time/time_elapsed": 16, "time/total_timesteps": 30000}
{"train/learning_rate": 0.0001, "train/n_updates": 499, "train/explained_variance": 1.7881393432617188e-07, "train/entropy_loss": -12.77906608581543, "train/policy_loss": -453591.65625, "train/value_loss": 2649456896.0, "train/std": 1.0009725093841553, "rollout/ep_rew_mean": -146049.98028975, "rollout/ep_len_mean": 17.04, "time/fps": 1777, "time/time_elapsed": 22, "time/total_timesteps": 40000}
{"train/learning_rate": 0.0001, "train/n_updates": 624, "train/explained_variance": 5.960464477539063e-08, "train/entropy_loss": -12.778252601623535, "train/policy_loss": -772073.875, "train/value_loss": 4778785792.0, "train/std": 1.0009182691574097, "rollout/ep_rew_mean": -141445.71734395, "rollout/ep_len_mean": 14.02, "time/fps": 1772, "time/time_elapsed": 28, "time/total_timesteps": 50000}
{"train/learning_rate": 0.0001, "train/n_updates": 749, "train/explained_variance": 0.0, "train/entropy_loss": -12.772661209106445, "train/policy_loss": -333967.9375, "train/value_loss": 1650238592.0, "train/std": 1.0002223253250122, "rollout/ep_rew_mean": -146425.37724941003, "rollout/ep_len_mean": 16.37, "time/fps": 1766, "time/time_elapsed": 33, "time/total_timesteps": 60000}
{"train/learning_rate": 0.0001, "train/n_updates": 874, "train/explained_variance": 0.0, "train/entropy_loss": -12.771032333374023, "train/policy_loss": -346606.53125, "train/value_loss": 2767619840.0, "train/std": 1.0001283884048462, "rollout/ep_rew_mean": -110377.20239402002, "rollout/ep_len_mean": 15.26, "time/fps": 1761, "time/time_elapsed": 39, "time/total_timesteps": 70000}
{"train/learning_rate": 0.0001, "train/n_updates": 999, "train/explained_variance": 0.0, "train/entropy_loss": -12.769043922424316, "train/policy_loss": -608530.5625, "train/value_loss": 4038281216.0, "train/std": 0.9997751712799072, "rollout/ep_rew_mean": -109973.78442223997, "rollout/ep_len_mean": 15.12, "time/fps": 1756, "time/time_elapsed": 45, "time/total_timesteps": 80000}
{"train/learning_rate": 0.0001, "train/n_updates": 1124, "train/explained_variance": 0.0, "train/entropy_loss": -12.762323379516602, "train/policy_loss": 21336.025390625, "train/value_loss": 1416439552.0, "train/std": 0.9990378618240356, "rollout/ep_rew_mean": -78322.86523433, "rollout/ep_len_mean": 13.76, "time/fps": 1750, "time/time_elapsed": 51, "time/total_timesteps": 90000}
{"train/learning_rate": 0.0001, "train/n_updates": 1249, "train/explained_variance": 0.0, "train/entropy_loss": -12.755730628967285, "train/policy_loss": -151141.578125, "train/value_loss": 2534604032.0, "train/std": 0.9983580708503723, "rollout/ep_rew_mean": -99967.63726205999, "rollout/ep_len_mean": 13.87, "time/fps": 1746, "time/time_elapsed": 57, "time/total_timesteps": 100000}
{"train/learning_rate": 0.0001, "train/n_updates": 1374, "train/explained_variance": -1.1920928955078125e-07, "train/entropy_loss": -12.752906799316406, "train/policy_loss": -416394.5625, "train/value_loss": 3006866176.0, "train/std": 0.9980519413948059, "rollout/ep_rew_mean": -91809.02987698001, "rollout/ep_len_mean": 15.07, "time/fps": 1741, "time/time_elapsed": 63, "time/total_timesteps": 110000}
{"train/learning_rate": 0.0001, "train/n_updates": 1499, "train/explained_variance": 0.0, "train/entropy_loss": -12.750714302062988, "train/policy_loss": -645362.375, "train/value_loss": 3633356032.0, "train/std": 0.9977938532829285, "rollout/ep_rew_mean": -93459.70926181001, "rollout/ep_len_mean": 14.14, "time/fps": 1737, "time/time_elapsed": 69, "time/total_timesteps": 120000}
{"train/learning_rate": 0.0001, "train/n_updates": 1624, "train/explained_variance": 0.0, "train/entropy_loss": -12.747437477111816, "train/policy_loss": -338307.90625, "train/value_loss": 3940759552.0, "train/std": 0.9974223375320435, "rollout/ep_rew_mean": -97241.10457581999, "rollout/ep_len_mean": 16.54, "time/fps": 1734, "time/time_elapsed": 74, "time/total_timesteps": 130000}
{"train/learning_rate": 0.0001, "train/n_updates": 1749, "train/explained_variance": 5.960464477539063e-08, "train/entropy_loss": -12.744635581970215, "train/policy_loss": -515891.6875, "train/value_loss": 4475212800.0, "train/std": 0.9971335530281067, "rollout/ep_rew_mean": -74277.19005513, "rollout/ep_len_mean": 14.79, "time/fps": 1731, "time/time_elapsed": 80, "time/total_timesteps": 140000}
{"train/learning_rate": 0.0001, "train/n_updates": 1874, "train/explained_variance": 0.0, "train/entropy_loss": -12.738470077514648, "train/policy_loss": -269774.28125, "train/value_loss": 3394584064.0, "train/std": 0.996405303478241, "rollout/ep_rew_mean": -77634.16146579999, "rollout/ep_len_mean": 14.34, "time/fps": 1728, "time/time_elapsed": 86, "time/total_timesteps": 150000}
{"train/learning_rate": 0.0001, "train/n_updates": 1999, "train/explained_variance": 0.0, "train/entropy_loss": -12.733613014221191, "train/policy_loss": -690055.5625, "train/value_loss": 3845972736.0, "train/std": 0.9959151744842529, "rollout/ep_rew_mean": -94550.11951517002, "rollout/ep_len_mean": 15.75, "time/fps": 1726, "time/time_elapsed": 92, "time/total_timesteps": 160000}
{"train/learning_rate": 0.0001, "train/n_updates": 2124, "train/explained_variance": 0.0, "train/entropy_loss": -12.726563453674316, "train/policy_loss": -36934.16015625, "train/value_loss": 2631744768.0, "train/std": 0.9951685667037964, "rollout/ep_rew_mean": -78189.59693562, "rollout/ep_len_mean": 14.35, "time/fps": 1725, "time/time_elapsed": 98, "time/total_timesteps": 170000}
{"train/learning_rate": 0.0001, "train/n_updates": 2249, "train/explained_variance": 0.0, "train/entropy_loss": -12.72592830657959, "train/policy_loss": -402131.40625, "train/value_loss": 3688006912.0, "train/std": 0.9950585961341858, "rollout/ep_rew_mean": -55196.77283856, "rollout/ep_len_mean": 11.56, "time/fps": 1722, "time/time_elapsed": 104, "time/total_timesteps": 180000}
{"train/learning_rate": 0.0001, "train/n_updates": 2374, "train/explained_variance": 0.0, "train/entropy_loss": -12.719721794128418, "train/policy_loss": -339480.3125, "train/value_loss": 3256711168.0, "train/std": 0.9943211674690247, "rollout/ep_rew_mean": -79186.75950795, "rollout/ep_len_mean": 12.97, "time/fps": 1714, "time/time_elapsed": 110, "time/total_timesteps": 190000}
{"train/learning_rate": 0.0001, "train/n_updates": 2499, "train/explained_variance": 0.0, "train/entropy_loss": -12.717723846435547, "train/policy_loss": -152208.5625, "train/value_loss": 2758690304.0, "train/std": 0.9941771030426025, "rollout/ep_rew_mean": -56727.64757862999, "rollout/ep_len_mean": 13.49, "time/fps": 1701, "time/time_elapsed": 117, "time/total_timesteps": 200000}
{"train/learning_rate": 0.0001, "train/n_updates": 2624, "train/explained_variance": 0.0, "train/entropy_loss": -12.71159839630127, "train/policy_loss": -144727.46875, "train/value_loss": 3103843072.0, "train/std": 0.9935352802276611,