{"train/learning_rate": 0.0013, "train/policy_objective": 0.06445401906967163, "train/value_loss": 3531720898.4, "train/kl_divergence_loss": 0.006274284794926643, "train/explained_variance": 0.0, "train/is_line_search_success": 1.0, "train/std": 0.997929573059082, "train/n_updates": 1, "rollout/ep_rew_mean": -447780.31636886304, "rollout/ep_len_mean": 131.8904109589041, "time/fps": 31, "time/time_elapsed": 320, "time/total_timesteps": 10000}
