{"train/learning_rate": 0.0017, "train/entropy_loss": -12.805217177420854, "train/policy_gradient_loss": -0.005274495590674633, "train/value_loss": 4065786466.4, "train/approx_kl": 0.004357664380222559, "train/clip_fraction": 0.0229736328125, "train/loss": 1813180544.0, "train/explained_variance": -1.1920928955078125e-07, "train/std": 1.0072029829025269, "train/n_updates": 10, "train/clip_range": 0.2, "rollout/ep_rew_mean": -278363.1895943, "rollout/ep_len_mean": 57.67, "time/fps": 1212, "time/time_elapsed": 8, "time/total_timesteps": 10000}
{"train/learning_rate": 0.0017, "train/entropy_loss": -12.877278146892786, "train/policy_gradient_loss": -0.004509346396480396, "train/value_loss": 3524158400.4, "train/approx_kl": 0.004498440306633711, "train/clip_fraction": 0.018115234375, "train/loss": 1707137408.0, "train/explained_variance": 0.0, "train/std": 1.0161653757095337, "train/n_updates": 20, "train/clip_range": 0.2, "rollout/ep_rew_mean": -265714.42977739003, "rollout/ep_len_mean": 60.43, "time/fps": 1219, "time/time_elapsed": 16, "time/total_timesteps": 20000}
{"train/learning_rate": 0.0017, "train/entropy_loss": -12.959417893737555, "train/policy_gradient_loss": -0.0036669109587819547, "train/value_loss": 3351921310.6, "train/approx_kl": 0.004054870456457138, "train/clip_fraction": 0.01427001953125, "train/loss": 1615046656.0, "train/explained_variance": 0.0, "train/std": 1.025734305381775, "train/n_updates": 30, "train/clip_range": 0.2, "rollout/ep_rew_mean": -235342.65535614997, "rollout/ep_len_mean": 51.48, "time/fps": 1226, "time/time_elapsed": 24, "time/total_timesteps": 30000}
{"train/learning_rate": 0.0017, "train/entropy_loss": -13.037958350032568, "train/policy_gradient_loss": -0.0036155126037556327, "train/value_loss": 3283574356.4, "train/approx_kl": 0.003997691906988621, "train/clip_fraction": 0.01768798828125, "train/loss": 1521060480.0, "train/explained_variance": 0.0, "train/std": 1.0338554382324219, "train/n_updates": 40, "train/clip_range": 0.2, "rollout/ep_rew_mean": -250182.71889440995, "rollout/ep_len_mean": 58.99, "time/fps": 1229, "time/time_elapsed": 32, "time/total_timesteps": 40000}
{"train/learning_rate": 0.0017, "train/entropy_loss": -13.19042285978794, "train/policy_gradient_loss": -0.002633062001223152, "train/value_loss": 3014811079.8, "train/approx_kl": 0.003226891625672579, "train/clip_fraction": 0.00806884765625, "train/loss": 1386772480.0, "train/explained_variance": -1.1920928955078125e-07, "train/std": 1.0528841018676758, "train/n_updates": 60, "train/clip_range": 0.2, "rollout/ep_rew_mean": -203690.91592568002, "rollout/ep_len_mean": 45.47, "time/fps": 1117, "time/time_elapsed": 44, "time/total_timesteps": 50000}
{"train/learning_rate": 0.0017, "train/entropy_loss": -13.272639305889607, "train/policy_gradient_loss": -0.0027626801957012503, "train/value_loss": 3186490865.2, "train/approx_kl": 0.003325557569041848, "train/clip_fraction": 0.00870361328125, "train/loss": 1519070720.0, "train/explained_variance": 1.1920928955078125e-07, "train/std": 1.0615354776382446, "train/n_updates": 70, "train/clip_range": 0.2, "rollout/ep_rew_mean": -219788.71067777995, "rollout/ep_len_mean": 50.22, "time/fps": 1136, "time/time_elapsed": 52, "time/total_timesteps": 60000}
{"train/learning_rate": 0.0017, "train/entropy_loss": -13.349321047216653, "train/policy_gradient_loss": -0.004576420168814366, "train/value_loss": 3107268054.2, "train/approx_kl": 0.005465575959533453, "train/clip_fraction": 0.02755126953125, "train/loss": 1632890496.0, "train/explained_variance": -1.1920928955078125e-07, "train/std": 1.0706907510757446, "train/n_updates": 80, "train/clip_range": 0.2, "rollout/ep_rew_mean": -206488.30182467, "rollout/ep_len_mean": 44.95, "time/fps": 1149, "time/time_elapsed": 60, "time/total_timesteps": 70000}
{"train/learning_rate": 0.0017, "train/entropy_loss": -13.424501851201057, "train/policy_gradient_loss": -0.003933043584402185, "train/value_loss": 3150862573.2, "train/approx_kl": 0.0050526633858680725, "train/clip_fraction": 0.0208740234375, "train/loss": 1649696896.0, "train/explained_variance": 1.1920928955078125e-07, "train/std": 1.0795971155166626, "train/n_updates": 90, "train/clip_range": 0.2, "rollout/ep_rew_mean": -195060.88578967995, "rollout/ep_len_mean": 41.97, "time/fps": 1159, "time/time_elapsed": 69, "time/total_timesteps": 80000}
{"train/learning_rate": 0.0017, "train/entropy_loss": -13.490100956708194, "train/policy_gradient_loss": -0.002701708786753443, "train/value_loss": 3306424998.0, "train/approx_kl": 0.00403373409062624, "train/clip_fraction": 0.01396484375, "train/loss": 1604602112.0, "train/explained_variance": 0.0, "train/std": 1.0867059230804443, "train/n_updates": 100, "train/clip_range": 0.2, "rollout/ep_rew_mean": -223726.84943909, "rollout/ep_len_mean": 53.61, "time/fps": 1166, "time/time_elapsed": 77, "time/total_timesteps": 90000}
{"train/learning_rate": 0.0017, "train/entropy_loss": -13.65090607330203, "train/policy_gradient_loss": -0.0033509387827507452, "train/value_loss": 2804957470.1, "train/approx_kl": 0.004472547210752964, "train/clip_fraction": 0.0162353515625, "train/loss": 1336139776.0, "train/explained_variance": 0.0, "train/std": 1.107898235321045, "train/n_updates": 120, "train/clip_range": 0.2, "rollout/ep_rew_mean": -190171.76037432003, "rollout/ep_len_mean": 43.71, "time/fps": 1119, "time/time_elapsed": 89, "time/total_timesteps": 100000}
{"train/learning_rate": 0.0017, "train/entropy_loss": -13.732230454683304, "train/policy_gradient_loss": -0.003919352139200782, "train/value_loss": 3106052835.4, "train/approx_kl": 0.004109660629183054, "train/clip_fraction": 0.01181640625, "train/loss": 1477710080.0, "train/explained_variance": 1.1920928955078125e-07, "train/std": 1.1175413131713867, "train/n_updates": 130, "train/clip_range": 0.2, "rollout/ep_rew_mean": -185543.87211700997, "rollout/ep_len_mean": 40.31, "time/fps": 1130, "time/time_elapsed": 97, "time/total_timesteps": 110000}
{"train/learning_rate": 0.0017, "train/entropy_loss": -13.815828116238118, "train/policy_gradient_loss": -0.003970869615295669, "train/value_loss": 2836162735.0, "train/approx_kl": 0.005146474577486515, "train/clip_fraction": 0.0236328125, "train/loss": 1156873216.0, "train/explained_variance": 0.0, "train/std": 1.1283953189849854, "train/n_updates": 140, "train/clip_range": 0.2, "rollout/ep_rew_mean": -185052.17120919004, "rollout/ep_len_mean": 42.76, "time/fps": 1140, "time/time_elapsed": 105, "time/total_timesteps": 120000}
{"train/learning_rate": 0.0017, "train/entropy_loss": -13.896149774640799, "train/policy_gradient_loss": -0.0032975882622849895, "train/value_loss": 2917940761.7, "train/approx_kl": 0.004760692361742258, "train/clip_fraction": 0.01695556640625, "train/loss": 1954335104.0, "train/explained_variance": -2.384185791015625e-07, "train/std": 1.1378387212753296, "train/n_updates": 150, "train/clip_range": 0.2, "rollout/ep_rew_mean": -186047.91080224997, "rollout/ep_len_mean": 42.39, "time/fps": 1148, "time/time_elapsed": 113, "time/total_timesteps": 130000}
{"train/learning_rate": 0.0017, "train/entropy_loss": -14.058425962924957, "train/policy_gradient_loss": -0.002756941604820895, "train/value_loss": 2817798101.4, "train/approx_kl": 0.003553343005478382, "train/clip_fraction": 0.01026611328125, "train/loss": 1437017472.0, "train/explained_variance": 0.0, "train/std": 1.1590538024902344, "train/n_updates": 170, "train/clip_range": 0.2, "rollout/ep_rew_mean": -208634.46348424, "rollout/ep_len_mean": 49.55, "time/fps": 1120, "time/time_elapsed": 124, "time/total_timesteps": 140000}
{"train/learning_rate": 0.0017, "train/entropy_loss": -14.14158645644784, "train/policy_gradient_loss": -0.00276845722401049, "train/value_loss": 2780426956.2, "train/approx_kl": 0.0040128193795681, "train/clip_fraction": 0.01368408203125, "train/loss": 1259641728.0, "train/explained_variance": -1.1920928955078125e-07, "train/std": 1.1698988676071167, "train/n_updates": 180, "train/clip_range": 0.2,