{"rollout/ep_rew_mean": -19826048.9514225, "rollout/ep_len_mean": 1000.0, "time/fps": 3506, "time/time_elapsed": 2, "time/total_timesteps": 10000}
{"rollout/ep_rew_mean": -19810224.47571125, "rollout/ep_len_mean": 1000.0, "time/fps": 3691, "time/time_elapsed": 5, "time/total_timesteps": 20000}
{"rollout/ep_rew_mean": -15465866.580337444, "rollout/ep_len_mean": 781.4444444444445, "time/fps": 3755, "time/time_elapsed": 7, "time/total_timesteps": 30000}
{"rollout/ep_rew_mean": -16225557.196646543, "rollout/ep_len_mean": 821.1818181818181, "time/fps": 3789, "time/time_elapsed": 10, "time/total_timesteps": 40000}
{"rollout/ep_rew_mean": -16967892.788053643, "rollout/ep_len_mean": 859.5, "time/fps": 3817, "time/time_elapsed": 13, "time/total_timesteps": 50000}
{"train/iterations": 0, "train/delta_std": 0.05, "train/learning_rate": 0.0018, "train/step_size": 3.367549988864127e-11, "rollout/return_std": 6681415.0, "time/fps": 3779, "time/time_elapsed": 15, "time/total_timesteps": 60000}
{"rollout/ep_rew_mean": -19824847.589078665, "rollout/ep_len_mean": 1000.0, "time/fps": 3801, "time/time_elapsed": 18, "time/total_timesteps": 70000}
{"rollout/ep_rew_mean": -19777144.553447198, "rollout/ep_len_mean": 1000.0, "time/fps": 3818, "time/time_elapsed": 20, "time/total_timesteps": 80000}
{"rollout/ep_rew_mean": -17606848.058617335, "rollout/ep_len_mean": 890.4444444444445, "time/fps": 3831, "time/time_elapsed": 23, "time/total_timesteps": 90000}
{"rollout/ep_rew_mean": -17977884.590866454, "rollout/ep_len_mean": 910.3636363636364, "time/fps": 3843, "time/time_elapsed": 26, "time/total_timesteps": 100000}
{"rollout/ep_rew_mean": -18389177.469686214, "rollout/ep_len_mean": 929.5714285714286, "time/fps": 3852, "time/time_elapsed": 28, "time/total_timesteps": 110000}
{"train/iterations": 1, "train/delta_std": 0.05, "train/learning_rate": 0.0018, "train/step_size": 4.5715251029143644e-11, "rollout/return_std": 4921771.0, "time/fps": 3856, "time/time_elapsed": 31, "time/total_timesteps": 120000}
{"rollout/ep_rew_mean": -19880926.14873567, "rollout/ep_len_mean": 1000.0, "time/fps": 3862, "time/time_elapsed": 33, "time/total_timesteps": 130000}
{"rollout/ep_rew_mean": -19909673.6892414, "rollout/ep_len_mean": 1000.0, "time/fps": 3867, "time/time_elapsed": 36, "time/total_timesteps": 140000}
{"rollout/ep_rew_mean": -19899833.565328248, "rollout/ep_len_mean": 1000.0, "time/fps": 3874, "time/time_elapsed": 38, "time/total_timesteps": 150000}
{"rollout/ep_rew_mean": -19765768.942507096, "rollout/ep_len_mean": 1000.0, "time/fps": 3878, "time/time_elapsed": 41, "time/total_timesteps": 160000}
{"rollout/ep_rew_mean": -19778557.68504515, "rollout/ep_len_mean": 1000.0, "time/fps": 3880, "time/time_elapsed": 43, "time/total_timesteps": 170000}
{"rollout/ep_rew_mean": -19804213.32703913, "rollout/ep_len_mean": 1000.0, "time/fps": 3884, "time/time_elapsed": 46, "time/total_timesteps": 180000}
{"train/iterations": 2, "train/delta_std": 0.05, "train/learning_rate": 0.0018, "train/step_size": 8.717467858687655e-10, "rollout/return_std": 258102.484375, "rollout/ep_rew_mean": -19818323.1647395, "rollout/ep_len_mean": 1000.0, "time/fps": 3886, "time/time_elapsed": 48, "time/total_timesteps": 190000}
{"rollout/ep_rew_mean": -19809127.29176525, "rollout/ep_len_mean": 1000.0, "time/fps": 3888, "time/time_elapsed": 51, "time/total_timesteps": 200000}
{"rollout/ep_rew_mean": -17354937.386039875, "rollout/ep_len_mean": 876.875, "time/fps": 3891, "time/time_elapsed": 53, "time/total_timesteps": 210000}
{"rollout/ep_rew_mean": -17813944.7910418, "rollout/ep_len_mean": 901.5, "time/fps": 3892, "time/time_elapsed": 56, "time/total_timesteps": 220000}
{"rollout/ep_rew_mean": -18291586.365140233, "rollout/ep_len_mean": 924.2307692307693, "time/fps": 3892, "time/time_elapsed": 59, "time/total_timesteps": 230000}
{"rollout/ep_rew_mean": -18457171.363975134, "rollout/ep_len_mean": 934.3333333333334, "time/fps": 3894, "time/time_elapsed": 61, "time/total_timesteps": 240000}
{"train/iterations": 3, "train/delta_std": 0.05, "train/learning_rate": 0.0018, "train/step_size": 4.574195883177978e-11, "rollout/return_std": 4918897.0, "rollout/ep_rew_mean": -19940705.0, "rollout/ep_len_mean": 1000.0, "time/fps": 3896, "time/time_elapsed": 64, "time/total_timesteps": 250000}
{"rollout/ep_rew_mean": -19852275.407687, "rollout/ep_len_mean": 1000.0, "time/fps": 3897, "time/time_elapsed": 66, "time/total_timesteps": 260000}
{"rollout/ep_rew_mean": -19706059.288371287, "rollout/ep_len_mean": 1000.0, "time/fps": 3898, "time/time_elapsed": 69, "time/total_timesteps": 270000}
{"rollout/ep_rew_mean": -19760806.040742557, "rollout/ep_len_mean": 1000.0, "time/fps": 3900, "time/time_elapsed": 71, "time/total_timesteps": 280000}
{"rollout/ep_rew_mean": -17508512.21958754, "rollout/ep_len_mean": 924.9230769230769, "time/fps": 3902, "time/time_elapsed": 74, "time/total_timesteps": 290000}
{"rollout/ep_rew_mean": -17808560.201094933, "rollout/ep_len_mean": 934.9333333333333, "time/fps": 3903, "time/time_elapsed": 76, "time/total_timesteps": 300000}
{"train/iterations": 4, "train/delta_std": 0.05, "train/learning_rate": 0.0018, "train/step_size": 4.1941099898634704e-11, "rollout/return_std": 5364666.0, "rollout/ep_rew_mean": -19760019.15513, "rollout/ep_len_mean": 1000.0, "time/fps": 3903, "time/time_elapsed": 79, "time/total_timesteps": 310000}
{"rollout/ep_rew_mean": -19791609.82434775, "rollout/ep_len_mean": 1000.0, "time/fps": 3904, "time/time_elapsed": 81, "time/total_timesteps": 320000}
{"rollout/ep_rew_mean": -19820791.590565432, "rollout/ep_len_mean": 1000.0, "time/fps": 3904, "time/time_elapsed": 84, "time/total_timesteps": 330000}
{"rollout/ep_rew_mean": -17841844.1133958, "rollout/ep_len_mean": 901.5, "time/fps": 3905, "time/time_elapsed": 87, "time/total_timesteps": 340000}
{"rollout/ep_rew_mean": -18285432.179150768, "rollout/ep_len_mean": 924.2307692307693, "time/fps": 3906, "time/time_elapsed": 89, "time/total_timesteps": 350000}
{"rollout/ep_rew_mean": -18502768.542491134, "rollout/ep_len_mean": 934.3333333333334, "time/fps": 3907, "time/time_elapsed": 92, "time/total_timesteps": 360000}
{"train/iterations": 5, "train/delta_std": 0.05, "train/learning_rate": 0.0018, "train/step_size": 4.5636792955772165e-11, "rollout/return_std": 4930232.5, "rollout/ep_rew_mean": -19838763.963533, "rollout/ep_len_mean": 1000.0, "time/fps": 3907, "time/time_elapsed": 94, "time/total_timesteps": 370000}
{"rollout/ep_rew_mean": -19747990.119868748, "rollout/ep_len_mean": 1000.0, "time/fps": 3907, "time/time_elapsed": 97, "time/total_timesteps": 380000}
{"rollout/ep_rew_mean": -17332521.51516375, "rollout/ep_len_mean": 876.75, "time/fps": 3908, "time/time_elapsed": 99, "time/total_timesteps": 390000}
{"rollout/ep_rew_mean": -17859603.212131, "rollout/ep_len_mean": 901.4, "time/fps": 3909, "time/time_elapsed": 102, "time/total_timesteps": 400000}
{"rollout/ep_rew_mean": -18063185.067294, "rollout/ep_len_mean": 924.1538461538462, "time/fps": 3910, "time/time_elapsed": 104, "time/total_timesteps": 410000}
{"rollout/ep_rew_mean": -18285247.1875372, "rollout/ep_len_mean": 934.2666666666667, "time/fps": 3911, "time/time_elapsed": 107, "time/total_timesteps": 420000}
{"train/iterations": 6, "train/delta_std": 0.05, "train/learning_rate": 0.0018, "train/step_size": 4.549584667334905e-11, "rollout/return_std": 4945506.5, "rollout/ep_rew_mean": -13365234.054112667, "rollout/ep_len_mean": 673.3333333333334, "time/fps": 3913, "time/time_elapsed": 109, "time/total_timesteps": 430000}
{"rollout/ep_rew_mean": -15992186.4324676, "rollout/ep_len_mean": 804.0, "time/fps": 3914, "time/time_elapsed": 112, "time/total_timesteps": 440000}
{"rollout/ep_rew_mean": -15501068.248658113, "rollout/ep_len_mean": 782.2222222222222, "time/fps": 3915, "time/time_elapsed": 114, "time/total_timesteps": 450000}
{"rollout/ep_rew_mean": -16279134.13774382, "rollout/ep_len_mean": 821.8181818181819, "time/fps": 3914, "time/time_elapsed": 117,