{"rollout/ep_rew_mean": -26671527.888323665, "rollout/ep_len_mean": 670.3333333333334, "time/fps": 2098, "time/time_elapsed": 4, "time/total_timesteps": 10000}
{"rollout/ep_rew_mean": -31698383.077067595, "rollout/ep_len_mean": 802.2, "time/fps": 2107, "time/time_elapsed": 9, "time/total_timesteps": 20000}
{"rollout/ep_rew_mean": -34747550.205313995, "rollout/ep_len_mean": 876.375, "time/fps": 2112, "time/time_elapsed": 14, "time/total_timesteps": 30000}
{"rollout/ep_rew_mean": -35757952.208097294, "rollout/ep_len_mean": 901.1, "time/fps": 2115, "time/time_elapsed": 18, "time/total_timesteps": 40000}
{"rollout/ep_rew_mean": -34102078.00023907, "rollout/ep_len_mean": 859.4285714285714, "time/fps": 2118, "time/time_elapsed": 23, "time/total_timesteps": 50000}
{"train/iterations": 0, "train/delta_std": 0.05, "train/learning_rate": 0.0018, "train/step_size": 1.4110585963567068e-11, "rollout/return_std": 15945475.0, "rollout/ep_rew_mean": -39896452.540767, "rollout/ep_len_mean": 1000.0, "time/fps": 2118, "time/time_elapsed": 28, "time/total_timesteps": 60000}
{"rollout/ep_rew_mean": -26643687.930670332, "rollout/ep_len_mean": 671.1666666666666, "time/fps": 2121, "time/time_elapsed": 32, "time/total_timesteps": 70000}
{"rollout/ep_rew_mean": -26521024.092424553, "rollout/ep_len_mean": 671.2222222222222, "time/fps": 2123, "time/time_elapsed": 37, "time/total_timesteps": 80000}
{"rollout/ep_rew_mean": -29831953.115366668, "rollout/ep_len_mean": 753.4166666666666, "time/fps": 2125, "time/time_elapsed": 42, "time/total_timesteps": 90000}
{"rollout/ep_rew_mean": -31249774.07706357, "rollout/ep_len_mean": 788.6428571428571, "time/fps": 2127, "time/time_elapsed": 47, "time/total_timesteps": 100000}
{"train/iterations": 1, "train/delta_std": 0.05, "train/learning_rate": 0.0018, "train/step_size": 1.4113763976975058e-11, "rollout/return_std": 15941884.0, "rollout/ep_rew_mean": -20023171.5196225, "rollout/ep_len_mean": 506.5, "time/fps": 2128, "time/time_elapsed": 51, "time/total_timesteps": 110000}
{"rollout/ep_rew_mean": -29892610.32283025, "rollout/ep_len_mean": 753.25, "time/fps": 2127, "time/time_elapsed": 56, "time/total_timesteps": 120000}
{"rollout/ep_rew_mean": -26705284.65286978, "rollout/ep_len_mean": 673.8888888888889, "time/fps": 2128, "time/time_elapsed": 61, "time/total_timesteps": 130000}
{"rollout/ep_rew_mean": -22856755.987446718, "rollout/ep_len_mean": 579.8571428571429, "time/fps": 2128, "time/time_elapsed": 65, "time/total_timesteps": 140000}
{"train/iterations": 2, "train/delta_std": 0.05, "train/learning_rate": 0.0018, "train/step_size": 1.1101367221322267e-11, "rollout/return_std": 20267772.0, "rollout/ep_rew_mean": -26704281.907159667, "rollout/ep_len_mean": 671.3333333333334, "time/fps": 2129, "time/time_elapsed": 70, "time/total_timesteps": 150000}
{"rollout/ep_rew_mean": -31925667.7528696, "rollout/ep_len_mean": 802.8, "time/fps": 2128, "time/time_elapsed": 75, "time/total_timesteps": 160000}
{"rollout/ep_rew_mean": -27881137.414743908, "rollout/ep_len_mean": 704.6, "time/fps": 2129, "time/time_elapsed": 79, "time/total_timesteps": 170000}
{"rollout/ep_rew_mean": -29881289.45216159, "rollout/ep_len_mean": 753.8333333333334, "time/fps": 2130, "time/time_elapsed": 84, "time/total_timesteps": 180000}
{"train/iterations": 3, "train/delta_std": 0.05, "train/learning_rate": 0.0018, "train/step_size": 1.2683930294965506e-11, "rollout/return_std": 17738980.0, "time/fps": 2130, "time/time_elapsed": 89, "time/total_timesteps": 190000}
{"rollout/ep_rew_mean": -39849230.0, "rollout/ep_len_mean": 1000.0, "time/fps": 2131, "time/time_elapsed": 93, "time/total_timesteps": 200000}
{"rollout/ep_rew_mean": -39885085.069089994, "rollout/ep_len_mean": 1000.0, "time/fps": 2132, "time/time_elapsed": 98, "time/total_timesteps": 210000}
{"rollout/ep_rew_mean": -39858073.16443729, "rollout/ep_len_mean": 1000.0, "time/fps": 2132, "time/time_elapsed": 103, "time/total_timesteps": 220000}
{"rollout/ep_rew_mean": -33178836.081687916, "rollout/ep_len_mean": 836.0, "time/fps": 2132, "time/time_elapsed": 107, "time/total_timesteps": 230000}
{"rollout/ep_rew_mean": -34106805.88790807, "rollout/ep_len_mean": 859.4285714285714, "time/fps": 2133, "time/time_elapsed": 112, "time/total_timesteps": 240000}
{"train/iterations": 4, "train/delta_std": 0.05, "train/learning_rate": 0.0018, "train/step_size": 1.6647887929321925e-11, "rollout/return_std": 13515228.0, "rollout/ep_rew_mean": -39889436.413581, "rollout/ep_len_mean": 1000.0, "time/fps": 2132, "time/time_elapsed": 117, "time/total_timesteps": 250000}
{"rollout/ep_rew_mean": -39853000.56776866, "rollout/ep_len_mean": 1000.0, "time/fps": 2131, "time/time_elapsed": 121, "time/total_timesteps": 260000}
{"rollout/ep_rew_mean": -39872972.638542, "rollout/ep_len_mean": 1000.0, "time/fps": 2128, "time/time_elapsed": 126, "time/total_timesteps": 270000}
{"rollout/ep_rew_mean": -39907267.65973437, "rollout/ep_len_mean": 1000.0, "time/fps": 2125, "time/time_elapsed": 131, "time/total_timesteps": 280000}
{"rollout/ep_rew_mean": -33819548.314633384, "rollout/ep_len_mean": 848.7692307692307, "time/fps": 2124, "time/time_elapsed": 136, "time/total_timesteps": 290000}
{"train/iterations": 5, "train/delta_std": 0.05, "train/learning_rate": 0.0018, "train/step_size": 1.2693800004182076e-11, "rollout/return_std": 17725188.0, "rollout/ep_rew_mean": -39965036.157361, "rollout/ep_len_mean": 1000.0, "time/fps": 2122, "time/time_elapsed": 141, "time/total_timesteps": 300000}
{"rollout/ep_rew_mean": -31833214.378235, "rollout/ep_len_mean": 802.0, "time/fps": 2121, "time/time_elapsed": 146, "time/total_timesteps": 310000}
{"rollout/ep_rew_mean": -34122292.92056471, "rollout/ep_len_mean": 858.5714285714286, "time/fps": 2120, "time/time_elapsed": 150, "time/total_timesteps": 320000}
{"rollout/ep_rew_mean": -27603064.323779844, "rollout/ep_len_mean": 697.5384615384615, "time/fps": 2118, "time/time_elapsed": 155, "time/total_timesteps": 330000}
{"rollout/ep_rew_mean": -29237282.317133196, "rollout/ep_len_mean": 737.8666666666667, "time/fps": 2117, "time/time_elapsed": 160, "time/total_timesteps": 340000}
{"train/iterations": 6, "train/delta_std": 0.05, "train/learning_rate": 0.0018, "train/step_size": 1.2680934427522494e-11, "rollout/return_std": 17743172.0, "rollout/ep_rew_mean": -19991343.4695025, "rollout/ep_len_mean": 507.75, "time/fps": 2116, "time/time_elapsed": 165, "time/total_timesteps": 350000}
{"rollout/ep_rew_mean": -26629474.505126, "rollout/ep_len_mean": 671.8333333333334, "time/fps": 2115, "time/time_elapsed": 170, "time/total_timesteps": 360000}
{"rollout/ep_rew_mean": -30953362.56885389, "rollout/ep_len_mean": 781.2222222222222, "time/fps": 2115, "time/time_elapsed": 174, "time/total_timesteps": 370000}
{"rollout/ep_rew_mean": -29864603.501610164, "rollout/ep_len_mean": 753.5833333333334, "time/fps": 2115, "time/time_elapsed": 179, "time/total_timesteps": 380000}
{"train/iterations": 7, "train/delta_std": 0.05, "train/learning_rate": 0.0018, "train/step_size": 1.1874081579099638e-11, "rollout/return_std": 18948834.0, "time/fps": 2115, "time/time_elapsed": 184, "time/total_timesteps": 390000}
{"rollout/ep_rew_mean": -39866943.31238366, "rollout/ep_len_mean": 1000.0, "time/fps": 2115, "time/time_elapsed": 189, "time/total_timesteps": 400000}
{"rollout/ep_rew_mean": -33215295.221683666, "rollout/ep_len_mean": 837.5, "time/fps": 2116, "time/time_elapsed": 193, "time/total_timesteps": 410000}
{"rollout/ep_rew_mean": -31722171.7654859, "rollout/ep_len_mean": 803.7, "time/fps": 2116, "time/time_elapsed": 198, "time/total_timesteps": 420000}
{"rollout/ep_rew_mean": -30538480.490500383, "rollout/ep_len_mean": 772.7692307692307, "time/fps": 2116, "time/time_elapsed": 203, "time/total_timesteps": 430000}
{"train/iterations": 8, "train/delta_std": 0.05, "train/learning_rate": 0.0018, "train/step_size": 1.415956761563475e-11, "rollout/return_std": 15890315.0, "rollout/ep_rew_mean": -386675.71335700003, "rollout/ep_len_mean": 21.5,