{"rollout/ep_rew_mean": -33377408.31234533, "rollout/ep_len_mean": 670.0, "time/fps": 1389, "time/time_elapsed": 7, "time/total_timesteps": 10000}
{"rollout/ep_rew_mean": -39976046.459666, "rollout/ep_len_mean": 802.0, "time/fps": 1405, "time/time_elapsed": 14, "time/total_timesteps": 20000}
{"rollout/ep_rew_mean": -31906078.635279905, "rollout/ep_len_mean": 641.7272727272727, "time/fps": 1416, "time/time_elapsed": 21, "time/total_timesteps": 30000}
{"rollout/ep_rew_mean": -34588221.74366407, "rollout/ep_len_mean": 696.8461538461538, "time/fps": 1422, "time/time_elapsed": 28, "time/total_timesteps": 40000}
{"train/iterations": 0, "train/delta_std": 0.05, "train/learning_rate": 0.02, "train/step_size": 1.1314945508322793e-10, "rollout/return_std": 22094672.0, "time/fps": 1439, "time/time_elapsed": 34, "time/total_timesteps": 50000}
{"rollout/ep_rew_mean": -25094097.10411625, "rollout/ep_len_mean": 504.25, "time/fps": 1452, "time/time_elapsed": 41, "time/total_timesteps": 60000}
{"rollout/ep_rew_mean": -35777677.53405886, "rollout/ep_len_mean": 716.7142857142857, "time/fps": 1455, "time/time_elapsed": 48, "time/total_timesteps": 70000}
{"rollout/ep_rew_mean": -35084426.639336206, "rollout/ep_len_mean": 703.0, "time/fps": 1462, "time/time_elapsed": 54, "time/total_timesteps": 80000}
{"rollout/ep_rew_mean": -38525717.07655562, "rollout/ep_len_mean": 771.5384615384615, "time/fps": 1463, "time/time_elapsed": 61, "time/total_timesteps": 90000}
{"train/iterations": 1, "train/delta_std": 0.05, "train/learning_rate": 0.02, "train/step_size": 1.1227071355923712e-10, "rollout/return_std": 22267606.0, "time/fps": 1469, "time/time_elapsed": 68, "time/total_timesteps": 100000}
{"rollout/ep_rew_mean": -25299669.600807503, "rollout/ep_len_mean": 509.5, "time/fps": 1473, "time/time_elapsed": 74, "time/total_timesteps": 110000}
{"rollout/ep_rew_mean": -31492727.81563725, "rollout/ep_len_mean": 632.125, "time/fps": 1478, "time/time_elapsed": 81, "time/total_timesteps": 120000}
{"rollout/ep_rew_mean": -36425046.65878573, "rollout/ep_len_mean": 732.4545454545455, "time/fps": 1483, "time/time_elapsed": 87, "time/total_timesteps": 130000}
{"rollout/ep_rew_mean": -35887883.981721714, "rollout/ep_len_mean": 721.4285714285714, "time/fps": 1488, "time/time_elapsed": 94, "time/total_timesteps": 140000}
{"train/iterations": 2, "train/delta_std": 0.05, "train/learning_rate": 0.02, "train/step_size": 1.138256572330576e-10, "rollout/return_std": 21963414.0, "rollout/ep_rew_mean": -50021770.0, "rollout/ep_len_mean": 1000.0, "time/fps": 1493, "time/time_elapsed": 100, "time/total_timesteps": 150000}
{"rollout/ep_rew_mean": -50084726.51768133, "rollout/ep_len_mean": 1000.0, "time/fps": 1496, "time/time_elapsed": 106, "time/total_timesteps": 160000}
{"rollout/ep_rew_mean": -37609157.760149494, "rollout/ep_len_mean": 754.0, "time/fps": 1501, "time/time_elapsed": 113, "time/total_timesteps": 170000}
{"rollout/ep_rew_mean": -40104370.079899594, "rollout/ep_len_mean": 803.2, "time/fps": 1505, "time/time_elapsed": 119, "time/total_timesteps": 180000}
{"rollout/ep_rew_mean": -36833575.1650104, "rollout/ep_len_mean": 737.8666666666667, "time/fps": 1507, "time/time_elapsed": 126, "time/total_timesteps": 190000}
{"train/iterations": 3, "train/delta_std": 0.05, "train/learning_rate": 0.02, "train/step_size": 1.1266826360767368e-10, "rollout/return_std": 22189034.0, "rollout/ep_rew_mean": -25301995.901607003, "rollout/ep_len_mean": 511.0, "time/fps": 1510, "time/time_elapsed": 132, "time/total_timesteps": 200000}
{"rollout/ep_rew_mean": -40107817.3392122, "rollout/ep_len_mean": 804.4, "time/fps": 1513, "time/time_elapsed": 138, "time/total_timesteps": 210000}
{"rollout/ep_rew_mean": -42942462.026414864, "rollout/ep_len_mean": 860.2857142857143, "time/fps": 1514, "time/time_elapsed": 145, "time/total_timesteps": 220000}
{"rollout/ep_rew_mean": -45082395.0583047, "rollout/ep_len_mean": 902.2, "time/fps": 1517, "time/time_elapsed": 151, "time/total_timesteps": 230000}
{"rollout/ep_rew_mean": -45918929.39745059, "rollout/ep_len_mean": 918.5, "time/fps": 1518, "time/time_elapsed": 158, "time/total_timesteps": 240000}
{"train/iterations": 4, "train/delta_std": 0.05, "train/learning_rate": 0.02, "train/step_size": 1.4752120358618726e-10, "rollout/return_std": 16946716.0, "time/fps": 1520, "time/time_elapsed": 164, "time/total_timesteps": 250000}
{"rollout/ep_rew_mean": -25106452.829357002, "rollout/ep_len_mean": 504.0, "time/fps": 1520, "time/time_elapsed": 170, "time/total_timesteps": 260000}
{"rollout/ep_rew_mean": -35831952.67600686, "rollout/ep_len_mean": 716.5714285714286, "time/fps": 1522, "time/time_elapsed": 177, "time/total_timesteps": 270000}
{"rollout/ep_rew_mean": -38919822.467677556, "rollout/ep_len_mean": 779.5555555555555, "time/fps": 1522, "time/time_elapsed": 183, "time/total_timesteps": 280000}
{"rollout/ep_rew_mean": -38537661.18616677, "rollout/ep_len_mean": 771.8461538461538, "time/fps": 1522, "time/time_elapsed": 190, "time/total_timesteps": 290000}
{"rollout/ep_rew_mean": -40073240.96923014, "rollout/ep_len_mean": 802.2666666666667, "time/fps": 1522, "time/time_elapsed": 197, "time/total_timesteps": 300000}
{"train/iterations": 5, "train/delta_std": 0.05, "train/learning_rate": 0.02, "train/step_size": 1.246345526784154e-10, "rollout/return_std": 20058642.0, "rollout/ep_rew_mean": -33517873.574931, "rollout/ep_len_mean": 670.3333333333334, "time/fps": 1522, "time/time_elapsed": 203, "time/total_timesteps": 310000}
{"rollout/ep_rew_mean": -40011851.7924, "rollout/ep_len_mean": 802.2, "time/fps": 1521, "time/time_elapsed": 210, "time/total_timesteps": 320000}
{"rollout/ep_rew_mean": -43780099.19872, "rollout/ep_len_mean": 876.375, "time/fps": 1520, "time/time_elapsed": 217, "time/total_timesteps": 330000}
{"rollout/ep_rew_mean": -40969657.32236318, "rollout/ep_len_mean": 820.1818181818181, "time/fps": 1519, "time/time_elapsed": 223, "time/total_timesteps": 340000}
{"train/iterations": 6, "train/delta_std": 0.05, "train/learning_rate": 0.02, "train/step_size": 1.1276301420393153e-10, "rollout/return_std": 22170390.0, "time/fps": 1518, "time/time_elapsed": 230, "time/total_timesteps": 350000}
{"rollout/ep_rew_mean": -49880715.929800496, "rollout/ep_len_mean": 1000.0, "time/fps": 1517, "time/time_elapsed": 237, "time/total_timesteps": 360000}
{"rollout/ep_rew_mean": -41731517.730166994, "rollout/ep_len_mean": 836.0, "time/fps": 1516, "time/time_elapsed": 243, "time/total_timesteps": 370000}
{"rollout/ep_rew_mean": -43767120.795209125, "rollout/ep_len_mean": 877.0, "time/fps": 1515, "time/time_elapsed": 250, "time/total_timesteps": 380000}
{"rollout/ep_rew_mean": -45468851.793631904, "rollout/ep_len_mean": 910.5454545454545, "time/fps": 1514, "time/time_elapsed": 257, "time/total_timesteps": 390000}
{"rollout/ep_rew_mean": -46179194.11548846, "rollout/ep_len_mean": 924.3076923076923, "time/fps": 1514, "time/time_elapsed": 264, "time/total_timesteps": 400000}
{"train/iterations": 7, "train/delta_std": 0.05, "train/learning_rate": 0.02, "train/step_size": 2.011600330753538e-10, "rollout/return_std": 12427916.0, "time/fps": 1513, "time/time_elapsed": 270, "time/total_timesteps": 410000}
{"rollout/ep_rew_mean": -50107870.014919505, "rollout/ep_len_mean": 1000.0, "time/fps": 1514, "time/time_elapsed": 277, "time/total_timesteps": 420000}
{"rollout/ep_rew_mean": -49972421.132165395, "rollout/ep_len_mean": 1000.0, "time/fps": 1515, "time/time_elapsed": 283, "time/total_timesteps": 430000}
{"rollout/ep_rew_mean": -49919867.206954576, "rollout/ep_len_mean": 1000.0, "time/fps": 1515, "time/time_elapsed": 290, "time/total_timesteps": 440000}
{"rollout/ep_rew_mean": -49951705.70323239, "rollout/ep_len_mean": 1000.0, "time/fps": 1516, "time/time_elapsed": 296, "time/total_timesteps": 450000}
{"rollout/ep_rew_mean": -49965701.54116433, "rollout/ep_len_mean": 1000.0, "time/fps": 1517, "time/time_elapsed": 303, "time/total_timesteps": 460000}
{"rollout/ep_rew_mean": -49952417.38925266,