{"rollout/ep_rew_mean": -33523739.964936, "rollout/ep_len_mean": 668.3333333333334, "time/fps": 1735, "time/time_elapsed": 5, "time/total_timesteps": 10000}
{"rollout/ep_rew_mean": -40166792.4147472, "rollout/ep_len_mean": 801.0, "time/fps": 1736, "time/time_elapsed": 11, "time/total_timesteps": 20000}
{"rollout/ep_rew_mean": -39019231.37083277, "rollout/ep_len_mean": 779.8888888888889, "time/fps": 1735, "time/time_elapsed": 17, "time/total_timesteps": 30000}
{"rollout/ep_rew_mean": -41038905.26660736, "rollout/ep_len_mean": 819.9090909090909, "time/fps": 1734, "time/time_elapsed": 23, "time/total_timesteps": 40000}
{"train/iterations": 0, "train/delta_std": 0.05, "train/learning_rate": 0.0018, "train/step_size": 9.460454121479334e-12, "rollout/return_std": 23783214.0, "rollout/ep_rew_mean": -25133445.518055502, "rollout/ep_len_mean": 506.0, "time/fps": 1734, "time/time_elapsed": 28, "time/total_timesteps": 50000}
{"rollout/ep_rew_mean": -16882800.93605878, "rollout/ep_len_mean": 340.22222222222223, "time/fps": 1734, "time/time_elapsed": 34, "time/total_timesteps": 60000}
{"rollout/ep_rew_mean": -25216093.39784875, "rollout/ep_len_mean": 505.1666666666667, "time/fps": 1735, "time/time_elapsed": 40, "time/total_timesteps": 70000}
{"rollout/ep_rew_mean": -26895451.328387268, "rollout/ep_len_mean": 538.5333333333333, "time/fps": 1735, "time/time_elapsed": 46, "time/total_timesteps": 80000}
{"train/iterations": 1, "train/delta_std": 0.05, "train/learning_rate": 0.0018, "train/step_size": 8.805147583279549e-12, "rollout/return_std": 25553234.0, "rollout/ep_rew_mean": -50094373.537136495, "rollout/ep_len_mean": 1000.0, "time/fps": 1734, "time/time_elapsed": 51, "time/total_timesteps": 90000}
{"rollout/ep_rew_mean": -40225101.3772882, "rollout/ep_len_mean": 802.8, "time/fps": 1734, "time/time_elapsed": 57, "time/total_timesteps": 100000}
{"rollout/ep_rew_mean": -32056574.38722009, "rollout/ep_len_mean": 640.8181818181819, "time/fps": 1734, "time/time_elapsed": 63, "time/total_timesteps": 110000}
{"rollout/ep_rew_mean": -34849109.082102686, "rollout/ep_len_mean": 696.0769230769231, "time/fps": 1734, "time/time_elapsed": 69, "time/total_timesteps": 120000}
{"train/iterations": 2, "train/delta_std": 0.05, "train/learning_rate": 0.0018, "train/step_size": 9.446895522791099e-12, "rollout/return_std": 23817346.0, "rollout/ep_rew_mean": -8676286.338808835, "rollout/ep_len_mean": 177.33333333333334, "time/fps": 1735, "time/time_elapsed": 74, "time/total_timesteps": 130000}
{"rollout/ep_rew_mean": -16947770.085575223, "rollout/ep_len_mean": 341.22222222222223, "time/fps": 1735, "time/time_elapsed": 80, "time/total_timesteps": 140000}
{"rollout/ep_rew_mean": -25254475.34110567, "rollout/ep_len_mean": 505.9166666666667, "time/fps": 1736, "time/time_elapsed": 86, "time/total_timesteps": 150000}
{"rollout/ep_rew_mean": -26863583.20956673, "rollout/ep_len_mean": 538.4666666666667, "time/fps": 1736, "time/time_elapsed": 92, "time/total_timesteps": 160000}
{"train/iterations": 3, "train/delta_std": 0.05, "train/learning_rate": 0.0018, "train/step_size": 8.821134794834151e-12, "rollout/return_std": 25506922.0, "rollout/ep_rew_mean": -50258900.8286995, "rollout/ep_len_mean": 1000.0, "time/fps": 1737, "time/time_elapsed": 97, "time/total_timesteps": 170000}
{"rollout/ep_rew_mean": -33716931.819848664, "rollout/ep_len_mean": 672.6666666666666, "time/fps": 1737, "time/time_elapsed": 103, "time/total_timesteps": 180000}
{"rollout/ep_rew_mean": -39226196.65463989, "rollout/ep_len_mean": 781.7777777777778, "time/fps": 1737, "time/time_elapsed": 109, "time/total_timesteps": 190000}
{"rollout/ep_rew_mean": -41210480.52583928, "rollout/ep_len_mean": 821.4545454545455, "time/fps": 1737, "time/time_elapsed": 115, "time/total_timesteps": 200000}
{"train/iterations": 4, "train/delta_std": 0.05, "train/learning_rate": 0.0018, "train/step_size": 1.0101339036061585e-11, "rollout/return_std": 22274274.0, "rollout/ep_rew_mean": -513889.377957, "rollout/ep_len_mean": 16.0, "time/fps": 1738, "time/time_elapsed": 120, "time/total_timesteps": 210000}
{"rollout/ep_rew_mean": -20391134.641240798, "rollout/ep_len_mean": 410.0, "time/fps": 1738, "time/time_elapsed": 126, "time/total_timesteps": 220000}
{"rollout/ep_rew_mean": -25349600.8071066, "rollout/ep_len_mean": 508.4, "time/fps": 1739, "time/time_elapsed": 132, "time/total_timesteps": 230000}
{"rollout/ep_rew_mean": -27225215.16775677, "rollout/ep_len_mean": 545.8461538461538, "time/fps": 1739, "time/time_elapsed": 137, "time/total_timesteps": 240000}
{"train/iterations": 5, "train/delta_std": 0.05, "train/learning_rate": 0.0018, "train/step_size": 8.838305955161108e-12, "rollout/return_std": 25457366.0, "rollout/ep_rew_mean": -50106116.102369, "rollout/ep_len_mean": 1000.0, "time/fps": 1740, "time/time_elapsed": 143, "time/total_timesteps": 250000}
{"rollout/ep_rew_mean": -21557672.106348287, "rollout/ep_len_mean": 435.0, "time/fps": 1740, "time/time_elapsed": 149, "time/total_timesteps": 260000}
{"rollout/ep_rew_mean": -27887478.048578337, "rollout/ep_len_mean": 560.5555555555555, "time/fps": 1741, "time/time_elapsed": 155, "time/total_timesteps": 270000}
{"rollout/ep_rew_mean": -33426977.941924673, "rollout/ep_len_mean": 670.4166666666666, "time/fps": 1742, "time/time_elapsed": 160, "time/total_timesteps": 280000}
{"rollout/ep_rew_mean": -33467069.652725805, "rollout/ep_len_mean": 670.4666666666667, "time/fps": 1742, "time/time_elapsed": 166, "time/total_timesteps": 290000}
{"train/iterations": 6, "train/delta_std": 0.05, "train/learning_rate": 0.0018, "train/step_size": 9.449674549799614e-12, "rollout/return_std": 23810344.0, "rollout/ep_rew_mean": -33663461.181143336, "rollout/ep_len_mean": 673.3333333333334, "time/fps": 1742, "time/time_elapsed": 172, "time/total_timesteps": 300000}
{"rollout/ep_rew_mean": -25260567.712071747, "rollout/ep_len_mean": 506.125, "time/fps": 1742, "time/time_elapsed": 177, "time/total_timesteps": 310000}
{"rollout/ep_rew_mean": -32021886.74873636, "rollout/ep_len_mean": 640.8181818181819, "time/fps": 1743, "time/time_elapsed": 183, "time/total_timesteps": 320000}
{"rollout/ep_rew_mean": -30183687.316894196, "rollout/ep_len_mean": 604.2666666666667, "time/fps": 1743, "time/time_elapsed": 189, "time/total_timesteps": 330000}
{"train/iterations": 7, "train/delta_std": 0.05, "train/learning_rate": 0.0018, "train/step_size": 9.034319299605631e-12, "rollout/return_std": 24905030.0, "rollout/ep_rew_mean": -33526213.315368664, "rollout/ep_len_mean": 670.0, "time/fps": 1744, "time/time_elapsed": 194, "time/total_timesteps": 340000}
{"rollout/ep_rew_mean": -33527716.622640163, "rollout/ep_len_mean": 670.6666666666666, "time/fps": 1744, "time/time_elapsed": 200, "time/total_timesteps": 350000}
{"rollout/ep_rew_mean": -29375536.039157167, "rollout/ep_len_mean": 587.5, "time/fps": 1744, "time/time_elapsed": 206, "time/total_timesteps": 360000}
{"rollout/ep_rew_mean": -32359977.78530636, "rollout/ep_len_mean": 646.4285714285714, "time/fps": 1745, "time/time_elapsed": 212, "time/total_timesteps": 370000}
{"train/iterations": 8, "train/delta_std": 0.05, "train/learning_rate": 0.0018, "train/step_size": 9.429646299907724e-12, "rollout/return_std": 23860916.0, "rollout/ep_rew_mean": -25182060.3612685, "rollout/ep_len_mean": 505.0, "time/fps": 1745, "time/time_elapsed": 217, "time/total_timesteps": 380000}
{"rollout/ep_rew_mean": -37635858.520982005, "rollout/ep_len_mean": 752.5, "time/fps": 1746, "time/time_elapsed": 223, "time/total_timesteps": 390000}
{"rollout/ep_rew_mean": -33489606.559362333, "rollout/ep_len_mean": 670.2222222222222, "time/fps": 1746, "time/time_elapsed": 229, "time/total_timesteps": 400000}
{"rollout/ep_rew_mean": -28802023.542075787, "rollout/ep_len_mean": 577.1428571428571, "time/fps": 1746, "time/time_elapsed": 234, "time/total_timesteps": 410000}
{"train/iterations": 9, "train/delta_std": 0.05, "train/learning_rate": 0.0018, "train/step_size": 8.819223996925363e-12, "rollout/return_std": 25512448.0,