{"rollout/ep_rew_mean": -19826048.951371, "rollout/ep_len_mean": 1000.0, "time/fps": 3109, "time/time_elapsed": 3, "time/total_timesteps": 10000}
{"rollout/ep_rew_mean": -19810224.4756855, "rollout/ep_len_mean": 1000.0, "time/fps": 3109, "time/time_elapsed": 6, "time/total_timesteps": 20000}
{"rollout/ep_rew_mean": -15465866.580342332, "rollout/ep_len_mean": 781.4444444444445, "time/fps": 3115, "time/time_elapsed": 9, "time/total_timesteps": 30000}
{"rollout/ep_rew_mean": -16225557.196584908, "rollout/ep_len_mean": 821.1818181818181, "time/fps": 3115, "time/time_elapsed": 12, "time/total_timesteps": 40000}
{"rollout/ep_rew_mean": -16967892.787928354, "rollout/ep_len_mean": 859.5, "time/fps": 3118, "time/time_elapsed": 16, "time/total_timesteps": 50000}
{"train/iterations": 0, "train/delta_std": 0.05, "train/learning_rate": 0.02, "train/step_size": 3.74172220984903e-10, "rollout/return_std": 6681415.0, "time/fps": 3119, "time/time_elapsed": 19, "time/total_timesteps": 60000}
{"rollout/ep_rew_mean": -19791443.48043367, "rollout/ep_len_mean": 1000.0, "time/fps": 3117, "time/time_elapsed": 22, "time/total_timesteps": 70000}
{"rollout/ep_rew_mean": -16526152.612138337, "rollout/ep_len_mean": 836.1666666666666, "time/fps": 3117, "time/time_elapsed": 25, "time/total_timesteps": 80000}
{"rollout/ep_rew_mean": -17639282.712921664, "rollout/ep_len_mean": 890.7777777777778, "time/fps": 3118, "time/time_elapsed": 28, "time/total_timesteps": 90000}
{"rollout/ep_rew_mean": -17989869.492390454, "rollout/ep_len_mean": 910.6363636363636, "time/fps": 3119, "time/time_elapsed": 32, "time/total_timesteps": 100000}
{"rollout/ep_rew_mean": -18379823.49768943, "rollout/ep_len_mean": 929.7857142857143, "time/fps": 3120, "time/time_elapsed": 35, "time/total_timesteps": 110000}
{"train/iterations": 1, "train/delta_std": 0.05, "train/learning_rate": 0.02, "train/step_size": 5.075960207712171e-10, "rollout/return_std": 4925176.5, "time/fps": 3042, "time/time_elapsed": 39, "time/total_timesteps": 120000}
{"rollout/ep_rew_mean": -19853439.200301003, "rollout/ep_len_mean": 1000.0, "time/fps": 3049, "time/time_elapsed": 42, "time/total_timesteps": 130000}
{"rollout/ep_rew_mean": -19891163.5201806, "rollout/ep_len_mean": 1000.0, "time/fps": 3053, "time/time_elapsed": 45, "time/total_timesteps": 140000}
{"rollout/ep_rew_mean": -19879393.3521015, "rollout/ep_len_mean": 1000.0, "time/fps": 3060, "time/time_elapsed": 49, "time/total_timesteps": 150000}
{"rollout/ep_rew_mean": -19875911.6816812, "rollout/ep_len_mean": 1000.0, "time/fps": 3065, "time/time_elapsed": 52, "time/total_timesteps": 160000}
{"rollout/ep_rew_mean": -19881271.049621157, "rollout/ep_len_mean": 1000.0, "time/fps": 3070, "time/time_elapsed": 55, "time/total_timesteps": 170000}
{"rollout/ep_rew_mean": -19887347.60087887, "rollout/ep_len_mean": 1000.0, "time/fps": 3075, "time/time_elapsed": 58, "time/total_timesteps": 180000}
{"train/iterations": 2, "train/delta_std": 0.05, "train/learning_rate": 0.02, "train/step_size": 3.2935577820580875e-08, "rollout/return_std": 75905.7578125, "rollout/ep_rew_mean": -19864963.5149935, "rollout/ep_len_mean": 1000.0, "time/fps": 3079, "time/time_elapsed": 61, "time/total_timesteps": 190000}
{"rollout/ep_rew_mean": -19842365.7470035, "rollout/ep_len_mean": 1000.0, "time/fps": 3081, "time/time_elapsed": 64, "time/total_timesteps": 200000}
{"rollout/ep_rew_mean": -19836856.000572715, "rollout/ep_len_mean": 1000.0, "time/fps": 3085, "time/time_elapsed": 68, "time/total_timesteps": 210000}
{"rollout/ep_rew_mean": -17863149.932439603, "rollout/ep_len_mean": 902.2, "time/fps": 3088, "time/time_elapsed": 71, "time/total_timesteps": 220000}
{"rollout/ep_rew_mean": -18307697.163692616, "rollout/ep_len_mean": 924.7692307692307, "time/fps": 3081, "time/time_elapsed": 74, "time/total_timesteps": 230000}
{"rollout/ep_rew_mean": -18495840.2085336, "rollout/ep_len_mean": 934.8, "time/fps": 3084, "time/time_elapsed": 77, "time/total_timesteps": 240000}
{"train/iterations": 3, "train/delta_std": 0.05, "train/learning_rate": 0.02, "train/step_size": 5.094790145321326e-10, "rollout/return_std": 4906973.5, "rollout/ep_rew_mean": -19885796.49493, "rollout/ep_len_mean": 1000.0, "time/fps": 3087, "time/time_elapsed": 80, "time/total_timesteps": 250000}
{"rollout/ep_rew_mean": -19838644.074049, "rollout/ep_len_mean": 1000.0, "time/fps": 3088, "time/time_elapsed": 84, "time/total_timesteps": 260000}
{"rollout/ep_rew_mean": -19827153.280295428, "rollout/ep_len_mean": 1000.0, "time/fps": 3090, "time/time_elapsed": 87, "time/total_timesteps": 270000}
{"rollout/ep_rew_mean": -19772821.384074, "rollout/ep_len_mean": 1000.0, "time/fps": 3092, "time/time_elapsed": 90, "time/total_timesteps": 280000}
{"rollout/ep_rew_mean": -19755354.371388834, "rollout/ep_len_mean": 1000.0, "time/fps": 3094, "time/time_elapsed": 93, "time/total_timesteps": 290000}
{"rollout/ep_rew_mean": -19774911.60404757, "rollout/ep_len_mean": 1000.0, "time/fps": 3096, "time/time_elapsed": 96, "time/total_timesteps": 300000}
{"train/iterations": 4, "train/delta_std": 0.05, "train/learning_rate": 0.02, "train/step_size": 1.6718399109549864e-08, "rollout/return_std": 149535.84375, "rollout/ep_rew_mean": -19875448.634275, "rollout/ep_len_mean": 1000.0, "time/fps": 3098, "time/time_elapsed": 100, "time/total_timesteps": 310000}
{"rollout/ep_rew_mean": -19903281.795292336, "rollout/ep_len_mean": 1000.0, "time/fps": 3100, "time/time_elapsed": 103, "time/total_timesteps": 320000}
{"rollout/ep_rew_mean": -19918307.426157, "rollout/ep_len_mean": 1000.0, "time/fps": 3100, "time/time_elapsed": 106, "time/total_timesteps": 330000}
{"rollout/ep_rew_mean": -19872935.366073627, "rollout/ep_len_mean": 1000.0, "time/fps": 3102, "time/time_elapsed": 109, "time/total_timesteps": 340000}
{"rollout/ep_rew_mean": -19863069.357144456, "rollout/ep_len_mean": 1000.0, "time/fps": 3103, "time/time_elapsed": 112, "time/total_timesteps": 350000}
{"rollout/ep_rew_mean": -19872992.532968387, "rollout/ep_len_mean": 1000.0, "time/fps": 3104, "time/time_elapsed": 115, "time/total_timesteps": 360000}
{"train/iterations": 5, "train/delta_std": 0.05, "train/learning_rate": 0.02, "train/step_size": 1.6626676924147432e-08, "rollout/return_std": 150360.765625, "time/fps": 3106, "time/time_elapsed": 119, "time/total_timesteps": 370000}
{"rollout/ep_rew_mean": -19679176.449649498, "rollout/ep_len_mean": 1000.0, "time/fps": 3107, "time/time_elapsed": 122, "time/total_timesteps": 380000}
{"rollout/ep_rew_mean": -19746520.719858997, "rollout/ep_len_mean": 1000.0, "time/fps": 3108, "time/time_elapsed": 125, "time/total_timesteps": 390000}
{"rollout/ep_rew_mean": -19772263.74481886, "rollout/ep_len_mean": 1000.0, "time/fps": 3109, "time/time_elapsed": 128, "time/total_timesteps": 400000}
{"rollout/ep_rew_mean": -19764687.967684098, "rollout/ep_len_mean": 1000.0, "time/fps": 3110, "time/time_elapsed": 131, "time/total_timesteps": 410000}
{"rollout/ep_rew_mean": -19783391.140276168, "rollout/ep_len_mean": 1000.0, "time/fps": 3111, "time/time_elapsed": 134, "time/total_timesteps": 420000}
{"rollout/ep_rew_mean": -19773623.8155042, "rollout/ep_len_mean": 1000.0, "time/fps": 3112, "time/time_elapsed": 138, "time/total_timesteps": 430000}
{"train/iterations": 6, "train/delta_std": 0.05, "train/learning_rate": 0.02, "train/step_size": 1.0241362202734194e-09, "rollout/return_std": 2441081.5, "rollout/ep_rew_mean": -19805898.48704, "rollout/ep_len_mean": 1000.0, "time/fps": 3113, "time/time_elapsed": 141, "time/total_timesteps": 440000}
{"rollout/ep_rew_mean": -19911136.790389247, "rollout/ep_len_mean": 1000.0, "time/fps": 3114, "time/time_elapsed": 144, "time/total_timesteps": 450000}
{"rollout/ep_rew_mean": -19929416.19359283, "rollout/ep_len_mean": 1000.0, "time/fps": 3115, "time/time_elapsed": 147, "time/total_timesteps": 460000}
{"rollout/ep_rew_mean": -17914174.863116197, "rollout/ep_len_mean": 901.0, "time/fps": 3115, "time/time_elapsed": 150,