{"train/learning_rate": 0.0013, "train/policy_objective": 0.058830343186855316, "train/value_loss": 7865580100.0, "train/kl_divergence_loss": 0.005594149231910706, "train/explained_variance": -5.960464477539062e-07, "train/is_line_search_success": 1.0, "train/std": 0.9973366856575012, "train/n_updates": 1, "rollout/ep_rew_mean": -181915.10508789998, "rollout/ep_len_mean": 24.16, "time/fps": 1972, "time/time_elapsed": 5, "time/total_timesteps": 10000}
{"train/learning_rate": 0.0013, "train/policy_objective": 0.03217552229762077, "train/value_loss": 6401960133.6, "train/kl_divergence_loss": 0.004744624253362417, "train/explained_variance": 0.0, "train/is_line_search_success": 1.0, "train/std": 0.9925989508628845, "train/n_updates": 2, "rollout/ep_rew_mean": -171599.42660371997, "rollout/ep_len_mean": 25.94, "time/fps": 2078, "time/time_elapsed": 9, "time/total_timesteps": 20000}
{"train/learning_rate": 0.0013, "train/policy_objective": 0.04150672256946564, "train/value_loss": 6212890400.0, "train/kl_divergence_loss": 0.006312498822808266, "train/explained_variance": 0.0, "train/is_line_search_success": 1.0, "train/std": 0.990787923336029, "train/n_updates": 3, "rollout/ep_rew_mean": -154095.69434998004, "rollout/ep_len_mean": 23.14, "time/fps": 2113, "time/time_elapsed": 14, "time/total_timesteps": 30000}
{"train/learning_rate": 0.0013, "train/policy_objective": 0.047317955642938614, "train/value_loss": 5698516533.6, "train/kl_divergence_loss": 0.005769114941358566, "train/explained_variance": 0.0, "train/is_line_search_success": 1.0, "train/std": 0.9849138259887695, "train/n_updates": 4, "rollout/ep_rew_mean": -146159.16711003002, "rollout/ep_len_mean": 23.53, "time/fps": 2130, "time/time_elapsed": 18, "time/total_timesteps": 40000}
{"train/learning_rate": 0.0013, "train/policy_objective": 0.04291141778230667, "train/value_loss": 5185144559.2, "train/kl_divergence_loss": 0.006310698110610247, "train/explained_variance": 0.0, "train/is_line_search_success": 1.0, "train/std": 0.9591336846351624, "train/n_updates": 6, "rollout/ep_rew_mean": -134650.94182868997, "rollout/ep_len_mean": 22.13, "time/fps": 2026, "time/time_elapsed": 24, "time/total_timesteps": 50000}
{"train/learning_rate": 0.0013, "train/policy_objective": 0.04173557832837105, "train/value_loss": 4972271099.6, "train/kl_divergence_loss": 0.005501967389136553, "train/explained_variance": 1.7881393432617188e-07, "train/is_line_search_success": 1.0, "train/std": 0.9389013648033142, "train/n_updates": 7, "rollout/ep_rew_mean": -127627.92267941, "rollout/ep_len_mean": 25.27, "time/fps": 2047, "time/time_elapsed": 29, "time/total_timesteps": 60000}
{"train/learning_rate": 0.0013, "train/policy_objective": 0.040159329771995544, "train/value_loss": 4723503030.4, "train/kl_divergence_loss": 0.005250831600278616, "train/explained_variance": -1.1920928955078125e-07, "train/is_line_search_success": 1.0, "train/std": 0.9398512244224548, "train/n_updates": 8, "rollout/ep_rew_mean": -115128.23723062, "rollout/ep_len_mean": 22.69, "time/fps": 2063, "time/time_elapsed": 33, "time/total_timesteps": 70000}
{"train/learning_rate": 0.0013, "train/policy_objective": 0.04975161701440811, "train/value_loss": 4558001739.6, "train/kl_divergence_loss": 0.005803265608847141, "train/explained_variance": 5.960464477539063e-08, "train/is_line_search_success": 1.0, "train/std": 0.9278087615966797, "train/n_updates": 9, "rollout/ep_rew_mean": -135266.28467234998, "rollout/ep_len_mean": 28.71, "time/fps": 2075, "time/time_elapsed": 38, "time/total_timesteps": 80000}
{"train/learning_rate": 0.0013, "train/policy_objective": 0.037918150424957275, "train/value_loss": 4294554289.2, "train/kl_divergence_loss": 0.0067704468965530396, "train/explained_variance": 5.960464477539063e-08, "train/is_line_search_success": 1.0, "train/std": 0.9141917824745178, "train/n_updates": 10, "rollout/ep_rew_mean": -122968.01867218001, "rollout/ep_len_mean": 26.0, "time/fps": 2086, "time/time_elapsed": 43, "time/total_timesteps": 90000}
{"train/learning_rate": 0.0013, "train/policy_objective": 0.04823232814669609, "train/value_loss": 4011789112.0, "train/kl_divergence_loss": 0.0067995102144777775, "train/explained_variance": 0.0, "train/is_line_search_success": 1.0, "train/std": 0.891112208366394, "train/n_updates": 12, "rollout/ep_rew_mean": -123545.08465943999, "rollout/ep_len_mean": 29.84, "time/fps": 2035, "time/time_elapsed": 49, "time/total_timesteps": 100000}
{"train/learning_rate": 0.0013, "train/policy_objective": 0.05492556467652321, "train/value_loss": 3746530910.0, "train/kl_divergence_loss": 0.007486001588404179, "train/explained_variance": 0.0, "train/is_line_search_success": 1.0, "train/std": 0.889428436756134, "train/n_updates": 13, "rollout/ep_rew_mean": -107753.20756649997, "rollout/ep_len_mean": 35.82, "time/fps": 2026, "time/time_elapsed": 54, "time/total_timesteps": 110000}
{"train/learning_rate": 0.0013, "train/policy_objective": 0.0474652424454689, "train/value_loss": 3257015022.8, "train/kl_divergence_loss": 0.006924596149474382, "train/explained_variance": 0.0, "train/is_line_search_success": 1.0, "train/std": 0.8756029605865479, "train/n_updates": 14, "rollout/ep_rew_mean": -85220.94200883, "rollout/ep_len_mean": 44.51, "time/fps": 2035, "time/time_elapsed": 58, "time/total_timesteps": 120000}
{"train/learning_rate": 0.0013, "train/policy_objective": 0.05026406794786453, "train/value_loss": 2794656355.2, "train/kl_divergence_loss": 0.006556395906955004, "train/explained_variance": 0.0, "train/is_line_search_success": 1.0, "train/std": 0.8680306673049927, "train/n_updates": 15, "rollout/ep_rew_mean": -50677.27817134, "rollout/ep_len_mean": 42.32, "time/fps": 2042, "time/time_elapsed": 63, "time/total_timesteps": 130000}
{"train/learning_rate": 0.0013, "train/policy_objective": 0.04158877581357956, "train/value_loss": 2477416726.2, "train/kl_divergence_loss": 0.007182864472270012, "train/explained_variance": 0.0, "train/is_line_search_success": 1.0, "train/std": 0.8586280345916748, "train/n_updates": 17, "rollout/ep_rew_mean": -45492.18716825, "rollout/ep_len_mean": 40.32, "time/fps": 2014, "time/time_elapsed": 69, "time/total_timesteps": 140000}
{"train/learning_rate": 0.0013, "train/policy_objective": 0.04740586131811142, "train/value_loss": 2200661189.2, "train/kl_divergence_loss": 0.007723216433078051, "train/explained_variance": 0.0, "train/is_line_search_success": 1.0, "train/std": 0.8523422479629517, "train/n_updates": 18, "rollout/ep_rew_mean": -26651.96171442, "rollout/ep_len_mean": 43.3, "time/fps": 2025, "time/time_elapsed": 74, "time/total_timesteps": 150000}
{"train/learning_rate": 0.0013, "train/policy_objective": 0.03723151609301567, "train/value_loss": 1935416427.4, "train/kl_divergence_loss": 0.008630909956991673, "train/explained_variance": 0.0, "train/is_line_search_success": 1.0, "train/std": 0.8573517799377441, "train/n_updates": 19, "rollout/ep_rew_mean": 7541.9419303700015, "rollout/ep_len_mean": 36.97, "time/fps": 2032, "time/time_elapsed": 78, "time/total_timesteps": 160000}
{"train/learning_rate": 0.0013, "train/policy_objective": 0.04636422172188759, "train/value_loss": 1907067719.2, "train/kl_divergence_loss": 0.008088868111371994, "train/explained_variance": 0.0, "train/is_line_search_success": 1.0, "train/std": 0.8432961106300354, "train/n_updates": 20, "rollout/ep_rew_mean": 34229.24509016, "rollout/ep_len_mean": 34.34, "time/fps": 2026, "time/time_elapsed": 83, "time/total_timesteps": 170000}
{"train/learning_rate": 0.0013, "train/policy_objective": 0.047320298850536346, "train/value_loss": 2130337247.0, "train/kl_divergence_loss": 0.007104263640940189, "train/explained_variance": 0.0, "train/is_line_search_success": 1.0, "train/std": 0.8385889530181885, "train/n_updates": 21, "rollout/ep_rew_mean": 48190.008952079996, "rollout/ep_len_mean": 36.41, "time/fps": 2011, "time/time_elapsed": 89, "time/total_timesteps": 180000}
{"train/learning_rate": 0.0013,