{"train/learning_rate": 0.0064, "train/n_updates": 2474, "train/ent_coef": 73.93852996826172, "train/actor_loss": 94747.7890625, "train/critic_loss": 3115.302978515625, "train/ent_coef_loss": -2.60154390335083, "time/episodes": 64, "rollout/ep_rew_mean": -2085811.1594714688, "rollout/ep_len_mean": 146.4375, "time/fps": 157, "time/time_elapsed": 63, "time/total_timesteps": 10000}
{"train/learning_rate": 0.0064, "train/n_updates": 4974, "train/ent_coef": 64.92879486083984, "train/actor_loss": 51656.6875, "train/critic_loss": 2913.73486328125, "train/ent_coef_loss": -1.7037878036499023, "time/episodes": 198, "rollout/ep_rew_mean": -157626.78727278, "rollout/ep_len_mean": 58.72, "time/fps": 153, "time/time_elapsed": 130, "time/total_timesteps": 20000}
{"train/learning_rate": 0.0064, "train/n_updates": 7474, "train/ent_coef": 41.517852783203125, "train/actor_loss": 37906.1484375, "train/critic_loss": 2944.455810546875, "train/ent_coef_loss": -2.4214158058166504, "time/episodes": 361, "rollout/ep_rew_mean": -112595.88823437999, "rollout/ep_len_mean": 66.26, "time/fps": 151, "time/time_elapsed": 198, "time/total_timesteps": 30000}
