{"rollout/ep_rew_mean": -19758470.781228665, "rollout/ep_len_mean": 672.0, "time/fps": 3325, "time/time_elapsed": 3, "time/total_timesteps": 10000}
{"rollout/ep_rew_mean": -23820977.8683646, "rollout/ep_len_mean": 803.2, "time/fps": 3326, "time/time_elapsed": 6, "time/total_timesteps": 20000}
{"rollout/ep_rew_mean": -26129988.991984375, "rollout/ep_len_mean": 877.0, "time/fps": 3328, "time/time_elapsed": 9, "time/total_timesteps": 30000}
{"rollout/ep_rew_mean": -24465025.096882638, "rollout/ep_len_mean": 820.6363636363636, "time/fps": 3326, "time/time_elapsed": 12, "time/total_timesteps": 40000}
{"rollout/ep_rew_mean": -25597881.54482943, "rollout/ep_len_mean": 859.0714285714286, "time/fps": 3329, "time/time_elapsed": 15, "time/total_timesteps": 50000}
{"train/iterations": 0, "train/delta_std": 0.05, "train/learning_rate": 0.02, "train/step_size": 2.4638086015826843e-10, "rollout/return_std": 10146892.0, "time/fps": 3330, "time/time_elapsed": 18, "time/total_timesteps": 60000}
{"rollout/ep_rew_mean": -29662224.451964334, "rollout/ep_len_mean": 1000.0, "time/fps": 3332, "time/time_elapsed": 21, "time/total_timesteps": 70000}
{"rollout/ep_rew_mean": -29629655.047593404, "rollout/ep_len_mean": 1000.0, "time/fps": 3332, "time/time_elapsed": 24, "time/total_timesteps": 80000}
{"rollout/ep_rew_mean": -19858654.351830333, "rollout/ep_len_mean": 672.8333333333334, "time/fps": 3333, "time/time_elapsed": 26, "time/total_timesteps": 90000}
{"rollout/ep_rew_mean": -21292518.861465927, "rollout/ep_len_mean": 719.5714285714286, "time/fps": 3336, "time/time_elapsed": 29, "time/total_timesteps": 100000}
{"train/iterations": 1, "train/delta_std": 0.05, "train/learning_rate": 0.02, "train/step_size": 1.8950303826148485e-10, "rollout/return_std": 13192400.0, "rollout/ep_rew_mean": -29873867.185447, "rollout/ep_len_mean": 1000.0, "time/fps": 3338, "time/time_elapsed": 32, "time/total_timesteps": 110000}
{"rollout/ep_rew_mean": -22449384.89096675, "rollout/ep_len_mean": 754.5, "time/fps": 3339, "time/time_elapsed": 35, "time/total_timesteps": 120000}
{"rollout/ep_rew_mean": -25618089.40467843, "rollout/ep_len_mean": 859.7142857142857, "time/fps": 3340, "time/time_elapsed": 38, "time/total_timesteps": 130000}
{"rollout/ep_rew_mean": -26555363.949998777, "rollout/ep_len_mean": 890.8888888888889, "time/fps": 3341, "time/time_elapsed": 41, "time/total_timesteps": 140000}
{"rollout/ep_rew_mean": -27372334.082431, "rollout/ep_len_mean": 918.1666666666666, "time/fps": 3342, "time/time_elapsed": 44, "time/total_timesteps": 150000}
{"rollout/ep_rew_mean": -27733288.873544212, "rollout/ep_len_mean": 929.8571428571429, "time/fps": 3342, "time/time_elapsed": 47, "time/total_timesteps": 160000}
{"train/iterations": 2, "train/delta_std": 0.05, "train/learning_rate": 0.02, "train/step_size": 3.3711719527040884e-10, "rollout/return_std": 7415818.0, "rollout/ep_rew_mean": -29809251.179739, "rollout/ep_len_mean": 1000.0, "time/fps": 3342, "time/time_elapsed": 50, "time/total_timesteps": 170000}
{"rollout/ep_rew_mean": -29815800.877857, "rollout/ep_len_mean": 1000.0, "time/fps": 3342, "time/time_elapsed": 53, "time/total_timesteps": 180000}
{"rollout/ep_rew_mean": -19941650.31437789, "rollout/ep_len_mean": 674.2222222222222, "time/fps": 3342, "time/time_elapsed": 56, "time/total_timesteps": 190000}
{"rollout/ep_rew_mean": -21744473.02894673, "rollout/ep_len_mean": 733.4545454545455, "time/fps": 3342, "time/time_elapsed": 59, "time/total_timesteps": 200000}
{"rollout/ep_rew_mean": -21953633.9131846, "rollout/ep_len_mean": 740.2, "time/fps": 3342, "time/time_elapsed": 62, "time/total_timesteps": 210000}
{"train/iterations": 3, "train/delta_std": 0.05, "train/learning_rate": 0.02, "train/step_size": 1.8893081543680523e-10, "rollout/return_std": 13232356.0, "rollout/ep_rew_mean": -29758486.162023, "rollout/ep_len_mean": 1000.0, "time/fps": 3343, "time/time_elapsed": 65, "time/total_timesteps": 220000}
{"rollout/ep_rew_mean": -29642068.164943248, "rollout/ep_len_mean": 1000.0, "time/fps": 3344, "time/time_elapsed": 68, "time/total_timesteps": 230000}
{"rollout/ep_rew_mean": -25476915.283425573, "rollout/ep_len_mean": 859.2857142857143, "time/fps": 3344, "time/time_elapsed": 71, "time/total_timesteps": 240000}
{"rollout/ep_rew_mean": -24369253.439190183, "rollout/ep_len_mean": 820.1818181818181, "time/fps": 3345, "time/time_elapsed": 74, "time/total_timesteps": 250000}
{"rollout/ep_rew_mean": -25214039.341392156, "rollout/ep_len_mean": 847.8461538461538, "time/fps": 3345, "time/time_elapsed": 77, "time/total_timesteps": 260000}
{"train/iterations": 4, "train/delta_std": 0.05, "train/learning_rate": 0.02, "train/step_size": 2.0882875984007399e-10, "rollout/return_std": 11971531.0, "rollout/ep_rew_mean": -29677017.675215, "rollout/ep_len_mean": 1000.0, "time/fps": 3345, "time/time_elapsed": 80, "time/total_timesteps": 270000}
{"rollout/ep_rew_mean": -29835194.000417333, "rollout/ep_len_mean": 1000.0, "time/fps": 3345, "time/time_elapsed": 83, "time/total_timesteps": 280000}
{"rollout/ep_rew_mean": -25629077.395453427, "rollout/ep_len_mean": 859.8571428571429, "time/fps": 3346, "time/time_elapsed": 86, "time/total_timesteps": 290000}
{"rollout/ep_rew_mean": -23941475.389733296, "rollout/ep_len_mean": 802.9, "time/fps": 3331, "time/time_elapsed": 90, "time/total_timesteps": 300000}
{"rollout/ep_rew_mean": -25294938.791170456, "rollout/ep_len_mean": 848.3846153846154, "time/fps": 3331, "time/time_elapsed": 93, "time/total_timesteps": 310000}
{"rollout/ep_rew_mean": -25892832.90374846, "rollout/ep_len_mean": 868.6, "time/fps": 3332, "time/time_elapsed": 96, "time/total_timesteps": 320000}
{"train/iterations": 5, "train/delta_std": 0.05, "train/learning_rate": 0.02, "train/step_size": 2.464907444821307e-10, "rollout/return_std": 10142368.0, "rollout/ep_rew_mean": -12052647.8297122, "rollout/ep_len_mean": 411.2, "time/fps": 3333, "time/time_elapsed": 98, "time/total_timesteps": 330000}
{"rollout/ep_rew_mean": -14965267.389585499, "rollout/ep_len_mean": 508.125, "time/fps": 3334, "time/time_elapsed": 101, "time/total_timesteps": 340000}
{"rollout/ep_rew_mean": -18988875.547330998, "rollout/ep_len_mean": 642.2727272727273, "time/fps": 3335, "time/time_elapsed": 104, "time/total_timesteps": 350000}
{"rollout/ep_rew_mean": -20657294.859419227, "rollout/ep_len_mean": 697.3076923076923, "time/fps": 3336, "time/time_elapsed": 107, "time/total_timesteps": 360000}
{"train/iterations": 6, "train/delta_std": 0.05, "train/learning_rate": 0.02, "train/step_size": 1.887178191495309e-10, "rollout/return_std": 13247292.0, "rollout/ep_rew_mean": -139108.64249, "rollout/ep_len_mean": 7.0, "time/fps": 3337, "time/time_elapsed": 110, "time/total_timesteps": 370000}
{"rollout/ep_rew_mean": -14989410.3246965, "rollout/ep_len_mean": 506.5, "time/fps": 3338, "time/time_elapsed": 113, "time/total_timesteps": 380000}
{"rollout/ep_rew_mean": -16583057.402354667, "rollout/ep_len_mean": 561.7777777777778, "time/fps": 3338, "time/time_elapsed": 116, "time/total_timesteps": 390000}
{"rollout/ep_rew_mean": -18951891.316652365, "rollout/ep_len_mean": 641.4545454545455, "time/fps": 3338, "time/time_elapsed": 119, "time/total_timesteps": 400000}
{"train/iterations": 7, "train/delta_std": 0.05, "train/learning_rate": 0.02, "train/step_size": 1.690496076456327e-10, "rollout/return_std": 14788558.0, "rollout/ep_rew_mean": -139989.675674, "rollout/ep_len_mean": 13.0, "time/fps": 3339, "time/time_elapsed": 122, "time/total_timesteps": 410000}
{"rollout/ep_rew_mean": -12245208.4744706, "rollout/ep_len_mean": 417.2, "time/fps": 3339, "time/time_elapsed": 125, "time/total_timesteps": 420000}
{"rollout/ep_rew_mean": -17300578.792028856, "rollout/ep_len_mean": 583.7142857142857, "time/fps": 3339, "time/time_elapsed": 128, "time/total_timesteps": 430000}
{"rollout/ep_rew_mean": -17537736.170571502, "rollout/ep_len_mean": 593.25, "time/fps": 3339, "time/time_elapsed": 131,