{"rollout/ep_rew_mean": -29936273.2243075, "rollout/ep_len_mean": 1000.0, "time/fps": 3030, "time/time_elapsed": 3, "time/total_timesteps": 10000}
{"rollout/ep_rew_mean": -19958437.552192833, "rollout/ep_len_mean": 670.3333333333334, "time/fps": 3028, "time/time_elapsed": 6, "time/total_timesteps": 20000}
{"rollout/ep_rew_mean": -20912400.4339192, "rollout/ep_len_mean": 703.0, "time/fps": 3033, "time/time_elapsed": 9, "time/total_timesteps": 30000}
{"rollout/ep_rew_mean": -20724445.789523922, "rollout/ep_len_mean": 695.4615384615385, "time/fps": 3033, "time/time_elapsed": 13, "time/total_timesteps": 40000}
{"train/iterations": 0, "train/delta_std": 0.05, "train/learning_rate": 0.0018, "train/step_size": 1.511215805272137e-11, "rollout/return_std": 14888675.0, "rollout/ep_rew_mean": -29954848.942114502, "rollout/ep_len_mean": 1000.0, "time/fps": 3003, "time/time_elapsed": 16, "time/total_timesteps": 50000}
{"rollout/ep_rew_mean": -17350942.394125715, "rollout/ep_len_mean": 581.7142857142857, "time/fps": 3001, "time/time_elapsed": 19, "time/total_timesteps": 60000}
{"rollout/ep_rew_mean": -17635327.622650668, "rollout/ep_len_mean": 592.1666666666666, "time/fps": 3006, "time/time_elapsed": 23, "time/total_timesteps": 70000}
{"rollout/ep_rew_mean": -19409213.252967786, "rollout/ep_len_mean": 650.4285714285714, "time/fps": 3011, "time/time_elapsed": 26, "time/total_timesteps": 80000}
{"train/iterations": 1, "train/delta_std": 0.05, "train/learning_rate": 0.0018, "train/step_size": 1.5151189330930848e-11, "rollout/return_std": 14850319.0, "rollout/ep_rew_mean": -29896553.459966, "rollout/ep_len_mean": 1000.0, "time/fps": 3015, "time/time_elapsed": 29, "time/total_timesteps": 90000}
{"rollout/ep_rew_mean": -29904740.6079275, "rollout/ep_len_mean": 1000.0, "time/fps": 3019, "time/time_elapsed": 33, "time/total_timesteps": 100000}
{"rollout/ep_rew_mean": -26165313.661702, "rollout/ep_len_mean": 876.25, "time/fps": 3021, "time/time_elapsed": 36, "time/total_timesteps": 110000}
{"rollout/ep_rew_mean": -26931213.689310897, "rollout/ep_len_mean": 901.0, "time/fps": 3023, "time/time_elapsed": 39, "time/total_timesteps": 120000}
{"rollout/ep_rew_mean": -27629087.079167925, "rollout/ep_len_mean": 923.8461538461538, "time/fps": 3026, "time/time_elapsed": 42, "time/total_timesteps": 130000}
{"train/iterations": 2, "train/delta_std": 0.05, "train/learning_rate": 0.0018, "train/step_size": 2.2105641969694112e-11, "rollout/return_std": 10178397.0, "rollout/ep_rew_mean": -291062.950113, "rollout/ep_len_mean": 16.5, "time/fps": 3028, "time/time_elapsed": 46, "time/total_timesteps": 140000}
{"rollout/ep_rew_mean": -11272467.244146125, "rollout/ep_len_mean": 383.375, "time/fps": 3030, "time/time_elapsed": 49, "time/total_timesteps": 150000}
{"rollout/ep_rew_mean": -14992304.8005079, "rollout/ep_len_mean": 506.7, "time/fps": 3032, "time/time_elapsed": 52, "time/total_timesteps": 160000}
{"rollout/ep_rew_mean": -18455633.786213003, "rollout/ep_len_mean": 620.5384615384615, "time/fps": 3033, "time/time_elapsed": 56, "time/total_timesteps": 170000}
{"rollout/ep_rew_mean": -19978711.60837267, "rollout/ep_len_mean": 671.1333333333333, "time/fps": 3035, "time/time_elapsed": 59, "time/total_timesteps": 180000}
{"train/iterations": 3, "train/delta_std": 0.05, "train/learning_rate": 0.0018, "train/step_size": 1.5833119537678186e-11, "rollout/return_std": 14210717.0, "rollout/ep_rew_mean": -19856261.25489, "rollout/ep_len_mean": 669.6666666666666, "time/fps": 3036, "time/time_elapsed": 62, "time/total_timesteps": 190000}
{"rollout/ep_rew_mean": -19944527.805114664, "rollout/ep_len_mean": 672.0, "time/fps": 3037, "time/time_elapsed": 65, "time/total_timesteps": 200000}
{"rollout/ep_rew_mean": -20956392.2082263, "rollout/ep_len_mean": 703.8, "time/fps": 3038, "time/time_elapsed": 69, "time/total_timesteps": 210000}
{"rollout/ep_rew_mean": -22438617.964146417, "rollout/ep_len_mean": 753.1666666666666, "time/fps": 3039, "time/time_elapsed": 72, "time/total_timesteps": 220000}
{"train/iterations": 4, "train/delta_std": 0.05, "train/learning_rate": 0.0018, "train/step_size": 1.700197621579136e-11, "rollout/return_std": 13233756.0, "time/fps": 3040, "time/time_elapsed": 75, "time/total_timesteps": 230000}
{"rollout/ep_rew_mean": -29887168.014334, "rollout/ep_len_mean": 1000.0, "time/fps": 3038, "time/time_elapsed": 78, "time/total_timesteps": 240000}
{"rollout/ep_rew_mean": -21330163.370431285, "rollout/ep_len_mean": 717.0, "time/fps": 3039, "time/time_elapsed": 82, "time/total_timesteps": 250000}
{"rollout/ep_rew_mean": -19019230.437989, "rollout/ep_len_mean": 640.5454545454545, "time/fps": 3040, "time/time_elapsed": 85, "time/total_timesteps": 260000}
{"rollout/ep_rew_mean": -21382434.340484858, "rollout/ep_len_mean": 717.5714285714286, "time/fps": 3040, "time/time_elapsed": 88, "time/total_timesteps": 270000}
{"train/iterations": 5, "train/delta_std": 0.05, "train/learning_rate": 0.0018, "train/step_size": 1.584168560220256e-11, "rollout/return_std": 14203033.0, "rollout/ep_rew_mean": -29972394.833446, "rollout/ep_len_mean": 1000.0, "time/fps": 3030, "time/time_elapsed": 92, "time/total_timesteps": 280000}
{"rollout/ep_rew_mean": -24026756.3090634, "rollout/ep_len_mean": 801.2, "time/fps": 3020, "time/time_elapsed": 96, "time/total_timesteps": 290000}
{"rollout/ep_rew_mean": -20049843.282502554, "rollout/ep_len_mean": 671.4444444444445, "time/fps": 3010, "time/time_elapsed": 99, "time/total_timesteps": 300000}
{"rollout/ep_rew_mean": -20780631.427919075, "rollout/ep_len_mean": 697.3076923076923, "time/fps": 2995, "time/time_elapsed": 103, "time/total_timesteps": 310000}
{"rollout/ep_rew_mean": -22002507.722090267, "rollout/ep_len_mean": 737.6666666666666, "time/fps": 2978, "time/time_elapsed": 107, "time/total_timesteps": 320000}
{"train/iterations": 6, "train/delta_std": 0.05, "train/learning_rate": 0.0018, "train/step_size": 1.695516296806865e-11, "rollout/return_std": 13270293.0, "rollout/ep_rew_mean": -29868453.130132, "rollout/ep_len_mean": 1000.0, "time/fps": 2969, "time/time_elapsed": 111, "time/total_timesteps": 330000}
{"rollout/ep_rew_mean": -29964958.610019002, "rollout/ep_len_mean": 1000.0, "time/fps": 2963, "time/time_elapsed": 114, "time/total_timesteps": 340000}
{"rollout/ep_rew_mean": -25905943.183743004, "rollout/ep_len_mean": 869.2857142857143, "time/fps": 2957, "time/time_elapsed": 118, "time/total_timesteps": 350000}
{"rollout/ep_rew_mean": -27055519.267774798, "rollout/ep_len_mean": 908.5, "time/fps": 2949, "time/time_elapsed": 122, "time/total_timesteps": 360000}
{"rollout/ep_rew_mean": -25410882.693414535, "rollout/ep_len_mean": 853.3846153846154, "time/fps": 2942, "time/time_elapsed": 125, "time/total_timesteps": 370000}
{"train/iterations": 7, "train/delta_std": 0.05, "train/learning_rate": 0.0018, "train/step_size": 2.2710864439057232e-11, "rollout/return_std": 9907152.0, "time/fps": 2931, "time/time_elapsed": 129, "time/total_timesteps": 380000}
{"rollout/ep_rew_mean": -29710980.651293002, "rollout/ep_len_mean": 1000.0, "time/fps": 2916, "time/time_elapsed": 133, "time/total_timesteps": 390000}
{"rollout/ep_rew_mean": -29823564.097485196, "rollout/ep_len_mean": 1000.0, "time/fps": 2905, "time/time_elapsed": 137, "time/total_timesteps": 400000}
{"rollout/ep_rew_mean": -20988858.088451304, "rollout/ep_len_mean": 704.6, "time/fps": 2895, "time/time_elapsed": 141, "time/total_timesteps": 410000}
{"rollout/ep_rew_mean": -23061958.428933464, "rollout/ep_len_mean": 772.7692307692307, "time/fps": 2873, "time/time_elapsed": 146, "time/total_timesteps": 420000}
{"rollout/ep_rew_mean": -23970781.599745203, "rollout/ep_len_mean": 803.0666666666667, "time/fps": 2866, "time/time_elapsed": 150, "time/total_timesteps": 430000}
{"train/iterations": 8, "train/delta_std": 0.05, "train/learning_rate": 0.0018, "train/step_size": 1.8797643996926183e-11, "rollout/return_std": 11969584.0, "rollout/ep_rew_mean": -29397767.317511998, "rollout/ep_len_mean": 1000.0, "time/fps": 2857,